# -*- coding: utf-8 -*-

# Resource object code
#
# Created by: The Resource Compiler for PyQt5 (Qt v5.9.5)
#
# WARNING! All changes made in this file will be lost!

from PySide6 import QtCore

qt_resource_data = b"\
\x00\x00\x0a\xde\
\x89\
\x50\x4e\x47\x0d\x0a\x1a\x0a\x00\x00\x00\x0d\x49\x48\x44\x52\x00\
\x00\x00\x30\x00\x00\x00\x64\x08\x06\x00\x00\x00\xc0\x1d\xb3\x66\
\x00\x00\x00\x09\x70\x48\x59\x73\x00\x00\x0b\x13\x00\x00\x0b\x13\
\x01\x00\x9a\x9c\x18\x00\x00\x06\xbe\x69\x54\x58\x74\x58\x4d\x4c\
\x3a\x63\x6f\x6d\x2e\x61\x64\x6f\x62\x65\x2e\x78\x6d\x70\x00\x00\
\x00\x00\x00\x3c\x3f\x78\x70\x61\x63\x6b\x65\x74\x20\x62\x65\x67\
\x69\x6e\x3d\x22\xef\xbb\xbf\x22\x20\x69\x64\x3d\x22\x57\x35\x4d\
\x30\x4d\x70\x43\x65\x68\x69\x48\x7a\x72\x65\x53\x7a\x4e\x54\x63\
\x7a\x6b\x63\x39\x64\x22\x3f\x3e\x20\x3c\x78\x3a\x78\x6d\x70\x6d\
\x65\x74\x61\x20\x78\x6d\x6c\x6e\x73\x3a\x78\x3d\x22\x61\x64\x6f\
\x62\x65\x3a\x6e\x73\x3a\x6d\x65\x74\x61\x2f\x22\x20\x78\x3a\x78\
\x6d\x70\x74\x6b\x3d\x22\x41\x64\x6f\x62\x65\x20\x58\x4d\x50\x20\
\x43\x6f\x72\x65\x20\x36\x2e\x30\x2d\x63\x30\x30\x32\x20\x37\x39\
\x2e\x31\x36\x34\x34\x36\x30\x2c\x20\x32\x30\x32\x30\x2f\x30\x35\
\x2f\x31\x32\x2d\x31\x36\x3a\x30\x34\x3a\x31\x37\x20\x20\x20\x20\
\x20\x20\x20\x20\x22\x3e\x20\x3c\x72\x64\x66\x3a\x52\x44\x46\x20\
\x78\x6d\x6c\x6e\x73\x3a\x72\x64\x66\x3d\x22\x68\x74\x74\x70\x3a\
\x2f\x2f\x77\x77\x77\x2e\x77\x33\x2e\x6f\x72\x67\x2f\x31\x39\x39\
\x39\x2f\x30\x32\x2f\x32\x32\x2d\x72\x64\x66\x2d\x73\x79\x6e\x74\
\x61\x78\x2d\x6e\x73\x23\x22\x3e\x20\x3c\x72\x64\x66\x3a\x44\x65\
\x73\x63\x72\x69\x70\x74\x69\x6f\x6e\x20\x72\x64\x66\x3a\x61\x62\
\x6f\x75\x74\x3d\x22\x22\x20\x78\x6d\x6c\x6e\x73\x3a\x78\x6d\x70\
\x3d\x22\x68\x74\x74\x70\x3a\x2f\x2f\x6e\x73\x2e\x61\x64\x6f\x62\
\x65\x2e\x63\x6f\x6d\x2f\x78\x61\x70\x2f\x31\x2e\x30\x2f\x22\x20\
\x78\x6d\x6c\x6e\x73\x3a\x64\x63\x3d\x22\x68\x74\x74\x70\x3a\x2f\
\x2f\x70\x75\x72\x6c\x2e\x6f\x72\x67\x2f\x64\x63\x2f\x65\x6c\x65\
\x6d\x65\x6e\x74\x73\x2f\x31\x2e\x31\x2f\x22\x20\x78\x6d\x6c\x6e\
\x73\x3a\x70\x68\x6f\x74\x6f\x73\x68\x6f\x70\x3d\x22\x68\x74\x74\
\x70\x3a\x2f\x2f\x6e\x73\x2e\x61\x64\x6f\x62\x65\x2e\x63\x6f\x6d\
\x2f\x70\x68\x6f\x74\x6f\x73\x68\x6f\x70\x2f\x31\x2e\x30\x2f\x22\
\x20\x78\x6d\x6c\x6e\x73\x3a\x78\x6d\x70\x4d\x4d\x3d\x22\x68\x74\
\x74\x70\x3a\x2f\x2f\x6e\x73\x2e\x61\x64\x6f\x62\x65\x2e\x63\x6f\
\x6d\x2f\x78\x61\x70\x2f\x31\x2e\x30\x2f\x6d\x6d\x2f\x22\x20\x78\
\x6d\x6c\x6e\x73\x3a\x73\x74\x45\x76\x74\x3d\x22\x68\x74\x74\x70\
\x3a\x2f\x2f\x6e\x73\x2e\x61\x64\x6f\x62\x65\x2e\x63\x6f\x6d\x2f\
\x78\x61\x70\x2f\x31\x2e\x30\x2f\x73\x54\x79\x70\x65\x2f\x52\x65\
\x73\x6f\x75\x72\x63\x65\x45\x76\x65\x6e\x74\x23\x22\x20\x78\x6d\
\x70\x3a\x43\x72\x65\x61\x74\x6f\x72\x54\x6f\x6f\x6c\x3d\x22\x41\
\x64\x6f\x62\x65\x20\x50\x68\x6f\x74\x6f\x73\x68\x6f\x70\x20\x32\
\x31\x2e\x32\x20\x28\x57\x69\x6e\x64\x6f\x77\x73\x29\x22\x20\x78\
\x6d\x70\x3a\x43\x72\x65\x61\x74\x65\x44\x61\x74\x65\x3d\x22\x32\
\x30\x32\x31\x2d\x30\x31\x2d\x32\x37\x54\x31\x34\x3a\x33\x30\x3a\
\x32\x30\x2b\x30\x34\x3a\x30\x30\x22\x20\x78\x6d\x70\x3a\x4d\x6f\
\x64\x69\x66\x79\x44\x61\x74\x65\x3d\x22\x32\x30\x32\x31\x2d\x30\
\x33\x2d\x32\x37\x54\x31\x36\x3a\x33\x35\x3a\x32\x37\x2b\x30\x34\
\x3a\x30\x30\x22\x20\x78\x6d\x70\x3a\x4d\x65\x74\x61\x64\x61\x74\
\x61\x44\x61\x74\x65\x3d\x22\x32\x30\x32\x31\x2d\x30\x33\x2d\x32\
\x37\x54\x31\x36\x3a\x33\x35\x3a\x32\x37\x2b\x30\x34\x3a\x30\x30\
\x22\x20\x64\x63\x3a\x66\x6f\x72\x6d\x61\x74\x3d\x22\x69\x6d\x61\
\x67\x65\x2f\x70\x6e\x67\x22\x20\x70\x68\x6f\x74\x6f\x73\x68\x6f\
\x70\x3a\x43\x6f\x6c\x6f\x72\x4d\x6f\x64\x65\x3d\x22\x33\x22\x20\
\x70\x68\x6f\x74\x6f\x73\x68\x6f\x70\x3a\x49\x43\x43\x50\x72\x6f\
\x66\x69\x6c\x65\x3d\x22\x73\x52\x47\x42\x20\x49\x45\x43\x36\x31\
\x39\x36\x36\x2d\x32\x2e\x31\x22\x20\x78\x6d\x70\x4d\x4d\x3a\x49\
\x6e\x73\x74\x61\x6e\x63\x65\x49\x44\x3d\x22\x78\x6d\x70\x2e\x69\
\x69\x64\x3a\x31\x31\x64\x37\x38\x32\x34\x33\x2d\x30\x31\x32\x65\
\x2d\x61\x34\x34\x37\x2d\x61\x63\x61\x64\x2d\x66\x37\x30\x38\x31\
\x65\x66\x63\x66\x34\x62\x65\x22\x20\x78\x6d\x70\x4d\x4d\x3a\x44\
\x6f\x63\x75\x6d\x65\x6e\x74\x49\x44\x3d\x22\x61\x64\x6f\x62\x65\
\x3a\x64\x6f\x63\x69\x64\x3a\x70\x68\x6f\x74\x6f\x73\x68\x6f\x70\
\x3a\x61\x30\x62\x32\x66\x31\x34\x32\x2d\x32\x38\x32\x65\x2d\x34\
\x63\x34\x31\x2d\x38\x38\x38\x37\x2d\x61\x34\x62\x39\x39\x32\x37\
\x36\x32\x32\x65\x36\x22\x20\x78\x6d\x70\x4d\x4d\x3a\x4f\x72\x69\
\x67\x69\x6e\x61\x6c\x44\x6f\x63\x75\x6d\x65\x6e\x74\x49\x44\x3d\
\x22\x78\x6d\x70\x2e\x64\x69\x64\x3a\x33\x35\x65\x34\x32\x37\x37\
\x61\x2d\x61\x61\x66\x37\x2d\x32\x61\x34\x32\x2d\x61\x38\x63\x33\
\x2d\x64\x36\x39\x66\x37\x31\x33\x64\x37\x61\x62\x65\x22\x3e\x20\
\x3c\x78\x6d\x70\x4d\x4d\x3a\x48\x69\x73\x74\x6f\x72\x79\x3e\x20\
\x3c\x72\x64\x66\x3a\x53\x65\x71\x3e\x20\x3c\x72\x64\x66\x3a\x6c\
\x69\x20\x73\x74\x45\x76\x74\x3a\x61\x63\x74\x69\x6f\x6e\x3d\x22\
\x63\x72\x65\x61\x74\x65\x64\x22\x20\x73\x74\x45\x76\x74\x3a\x69\
\x6e\x73\x74\x61\x6e\x63\x65\x49\x44\x3d\x22\x78\x6d\x70\x2e\x69\
\x69\x64\x3a\x33\x35\x65\x34\x32\x37\x37\x61\x2d\x61\x61\x66\x37\
\x2d\x32\x61\x34\x32\x2d\x61\x38\x63\x33\x2d\x64\x36\x39\x66\x37\
\x31\x33\x64\x37\x61\x62\x65\x22\x20\x73\x74\x45\x76\x74\x3a\x77\
\x68\x65\x6e\x3d\x22\x32\x30\x32\x31\x2d\x30\x31\x2d\x32\x37\x54\
\x31\x34\x3a\x33\x30\x3a\x32\x30\x2b\x30\x34\x3a\x30\x30\x22\x20\
\x73\x74\x45\x76\x74\x3a\x73\x6f\x66\x74\x77\x61\x72\x65\x41\x67\
\x65\x6e\x74\x3d\x22\x41\x64\x6f\x62\x65\x20\x50\x68\x6f\x74\x6f\
\x73\x68\x6f\x70\x20\x32\x31\x2e\x32\x20\x28\x57\x69\x6e\x64\x6f\
\x77\x73\x29\x22\x2f\x3e\x20\x3c\x72\x64\x66\x3a\x6c\x69\x20\x73\
\x74\x45\x76\x74\x3a\x61\x63\x74\x69\x6f\x6e\x3d\x22\x73\x61\x76\
\x65\x64\x22\x20\x73\x74\x45\x76\x74\x3a\x69\x6e\x73\x74\x61\x6e\
\x63\x65\x49\x44\x3d\x22\x78\x6d\x70\x2e\x69\x69\x64\x3a\x34\x61\
\x34\x36\x32\x32\x63\x64\x2d\x38\x31\x62\x36\x2d\x36\x64\x34\x36\
\x2d\x62\x64\x61\x35\x2d\x62\x38\x64\x39\x66\x39\x39\x33\x37\x32\
\x66\x31\x22\x20\x73\x74\x45\x76\x74\x3a\x77\x68\x65\x6e\x3d\x22\
\x32\x30\x32\x31\x2d\x30\x31\x2d\x32\x37\x54\x31\x36\x3a\x30\x31\
\x3a\x34\x31\x2b\x30\x34\x3a\x30\x30\x22\x20\x73\x74\x45\x76\x74\
\x3a\x73\x6f\x66\x74\x77\x61\x72\x65\x41\x67\x65\x6e\x74\x3d\x22\
\x41\x64\x6f\x62\x65\x20\x50\x68\x6f\x74\x6f\x73\x68\x6f\x70\x20\
\x32\x31\x2e\x32\x20\x28\x57\x69\x6e\x64\x6f\x77\x73\x29\x22\x20\
\x73\x74\x45\x76\x74\x3a\x63\x68\x61\x6e\x67\x65\x64\x3d\x22\x2f\
\x22\x2f\x3e\x20\x3c\x72\x64\x66\x3a\x6c\x69\x20\x73\x74\x45\x76\
\x74\x3a\x61\x63\x74\x69\x6f\x6e\x3d\x22\x73\x61\x76\x65\x64\x22\
\x20\x73\x74\x45\x76\x74\x3a\x69\x6e\x73\x74\x61\x6e\x63\x65\x49\
\x44\x3d\x22\x78\x6d\x70\x2e\x69\x69\x64\x3a\x31\x31\x64\x37\x38\
\x32\x34\x33\x2d\x30\x31\x32\x65\x2d\x61\x34\x34\x37\x2d\x61\x63\
\x61\x64\x2d\x66\x37\x30\x38\x31\x65\x66\x63\x66\x34\x62\x65\x22\
\x20\x73\x74\x45\x76\x74\x3a\x77\x68\x65\x6e\x3d\x22\x32\x30\x32\
\x31\x2d\x30\x33\x2d\x32\x37\x54\x31\x36\x3a\x33\x35\x3a\x32\x37\
\x2b\x30\x34\x3a\x30\x30\x22\x20\x73\x74\x45\x76\x74\x3a\x73\x6f\
\x66\x74\x77\x61\x72\x65\x41\x67\x65\x6e\x74\x3d\x22\x41\x64\x6f\
\x62\x65\x20\x50\x68\x6f\x74\x6f\x73\x68\x6f\x70\x20\x32\x31\x2e\
\x32\x20\x28\x57\x69\x6e\x64\x6f\x77\x73\x29\x22\x20\x73\x74\x45\
\x76\x74\x3a\x63\x68\x61\x6e\x67\x65\x64\x3d\x22\x2f\x22\x2f\x3e\
\x20\x3c\x2f\x72\x64\x66\x3a\x53\x65\x71\x3e\x20\x3c\x2f\x78\x6d\
\x70\x4d\x4d\x3a\x48\x69\x73\x74\x6f\x72\x79\x3e\x20\x3c\x2f\x72\
\x64\x66\x3a\x44\x65\x73\x63\x72\x69\x70\x74\x69\x6f\x6e\x3e\x20\
\x3c\x2f\x72\x64\x66\x3a\x52\x44\x46\x3e\x20\x3c\x2f\x78\x3a\x78\
\x6d\x70\x6d\x65\x74\x61\x3e\x20\x3c\x3f\x78\x70\x61\x63\x6b\x65\
\x74\x20\x65\x6e\x64\x3d\x22\x72\x22\x3f\x3e\x2c\x9b\x6e\x7e\x00\
\x00\x03\xc6\x49\x44\x41\x54\x78\xda\xed\x9b\x4b\x68\x5c\x65\x18\
\x86\x9f\x9c\xb9\x5f\x32\x93\xb9\x38\xf7\x84\x5c\x8c\xb8\x90\x56\
\xb2\x88\x11\x2d\xd5\x40\x35\x96\x52\x8b\x8b\x52\x6c\x45\x4a\x54\
\x44\x62\x37\xb5\xa0\x14\x05\x1b\xe8\xc6\x8a\x5a\x8a\x96\xb6\x3b\
\x2f\x54\x41\xa1\x52\x5c\x58\x5a\x28\x5d\xb4\x82\x0b\xb1\x8d\x28\
\xf4\x42\x17\xb6\x11\x51\x17\x6e\x44\xc4\xcf\x85\xf9\x73\xd2\x34\
\x9d\x99\x33\x39\x73\xe6\x0c\x7c\x1f\x7c\xbb\x81\xff\x7d\x0e\xe7\
\x3f\xff\xfb\xbd\xe7\x0c\xb8\x53\xb3\x80\x00\x37\x9b\xe8\xf9\x85\
\xdf\x4e\xe3\xa3\x3a\xb8\x20\xca\x49\xef\xf2\x13\xc0\x7b\x80\xec\
\xef\xcb\xcb\x0f\xe5\xc1\xba\xfd\x7c\x32\xed\x6f\x80\xdf\x6a\x77\
\xd7\x6d\x05\x50\x00\x05\x50\x00\x05\x50\x00\x05\x50\x00\x05\x50\
\x00\x05\x50\x00\x05\x50\x00\x05\x50\x00\x05\x50\x00\x05\x50\x00\
\x05\x50\x00\x05\x50\x00\x05\x50\x00\x05\x50\x00\x05\x50\x00\x05\
\x50\x00\x05\x50\x00\x05\x50\x00\x05\x50\x00\x05\x50\x80\x55\xd5\
\xbb\xcd\x02\x4c\x27\x16\x01\x66\xdc\x5a\x7c\x12\x78\x18\x18\x07\
\x1e\x70\xd8\xe3\x40\x01\xf8\x14\x90\x63\xd9\x52\x43\x80\xd9\x74\
\xce\x00\xbc\x0d\xe4\x5a\x58\xd3\xac\x3b\x09\xac\x07\xf8\x1c\xe7\
\x5f\xdd\xde\xd6\x59\x2b\x20\x73\xe5\xc1\x86\x00\xa7\x0a\x35\x71\
\x63\xbd\x25\x17\x81\x51\xe0\x5f\x40\xc6\x42\x11\x19\x0b\x85\x1d\
\x75\xce\xb2\x64\x53\x34\x21\x73\x95\xa1\x86\xe2\x17\x21\x8a\xfd\
\xf2\x44\x34\x2e\x99\x1e\xcb\xf1\x7a\x63\xa1\x88\x11\xff\x33\x10\
\x33\xb7\xd1\x1b\x80\x4c\x44\x62\x4d\x8b\xe8\x44\x5f\xab\x0c\x4b\
\x2d\x10\x34\x00\x3b\x96\xef\x85\x39\x40\xf6\x35\xb1\x11\x3b\xd5\
\xcf\xf5\xf6\x19\xf1\x27\x57\xda\xcc\x5b\x00\x29\x58\x01\xf9\xc9\
\xc1\xed\xe0\x55\x7f\x7d\xeb\xde\xb9\xff\x4e\x4f\xa4\x2f\x00\xd9\
\x9e\x4c\xf9\x0e\x60\x2a\x96\x30\xe2\x0f\xd4\x7b\xa4\xde\x63\x28\
\xcf\x15\x07\x7c\x23\xfe\xa3\x7c\xc5\x88\xff\x03\xc8\x36\x3a\x17\
\xde\x07\x64\x63\x2c\xe9\x1b\x80\xf1\x48\xd4\x00\xbc\xd2\xcc\xc1\
\x96\x07\x7e\x07\xe4\x70\xae\xd4\x71\xf1\xaf\xda\x07\xdf\x77\x4e\
\x4e\xe7\x17\x01\x59\x1b\x8a\x74\x54\xfc\xa5\xf2\xa0\x64\x2c\xcb\
\x00\x6c\x70\x6a\x31\xbe\x01\x64\x77\x3a\xdb\x31\x80\xad\x89\x94\
\x11\x7f\xbc\x15\x8f\xf4\x08\x20\x21\x7a\xe4\x42\xc9\xfb\x0d\x7d\
\xdc\xde\xb8\x7f\x03\x43\xad\x1a\xbd\xa3\x80\x3c\x15\xef\xf5\x1c\
\xe0\xd1\x68\xdc\x00\xbc\xb6\x1a\xa7\x5a\x03\xfe\x02\xe4\x64\xa1\
\xe6\x99\xf8\x43\xd9\xa2\x11\x7f\x03\x88\xaf\xd6\x6e\xef\x07\xe4\
\x21\x8f\x7c\xd2\x7c\x75\x44\x46\x83\x61\x03\xe0\xca\x9f\xe5\x82\
\xc0\x55\x40\x0e\x64\x0a\x6d\x07\x78\x39\x95\x31\xe2\xcf\xb8\x39\
\x71\x6d\x07\x64\x20\x10\x94\xeb\xd5\xe1\xb6\x89\x3f\x5b\xec\x5f\
\xea\x77\x1e\x74\x7b\x6c\xfc\x0a\x90\xe9\x64\xba\x6d\x00\x8f\xdb\
\x7e\xe7\x50\x3b\xe6\xde\x35\xe6\xea\x9c\x2e\xf6\xbb\x2e\xfe\x58\
\xae\x64\xc4\xff\x0a\xf4\xb5\x6b\x78\x7f\x07\x90\xc7\x62\x09\xd7\
\x01\x26\x6c\xbf\x33\x43\x1b\x2b\xbd\x70\x85\xe4\xc3\x7c\xd9\x35\
\xf1\x6f\xf6\xe5\x8d\xf8\x39\x2f\x22\x94\xdd\xff\x8f\x9f\x51\x57\
\xc4\x5f\xa9\x0c\x4b\xc5\x1e\x13\x9f\xf4\x2a\x07\xba\x08\xc8\x5e\
\x17\xc6\xcf\x67\xec\xa0\xeb\x4b\x2f\x83\xac\x29\x40\xd2\x96\x25\
\xdf\x37\x11\xa5\xdc\xa9\x4f\xdc\x3a\x26\xde\xeb\x75\x1a\xf7\x09\
\x20\xdb\x12\xad\x8f\x9f\xeb\x6c\xbf\xb3\xaf\x13\x71\xe2\x08\xf0\
\x0f\x20\x9f\xdd\x55\x75\x2c\xfe\xad\x4c\xc1\x88\xbf\x0e\x84\x3b\
\x95\x89\xee\x6d\xd5\x27\xad\xb1\x03\xaa\xa7\x3b\x19\xea\x06\x80\
\x6b\x80\x7c\x90\x6d\x7e\xfc\xdc\x93\xca\x1a\xf1\xe7\xfd\x90\x4c\
\xbf\x00\xc8\x68\x30\x2c\xf3\xd5\x91\x86\xe2\x2f\x94\x06\x24\x44\
\x8f\x01\x98\xf4\x4b\xbc\x7e\x06\x90\x99\x54\xa6\x21\xc0\xe6\x78\
\xaf\x11\x7f\xd4\x4f\xef\x07\x26\x00\x09\xd2\x23\xe7\xeb\xe4\x49\
\x1f\xdb\x63\xe2\x9f\x40\x09\x9f\xd5\x11\x40\xa6\xea\xf8\xa4\xb1\
\xf0\xa2\xdf\xd9\x83\x0f\x2b\x63\x7c\xd2\x91\x15\xf2\xa4\xd7\xed\
\x7c\xe7\x5b\x7c\x5c\x2f\xad\xe4\x93\x6e\x54\x47\x64\x38\x18\x32\
\x00\x1b\xf1\x79\xdd\x16\xd3\x4f\x27\x17\x63\xf1\x53\x74\x41\x6d\
\x01\xa4\x1c\x08\xca\xe5\xca\xd0\xf2\x58\x7c\x2d\x5d\x52\x27\x00\
\xd9\x99\x4c\xcb\x86\x68\x73\xb1\xb8\xdf\xea\xbe\x65\x2f\xe3\x7e\
\x01\x52\x74\x59\xcd\x2e\x01\x78\x96\x2e\xac\xf0\x82\xf8\x1f\xe9\
\xe2\xda\xb5\xd2\xdb\x44\x37\xeb\x3f\x0c\x92\x95\x00\x06\x68\x45\
\x40\x00\x00\x00\x00\x49\x45\x4e\x44\xae\x42\x60\x82\
\x00\x00\x0a\xdc\
\x89\
\x50\x4e\x47\x0d\x0a\x1a\x0a\x00\x00\x00\x0d\x49\x48\x44\x52\x00\
\x00\x00\x30\x00\x00\x00\x64\x08\x06\x00\x00\x00\xc0\x1d\xb3\x66\
\x00\x00\x00\x09\x70\x48\x59\x73\x00\x00\x0b\x13\x00\x00\x0b\x13\
\x01\x00\x9a\x9c\x18\x00\x00\x06\xbe\x69\x54\x58\x74\x58\x4d\x4c\
\x3a\x63\x6f\x6d\x2e\x61\x64\x6f\x62\x65\x2e\x78\x6d\x70\x00\x00\
\x00\x00\x00\x3c\x3f\x78\x70\x61\x63\x6b\x65\x74\x20\x62\x65\x67\
\x69\x6e\x3d\x22\xef\xbb\xbf\x22\x20\x69\x64\x3d\x22\x57\x35\x4d\
\x30\x4d\x70\x43\x65\x68\x69\x48\x7a\x72\x65\x53\x7a\x4e\x54\x63\
\x7a\x6b\x63\x39\x64\x22\x3f\x3e\x20\x3c\x78\x3a\x78\x6d\x70\x6d\
\x65\x74\x61\x20\x78\x6d\x6c\x6e\x73\x3a\x78\x3d\x22\x61\x64\x6f\
\x62\x65\x3a\x6e\x73\x3a\x6d\x65\x74\x61\x2f\x22\x20\x78\x3a\x78\
\x6d\x70\x74\x6b\x3d\x22\x41\x64\x6f\x62\x65\x20\x58\x4d\x50\x20\
\x43\x6f\x72\x65\x20\x36\x2e\x30\x2d\x63\x30\x30\x32\x20\x37\x39\
\x2e\x31\x36\x34\x34\x36\x30\x2c\x20\x32\x30\x32\x30\x2f\x30\x35\
\x2f\x31\x32\x2d\x31\x36\x3a\x30\x34\x3a\x31\x37\x20\x20\x20\x20\
\x20\x20\x20\x20\x22\x3e\x20\x3c\x72\x64\x66\x3a\x52\x44\x46\x20\
\x78\x6d\x6c\x6e\x73\x3a\x72\x64\x66\x3d\x22\x68\x74\x74\x70\x3a\
\x2f\x2f\x77\x77\x77\x2e\x77\x33\x2e\x6f\x72\x67\x2f\x31\x39\x39\
\x39\x2f\x30\x32\x2f\x32\x32\x2d\x72\x64\x66\x2d\x73\x79\x6e\x74\
\x61\x78\x2d\x6e\x73\x23\x22\x3e\x20\x3c\x72\x64\x66\x3a\x44\x65\
\x73\x63\x72\x69\x70\x74\x69\x6f\x6e\x20\x72\x64\x66\x3a\x61\x62\
\x6f\x75\x74\x3d\x22\x22\x20\x78\x6d\x6c\x6e\x73\x3a\x78\x6d\x70\
\x3d\x22\x68\x74\x74\x70\x3a\x2f\x2f\x6e\x73\x2e\x61\x64\x6f\x62\
\x65\x2e\x63\x6f\x6d\x2f\x78\x61\x70\x2f\x31\x2e\x30\x2f\x22\x20\
\x78\x6d\x6c\x6e\x73\x3a\x64\x63\x3d\x22\x68\x74\x74\x70\x3a\x2f\
\x2f\x70\x75\x72\x6c\x2e\x6f\x72\x67\x2f\x64\x63\x2f\x65\x6c\x65\
\x6d\x65\x6e\x74\x73\x2f\x31\x2e\x31\x2f\x22\x20\x78\x6d\x6c\x6e\
\x73\x3a\x70\x68\x6f\x74\x6f\x73\x68\x6f\x70\x3d\x22\x68\x74\x74\
\x70\x3a\x2f\x2f\x6e\x73\x2e\x61\x64\x6f\x62\x65\x2e\x63\x6f\x6d\
\x2f\x70\x68\x6f\x74\x6f\x73\x68\x6f\x70\x2f\x31\x2e\x30\x2f\x22\
\x20\x78\x6d\x6c\x6e\x73\x3a\x78\x6d\x70\x4d\x4d\x3d\x22\x68\x74\
\x74\x70\x3a\x2f\x2f\x6e\x73\x2e\x61\x64\x6f\x62\x65\x2e\x63\x6f\
\x6d\x2f\x78\x61\x70\x2f\x31\x2e\x30\x2f\x6d\x6d\x2f\x22\x20\x78\
\x6d\x6c\x6e\x73\x3a\x73\x74\x45\x76\x74\x3d\x22\x68\x74\x74\x70\
\x3a\x2f\x2f\x6e\x73\x2e\x61\x64\x6f\x62\x65\x2e\x63\x6f\x6d\x2f\
\x78\x61\x70\x2f\x31\x2e\x30\x2f\x73\x54\x79\x70\x65\x2f\x52\x65\
\x73\x6f\x75\x72\x63\x65\x45\x76\x65\x6e\x74\x23\x22\x20\x78\x6d\
\x70\x3a\x43\x72\x65\x61\x74\x6f\x72\x54\x6f\x6f\x6c\x3d\x22\x41\
\x64\x6f\x62\x65\x20\x50\x68\x6f\x74\x6f\x73\x68\x6f\x70\x20\x32\
\x31\x2e\x32\x20\x28\x57\x69\x6e\x64\x6f\x77\x73\x29\x22\x20\x78\
\x6d\x70\x3a\x43\x72\x65\x61\x74\x65\x44\x61\x74\x65\x3d\x22\x32\
\x30\x32\x31\x2d\x30\x31\x2d\x32\x37\x54\x31\x34\x3a\x33\x30\x3a\
\x32\x30\x2b\x30\x34\x3a\x30\x30\x22\x20\x78\x6d\x70\x3a\x4d\x6f\
\x64\x69\x66\x79\x44\x61\x74\x65\x3d\x22\x32\x30\x32\x31\x2d\x30\
\x33\x2d\x32\x37\x54\x31\x36\x3a\x33\x36\x3a\x30\x36\x2b\x30\x34\
\x3a\x30\x30\x22\x20\x78\x6d\x70\x3a\x4d\x65\x74\x61\x64\x61\x74\
\x61\x44\x61\x74\x65\x3d\x22\x32\x30\x32\x31\x2d\x30\x33\x2d\x32\
\x37\x54\x31\x36\x3a\x33\x36\x3a\x30\x36\x2b\x30\x34\x3a\x30\x30\
\x22\x20\x64\x63\x3a\x66\x6f\x72\x6d\x61\x74\x3d\x22\x69\x6d\x61\
\x67\x65\x2f\x70\x6e\x67\x22\x20\x70\x68\x6f\x74\x6f\x73\x68\x6f\
\x70\x3a\x43\x6f\x6c\x6f\x72\x4d\x6f\x64\x65\x3d\x22\x33\x22\x20\
\x70\x68\x6f\x74\x6f\x73\x68\x6f\x70\x3a\x49\x43\x43\x50\x72\x6f\
\x66\x69\x6c\x65\x3d\x22\x73\x52\x47\x42\x20\x49\x45\x43\x36\x31\
\x39\x36\x36\x2d\x32\x2e\x31\x22\x20\x78\x6d\x70\x4d\x4d\x3a\x49\
\x6e\x73\x74\x61\x6e\x63\x65\x49\x44\x3d\x22\x78\x6d\x70\x2e\x69\
\x69\x64\x3a\x61\x30\x36\x38\x34\x61\x63\x35\x2d\x31\x37\x30\x64\
\x2d\x33\x35\x34\x33\x2d\x61\x39\x38\x66\x2d\x62\x37\x34\x32\x66\
\x64\x37\x66\x33\x35\x30\x33\x22\x20\x78\x6d\x70\x4d\x4d\x3a\x44\
\x6f\x63\x75\x6d\x65\x6e\x74\x49\x44\x3d\x22\x61\x64\x6f\x62\x65\
\x3a\x64\x6f\x63\x69\x64\x3a\x70\x68\x6f\x74\x6f\x73\x68\x6f\x70\
\x3a\x65\x36\x30\x33\x30\x32\x33\x39\x2d\x63\x33\x36\x64\x2d\x37\
\x30\x34\x65\x2d\x62\x64\x37\x30\x2d\x65\x65\x32\x34\x61\x31\x39\
\x34\x36\x39\x64\x65\x22\x20\x78\x6d\x70\x4d\x4d\x3a\x4f\x72\x69\
\x67\x69\x6e\x61\x6c\x44\x6f\x63\x75\x6d\x65\x6e\x74\x49\x44\x3d\
\x22\x78\x6d\x70\x2e\x64\x69\x64\x3a\x61\x38\x66\x66\x32\x30\x65\
\x35\x2d\x37\x30\x39\x36\x2d\x36\x37\x34\x33\x2d\x61\x37\x63\x66\
\x2d\x35\x39\x31\x36\x66\x63\x35\x63\x32\x31\x30\x32\x22\x3e\x20\
\x3c\x78\x6d\x70\x4d\x4d\x3a\x48\x69\x73\x74\x6f\x72\x79\x3e\x20\
\x3c\x72\x64\x66\x3a\x53\x65\x71\x3e\x20\x3c\x72\x64\x66\x3a\x6c\
\x69\x20\x73\x74\x45\x76\x74\x3a\x61\x63\x74\x69\x6f\x6e\x3d\x22\
\x63\x72\x65\x61\x74\x65\x64\x22\x20\x73\x74\x45\x76\x74\x3a\x69\
\x6e\x73\x74\x61\x6e\x63\x65\x49\x44\x3d\x22\x78\x6d\x70\x2e\x69\
\x69\x64\x3a\x61\x38\x66\x66\x32\x30\x65\x35\x2d\x37\x30\x39\x36\
\x2d\x36\x37\x34\x33\x2d\x61\x37\x63\x66\x2d\x35\x39\x31\x36\x66\
\x63\x35\x63\x32\x31\x30\x32\x22\x20\x73\x74\x45\x76\x74\x3a\x77\
\x68\x65\x6e\x3d\x22\x32\x30\x32\x31\x2d\x30\x31\x2d\x32\x37\x54\
\x31\x34\x3a\x33\x30\x3a\x32\x30\x2b\x30\x34\x3a\x30\x30\x22\x20\
\x73\x74\x45\x76\x74\x3a\x73\x6f\x66\x74\x77\x61\x72\x65\x41\x67\
\x65\x6e\x74\x3d\x22\x41\x64\x6f\x62\x65\x20\x50\x68\x6f\x74\x6f\
\x73\x68\x6f\x70\x20\x32\x31\x2e\x32\x20\x28\x57\x69\x6e\x64\x6f\
\x77\x73\x29\x22\x2f\x3e\x20\x3c\x72\x64\x66\x3a\x6c\x69\x20\x73\
\x74\x45\x76\x74\x3a\x61\x63\x74\x69\x6f\x6e\x3d\x22\x73\x61\x76\
\x65\x64\x22\x20\x73\x74\x45\x76\x74\x3a\x69\x6e\x73\x74\x61\x6e\
\x63\x65\x49\x44\x3d\x22\x78\x6d\x70\x2e\x69\x69\x64\x3a\x62\x34\
\x38\x63\x61\x32\x63\x31\x2d\x61\x32\x36\x37\x2d\x65\x39\x34\x33\
\x2d\x38\x62\x33\x62\x2d\x62\x62\x33\x64\x66\x34\x34\x39\x38\x37\
\x66\x61\x22\x20\x73\x74\x45\x76\x74\x3a\x77\x68\x65\x6e\x3d\x22\
\x32\x30\x32\x31\x2d\x30\x31\x2d\x32\x37\x54\x31\x36\x3a\x30\x31\
\x3a\x35\x33\x2b\x30\x34\x3a\x30\x30\x22\x20\x73\x74\x45\x76\x74\
\x3a\x73\x6f\x66\x74\x77\x61\x72\x65\x41\x67\x65\x6e\x74\x3d\x22\
\x41\x64\x6f\x62\x65\x20\x50\x68\x6f\x74\x6f\x73\x68\x6f\x70\x20\
\x32\x31\x2e\x32\x20\x28\x57\x69\x6e\x64\x6f\x77\x73\x29\x22\x20\
\x73\x74\x45\x76\x74\x3a\x63\x68\x61\x6e\x67\x65\x64\x3d\x22\x2f\
\x22\x2f\x3e\x20\x3c\x72\x64\x66\x3a\x6c\x69\x20\x73\x74\x45\x76\
\x74\x3a\x61\x63\x74\x69\x6f\x6e\x3d\x22\x73\x61\x76\x65\x64\x22\
\x20\x73\x74\x45\x76\x74\x3a\x69\x6e\x73\x74\x61\x6e\x63\x65\x49\
\x44\x3d\x22\x78\x6d\x70\x2e\x69\x69\x64\x3a\x61\x30\x36\x38\x34\
\x61\x63\x35\x2d\x31\x37\x30\x64\x2d\x33\x35\x34\x33\x2d\x61\x39\
\x38\x66\x2d\x62\x37\x34\x32\x66\x64\x37\x66\x33\x35\x30\x33\x22\
\x20\x73\x74\x45\x76\x74\x3a\x77\x68\x65\x6e\x3d\x22\x32\x30\x32\
\x31\x2d\x30\x33\x2d\x32\x37\x54\x31\x36\x3a\x33\x36\x3a\x30\x36\
\x2b\x30\x34\x3a\x30\x30\x22\x20\x73\x74\x45\x76\x74\x3a\x73\x6f\
\x66\x74\x77\x61\x72\x65\x41\x67\x65\x6e\x74\x3d\x22\x41\x64\x6f\
\x62\x65\x20\x50\x68\x6f\x74\x6f\x73\x68\x6f\x70\x20\x32\x31\x2e\
\x32\x20\x28\x57\x69\x6e\x64\x6f\x77\x73\x29\x22\x20\x73\x74\x45\
\x76\x74\x3a\x63\x68\x61\x6e\x67\x65\x64\x3d\x22\x2f\x22\x2f\x3e\
\x20\x3c\x2f\x72\x64\x66\x3a\x53\x65\x71\x3e\x20\x3c\x2f\x78\x6d\
\x70\x4d\x4d\x3a\x48\x69\x73\x74\x6f\x72\x79\x3e\x20\x3c\x2f\x72\
\x64\x66\x3a\x44\x65\x73\x63\x72\x69\x70\x74\x69\x6f\x6e\x3e\x20\
\x3c\x2f\x72\x64\x66\x3a\x52\x44\x46\x3e\x20\x3c\x2f\x78\x3a\x78\
\x6d\x70\x6d\x65\x74\x61\x3e\x20\x3c\x3f\x78\x70\x61\x63\x6b\x65\
\x74\x20\x65\x6e\x64\x3d\x22\x72\x22\x3f\x3e\xc4\xb7\xed\xd6\x00\
\x00\x03\xc4\x49\x44\x41\x54\x78\xda\xed\x9c\x5d\x48\x53\x61\x18\
\xc7\xe7\xdc\x74\x73\x73\xdf\x6d\x6e\xae\xe1\x47\x46\x17\xa1\xe1\
\x85\x19\x15\x7d\x80\x65\x11\x15\x5d\x44\x64\x11\xb1\x8a\x08\xeb\
\xc6\x84\x42\x0a\x52\xf0\x26\xa3\x0f\xa4\x42\xbd\xeb\x03\x0b\x0a\
\x0c\xe9\x22\x29\x88\x2e\x2c\xe8\x22\x2a\xa3\xa0\x12\x2f\x32\x23\
\xaa\x8b\x6e\x22\xa2\xb7\xe7\x91\xf3\x78\x96\x35\xb7\x73\x76\xce\
\x76\x06\xcf\xe0\x77\xa5\xe7\x9c\xff\xef\x65\xc7\xf3\x7f\xde\x0d\
\x4d\x26\x7d\x5f\xbb\x80\x23\xa6\x3c\x7e\xbd\x06\x04\x50\x94\x8f\
\xe1\xf7\x48\xe1\x91\xae\x7c\x0b\xef\x02\x3e\x25\x08\x20\x8b\xf3\
\x49\xa0\x07\x43\x37\xd9\x1c\x62\xaf\xd3\x4d\x02\x43\xf9\x12\xbe\
\x8e\x56\xfd\x5e\x30\x2a\xde\x46\x2a\x45\xb8\xd0\x42\x12\x5b\xf3\
\x41\x60\x04\xc3\xc6\x9d\x1e\xf1\x25\xba\x60\x9a\x4e\x4f\x80\x04\
\xc6\x8c\x1e\x7e\x23\x06\xad\xb2\x58\xc5\x64\x79\xf5\x8c\x00\xd2\
\x58\x6c\x23\x89\x43\x46\x16\x78\x8a\x21\x4f\xb8\xfd\x7f\x85\x47\
\xfa\xfc\x65\x24\xf0\x19\xf0\x1a\x31\x7c\x3b\x06\xac\x2f\xb2\xfd\
\x13\x9e\x68\xb6\x3b\x48\xa2\xcf\x68\xe1\xcb\x80\xef\x18\xee\x5a\
\x20\x92\x54\x60\x34\x14\x13\x16\x53\x01\x49\x34\x1a\x49\xa0\x1f\
\x43\x6d\x2e\x29\x4d\x1a\x9e\x68\x75\x79\x49\xe0\x81\x51\xc2\xaf\
\xc5\x40\x56\x58\xd9\xc7\x65\xb1\x94\x02\x53\x70\x73\xd7\x58\x8a\
\x48\xe2\x80\x11\x04\x46\x31\x4c\xbb\xcb\x97\x32\x3c\x71\xc9\x37\
\x73\x43\x8f\x03\x85\xb9\x0c\xbf\x13\x83\xd4\x5a\x8b\xd3\x0e\x4f\
\x2c\x2f\xb6\x93\x44\x47\xae\xc2\x63\xc3\x9c\xc0\x10\xa7\xbd\x41\
\xc5\x02\x37\xe7\x95\x93\xc0\x2f\xa0\x3a\x17\x02\x9d\x18\x60\xa5\
\xad\x44\x71\x78\x62\x87\xc3\x45\x12\xd7\xb3\x1d\x7e\x11\xf5\x9d\
\x21\xe8\x3b\x6a\x05\x9e\x87\x2b\x84\xdb\x6c\x26\x89\xe6\x6c\x0a\
\xdc\xc1\x8b\xee\x86\xa6\xa9\x36\x3c\xd1\x21\xf7\xa4\x17\xd9\x0a\
\xbf\x05\x2f\x18\x81\x86\xf9\x2e\x52\x95\xb1\xc0\xac\x9e\xd4\x96\
\x0d\x01\x6c\x94\xe2\x14\xac\x9c\x16\xe1\x91\x2b\x81\x70\x62\x4f\
\x72\xeb\x19\xbe\x15\x2f\x84\x2b\xa6\x55\x78\x62\x9d\xdc\x93\xce\
\xea\x15\xde\x23\xad\x90\x18\x80\x66\xa9\xb5\xc0\xfd\xd0\xfc\xc4\
\xf1\xb3\x56\x0f\x81\x5e\x3c\xf9\x7a\x58\x29\xad\xc3\x13\x71\x79\
\xfc\xbc\xab\x75\xf8\x65\xb4\x3a\x0f\x61\xa5\xf4\x12\x98\x28\xaf\
\x12\x31\x79\xfc\x6c\xd1\x52\x00\x9b\xa3\x38\x0c\x4d\x52\xaf\xf0\
\x44\x0f\x3c\xd5\x25\x81\xf7\x80\x45\x8b\xf0\x71\x3c\x21\x36\xc8\
\xa9\x59\x63\xa2\x5e\x24\xf4\xa4\xee\x4c\xc3\x97\x00\x93\x78\xb2\
\x5e\x5f\x28\x2b\xe1\x91\x61\x78\xba\x4b\x02\x3f\x80\x68\x26\x02\
\xc7\xf1\x44\x6b\x32\xe8\x3b\x6a\xd9\x06\xc3\x91\x24\xd1\xaf\x36\
\x7c\x25\xf0\x13\x4f\x32\x38\xc7\x98\xa8\x17\x38\x1c\x59\xe5\xf1\
\x73\xb5\x1a\x81\x41\x3c\x78\x3b\x34\xc6\x6c\x87\x27\xda\xdc\x3e\
\x12\x78\xa2\x34\x7c\x13\x1e\xe8\x85\xa6\xf8\x12\x1a\x63\xae\x04\
\x90\x3a\x18\x96\x24\x89\x83\x4a\x04\x9e\xe1\x41\xc7\xfe\xb3\xbf\
\x93\x6d\x2e\xcb\xfb\x49\x5f\x81\x40\x3a\xe1\x8f\xe2\x01\x0d\x3a\
\xf4\x1d\xb5\x6c\xb4\x3b\x49\xe2\x62\xaa\xf0\x3e\xe0\x1b\xfe\xf2\
\xd5\x1c\xdc\xb8\xc9\x78\x14\x8a\x25\xf6\xa4\x85\x29\xb7\xc5\x9b\
\x75\xec\x3b\x6a\x69\x71\xce\x8c\x9f\xb7\x93\x85\x5f\x92\xb8\x2d\
\x6e\x34\x81\x37\x91\x4a\x11\x34\x17\xce\xb9\x4d\x3f\x8c\x3f\xdc\
\x57\xea\x31\x5c\xf8\x74\xb6\xe9\xf1\xd3\x44\x11\x85\x26\x38\xae\
\xd1\x98\xa8\x17\x8d\x72\x4f\x3a\x49\xe1\xed\xc0\x87\xe9\x9d\x65\
\xf8\x9b\x5b\x6f\x2d\x52\x84\xb7\xc0\x2c\x36\x40\xd5\x18\x51\x50\
\xb3\xc7\xe0\xed\xb0\xc9\xe6\x10\x7e\x78\xce\x28\xbd\x5e\xbd\xfc\
\x5c\xf8\x0d\xd4\xa0\xc0\x99\x59\x1f\xc6\xa9\x66\x24\x8d\x7b\x67\
\x0c\x1e\x8c\x3e\xf9\xbd\x9c\x29\xb7\x50\x60\x95\xb4\x41\xdb\x00\
\x2c\x55\x81\x9f\x16\xa1\x2b\x8d\x07\xdf\x80\xbc\x2f\x7a\x03\x08\
\xaa\xbc\x2e\x1e\xb3\x42\xca\xad\xdd\xb0\x1f\x77\xa4\xde\x27\xea\
\x96\x6f\xc4\x73\x46\xfa\x7c\x00\xbf\x4e\x20\xf6\x3b\x15\x09\x9c\
\x67\x01\x16\x60\x01\x16\x60\x01\x16\x60\x01\x16\x60\x01\x16\x60\
\x01\x16\x60\x01\x16\x60\x01\x16\x60\x01\x16\x60\x01\x16\x60\x01\
\x16\x60\x01\x16\x60\x01\x16\x60\x01\x16\x60\x01\x16\x60\x01\x16\
\x60\x01\x16\x60\x01\x16\x60\x01\x16\x60\x01\x16\x50\x2f\xf0\x2a\
\x5c\x31\x27\x86\x16\x50\xc8\x05\x23\x09\xc4\xa5\x50\x53\xc0\xc7\
\x34\xd0\xec\x9f\x26\xfd\x01\x07\x08\x95\x00\x53\xb0\x39\x28\x00\
\x00\x00\x00\x49\x45\x4e\x44\xae\x42\x60\x82\
\x00\x00\x0a\x96\
\x89\
\x50\x4e\x47\x0d\x0a\x1a\x0a\x00\x00\x00\x0d\x49\x48\x44\x52\x00\
\x00\x00\x64\x00\x00\x00\x30\x08\x06\x00\x00\x00\xe7\xfd\xdf\xb5\
\x00\x00\x00\x09\x70\x48\x59\x73\x00\x00\x0b\x13\x00\x00\x0b\x13\
\x01\x00\x9a\x9c\x18\x00\x00\x06\xbe\x69\x54\x58\x74\x58\x4d\x4c\
\x3a\x63\x6f\x6d\x2e\x61\x64\x6f\x62\x65\x2e\x78\x6d\x70\x00\x00\
\x00\x00\x00\x3c\x3f\x78\x70\x61\x63\x6b\x65\x74\x20\x62\x65\x67\
\x69\x6e\x3d\x22\xef\xbb\xbf\x22\x20\x69\x64\x3d\x22\x57\x35\x4d\
\x30\x4d\x70\x43\x65\x68\x69\x48\x7a\x72\x65\x53\x7a\x4e\x54\x63\
\x7a\x6b\x63\x39\x64\x22\x3f\x3e\x20\x3c\x78\x3a\x78\x6d\x70\x6d\
\x65\x74\x61\x20\x78\x6d\x6c\x6e\x73\x3a\x78\x3d\x22\x61\x64\x6f\
\x62\x65\x3a\x6e\x73\x3a\x6d\x65\x74\x61\x2f\x22\x20\x78\x3a\x78\
\x6d\x70\x74\x6b\x3d\x22\x41\x64\x6f\x62\x65\x20\x58\x4d\x50\x20\
\x43\x6f\x72\x65\x20\x36\x2e\x30\x2d\x63\x30\x30\x32\x20\x37\x39\
\x2e\x31\x36\x34\x34\x36\x30\x2c\x20\x32\x30\x32\x30\x2f\x30\x35\
\x2f\x31\x32\x2d\x31\x36\x3a\x30\x34\x3a\x31\x37\x20\x20\x20\x20\
\x20\x20\x20\x20\x22\x3e\x20\x3c\x72\x64\x66\x3a\x52\x44\x46\x20\
\x78\x6d\x6c\x6e\x73\x3a\x72\x64\x66\x3d\x22\x68\x74\x74\x70\x3a\
\x2f\x2f\x77\x77\x77\x2e\x77\x33\x2e\x6f\x72\x67\x2f\x31\x39\x39\
\x39\x2f\x30\x32\x2f\x32\x32\x2d\x72\x64\x66\x2d\x73\x79\x6e\x74\
\x61\x78\x2d\x6e\x73\x23\x22\x3e\x20\x3c\x72\x64\x66\x3a\x44\x65\
\x73\x63\x72\x69\x70\x74\x69\x6f\x6e\x20\x72\x64\x66\x3a\x61\x62\
\x6f\x75\x74\x3d\x22\x22\x20\x78\x6d\x6c\x6e\x73\x3a\x78\x6d\x70\
\x3d\x22\x68\x74\x74\x70\x3a\x2f\x2f\x6e\x73\x2e\x61\x64\x6f\x62\
\x65\x2e\x63\x6f\x6d\x2f\x78\x61\x70\x2f\x31\x2e\x30\x2f\x22\x20\
\x78\x6d\x6c\x6e\x73\x3a\x64\x63\x3d\x22\x68\x74\x74\x70\x3a\x2f\
\x2f\x70\x75\x72\x6c\x2e\x6f\x72\x67\x2f\x64\x63\x2f\x65\x6c\x65\
\x6d\x65\x6e\x74\x73\x2f\x31\x2e\x31\x2f\x22\x20\x78\x6d\x6c\x6e\
\x73\x3a\x70\x68\x6f\x74\x6f\x73\x68\x6f\x70\x3d\x22\x68\x74\x74\
\x70\x3a\x2f\x2f\x6e\x73\x2e\x61\x64\x6f\x62\x65\x2e\x63\x6f\x6d\
\x2f\x70\x68\x6f\x74\x6f\x73\x68\x6f\x70\x2f\x31\x2e\x30\x2f\x22\
\x20\x78\x6d\x6c\x6e\x73\x3a\x78\x6d\x70\x4d\x4d\x3d\x22\x68\x74\
\x74\x70\x3a\x2f\x2f\x6e\x73\x2e\x61\x64\x6f\x62\x65\x2e\x63\x6f\
\x6d\x2f\x78\x61\x70\x2f\x31\x2e\x30\x2f\x6d\x6d\x2f\x22\x20\x78\
\x6d\x6c\x6e\x73\x3a\x73\x74\x45\x76\x74\x3d\x22\x68\x74\x74\x70\
\x3a\x2f\x2f\x6e\x73\x2e\x61\x64\x6f\x62\x65\x2e\x63\x6f\x6d\x2f\
\x78\x61\x70\x2f\x31\x2e\x30\x2f\x73\x54\x79\x70\x65\x2f\x52\x65\
\x73\x6f\x75\x72\x63\x65\x45\x76\x65\x6e\x74\x23\x22\x20\x78\x6d\
\x70\x3a\x43\x72\x65\x61\x74\x6f\x72\x54\x6f\x6f\x6c\x3d\x22\x41\
\x64\x6f\x62\x65\x20\x50\x68\x6f\x74\x6f\x73\x68\x6f\x70\x20\x32\
\x31\x2e\x32\x20\x28\x57\x69\x6e\x64\x6f\x77\x73\x29\x22\x20\x78\
\x6d\x70\x3a\x43\x72\x65\x61\x74\x65\x44\x61\x74\x65\x3d\x22\x32\
\x30\x32\x31\x2d\x30\x31\x2d\x32\x37\x54\x31\x34\x3a\x33\x30\x3a\
\x32\x30\x2b\x30\x34\x3a\x30\x30\x22\x20\x78\x6d\x70\x3a\x4d\x6f\
\x64\x69\x66\x79\x44\x61\x74\x65\x3d\x22\x32\x30\x32\x31\x2d\x30\
\x33\x2d\x32\x37\x54\x31\x36\x3a\x33\x35\x3a\x35\x32\x2b\x30\x34\
\x3a\x30\x30\x22\x20\x78\x6d\x70\x3a\x4d\x65\x74\x61\x64\x61\x74\
\x61\x44\x61\x74\x65\x3d\x22\x32\x30\x32\x31\x2d\x30\x33\x2d\x32\
\x37\x54\x31\x36\x3a\x33\x35\x3a\x35\x32\x2b\x30\x34\x3a\x30\x30\
\x22\x20\x64\x63\x3a\x66\x6f\x72\x6d\x61\x74\x3d\x22\x69\x6d\x61\
\x67\x65\x2f\x70\x6e\x67\x22\x20\x70\x68\x6f\x74\x6f\x73\x68\x6f\
\x70\x3a\x43\x6f\x6c\x6f\x72\x4d\x6f\x64\x65\x3d\x22\x33\x22\x20\
\x70\x68\x6f\x74\x6f\x73\x68\x6f\x70\x3a\x49\x43\x43\x50\x72\x6f\
\x66\x69\x6c\x65\x3d\x22\x73\x52\x47\x42\x20\x49\x45\x43\x36\x31\
\x39\x36\x36\x2d\x32\x2e\x31\x22\x20\x78\x6d\x70\x4d\x4d\x3a\x49\
\x6e\x73\x74\x61\x6e\x63\x65\x49\x44\x3d\x22\x78\x6d\x70\x2e\x69\
\x69\x64\x3a\x30\x37\x65\x66\x63\x30\x32\x66\x2d\x39\x32\x34\x66\
\x2d\x32\x39\x34\x37\x2d\x62\x61\x30\x37\x2d\x38\x36\x65\x62\x32\
\x36\x35\x66\x36\x37\x36\x62\x22\x20\x78\x6d\x70\x4d\x4d\x3a\x44\
\x6f\x63\x75\x6d\x65\x6e\x74\x49\x44\x3d\x22\x61\x64\x6f\x62\x65\
\x3a\x64\x6f\x63\x69\x64\x3a\x70\x68\x6f\x74\x6f\x73\x68\x6f\x70\
\x3a\x30\x39\x38\x38\x32\x32\x64\x64\x2d\x62\x38\x30\x62\x2d\x66\
\x38\x34\x39\x2d\x62\x64\x36\x32\x2d\x36\x34\x35\x61\x31\x64\x35\
\x64\x62\x63\x30\x34\x22\x20\x78\x6d\x70\x4d\x4d\x3a\x4f\x72\x69\
\x67\x69\x6e\x61\x6c\x44\x6f\x63\x75\x6d\x65\x6e\x74\x49\x44\x3d\
\x22\x78\x6d\x70\x2e\x64\x69\x64\x3a\x64\x39\x36\x34\x66\x34\x30\
\x62\x2d\x35\x62\x62\x62\x2d\x35\x31\x34\x64\x2d\x61\x65\x38\x33\
\x2d\x32\x31\x34\x39\x64\x36\x31\x30\x63\x34\x38\x63\x22\x3e\x20\
\x3c\x78\x6d\x70\x4d\x4d\x3a\x48\x69\x73\x74\x6f\x72\x79\x3e\x20\
\x3c\x72\x64\x66\x3a\x53\x65\x71\x3e\x20\x3c\x72\x64\x66\x3a\x6c\
\x69\x20\x73\x74\x45\x76\x74\x3a\x61\x63\x74\x69\x6f\x6e\x3d\x22\
\x63\x72\x65\x61\x74\x65\x64\x22\x20\x73\x74\x45\x76\x74\x3a\x69\
\x6e\x73\x74\x61\x6e\x63\x65\x49\x44\x3d\x22\x78\x6d\x70\x2e\x69\
\x69\x64\x3a\x64\x39\x36\x34\x66\x34\x30\x62\x2d\x35\x62\x62\x62\
\x2d\x35\x31\x34\x64\x2d\x61\x65\x38\x33\x2d\x32\x31\x34\x39\x64\
\x36\x31\x30\x63\x34\x38\x63\x22\x20\x73\x74\x45\x76\x74\x3a\x77\
\x68\x65\x6e\x3d\x22\x32\x30\x32\x31\x2d\x30\x31\x2d\x32\x37\x54\
\x31\x34\x3a\x33\x30\x3a\x32\x30\x2b\x30\x34\x3a\x30\x30\x22\x20\
\x73\x74\x45\x76\x74\x3a\x73\x6f\x66\x74\x77\x61\x72\x65\x41\x67\
\x65\x6e\x74\x3d\x22\x41\x64\x6f\x62\x65\x20\x50\x68\x6f\x74\x6f\
\x73\x68\x6f\x70\x20\x32\x31\x2e\x32\x20\x28\x57\x69\x6e\x64\x6f\
\x77\x73\x29\x22\x2f\x3e\x20\x3c\x72\x64\x66\x3a\x6c\x69\x20\x73\
\x74\x45\x76\x74\x3a\x61\x63\x74\x69\x6f\x6e\x3d\x22\x73\x61\x76\
\x65\x64\x22\x20\x73\x74\x45\x76\x74\x3a\x69\x6e\x73\x74\x61\x6e\
\x63\x65\x49\x44\x3d\x22\x78\x6d\x70\x2e\x69\x69\x64\x3a\x61\x65\
\x62\x61\x62\x37\x30\x66\x2d\x33\x36\x61\x65\x2d\x61\x61\x34\x61\
\x2d\x61\x39\x63\x37\x2d\x39\x61\x38\x34\x66\x65\x31\x33\x31\x36\
\x64\x62\x22\x20\x73\x74\x45\x76\x74\x3a\x77\x68\x65\x6e\x3d\x22\
\x32\x30\x32\x31\x2d\x30\x31\x2d\x32\x37\x54\x31\x35\x3a\x31\x32\
\x3a\x30\x31\x2b\x30\x34\x3a\x30\x30\x22\x20\x73\x74\x45\x76\x74\
\x3a\x73\x6f\x66\x74\x77\x61\x72\x65\x41\x67\x65\x6e\x74\x3d\x22\
\x41\x64\x6f\x62\x65\x20\x50\x68\x6f\x74\x6f\x73\x68\x6f\x70\x20\
\x32\x31\x2e\x32\x20\x28\x57\x69\x6e\x64\x6f\x77\x73\x29\x22\x20\
\x73\x74\x45\x76\x74\x3a\x63\x68\x61\x6e\x67\x65\x64\x3d\x22\x2f\
\x22\x2f\x3e\x20\x3c\x72\x64\x66\x3a\x6c\x69\x20\x73\x74\x45\x76\
\x74\x3a\x61\x63\x74\x69\x6f\x6e\x3d\x22\x73\x61\x76\x65\x64\x22\
\x20\x73\x74\x45\x76\x74\x3a\x69\x6e\x73\x74\x61\x6e\x63\x65\x49\
\x44\x3d\x22\x78\x6d\x70\x2e\x69\x69\x64\x3a\x30\x37\x65\x66\x63\
\x30\x32\x66\x2d\x39\x32\x34\x66\x2d\x32\x39\x34\x37\x2d\x62\x61\
\x30\x37\x2d\x38\x36\x65\x62\x32\x36\x35\x66\x36\x37\x36\x62\x22\
\x20\x73\x74\x45\x76\x74\x3a\x77\x68\x65\x6e\x3d\x22\x32\x30\x32\
\x31\x2d\x30\x33\x2d\x32\x37\x54\x31\x36\x3a\x33\x35\x3a\x35\x32\
\x2b\x30\x34\x3a\x30\x30\x22\x20\x73\x74\x45\x76\x74\x3a\x73\x6f\
\x66\x74\x77\x61\x72\x65\x41\x67\x65\x6e\x74\x3d\x22\x41\x64\x6f\
\x62\x65\x20\x50\x68\x6f\x74\x6f\x73\x68\x6f\x70\x20\x32\x31\x2e\
\x32\x20\x28\x57\x69\x6e\x64\x6f\x77\x73\x29\x22\x20\x73\x74\x45\
\x76\x74\x3a\x63\x68\x61\x6e\x67\x65\x64\x3d\x22\x2f\x22\x2f\x3e\
\x20\x3c\x2f\x72\x64\x66\x3a\x53\x65\x71\x3e\x20\x3c\x2f\x78\x6d\
\x70\x4d\x4d\x3a\x48\x69\x73\x74\x6f\x72\x79\x3e\x20\x3c\x2f\x72\
\x64\x66\x3a\x44\x65\x73\x63\x72\x69\x70\x74\x69\x6f\x6e\x3e\x20\
\x3c\x2f\x72\x64\x66\x3a\x52\x44\x46\x3e\x20\x3c\x2f\x78\x3a\x78\
\x6d\x70\x6d\x65\x74\x61\x3e\x20\x3c\x3f\x78\x70\x61\x63\x6b\x65\
\x74\x20\x65\x6e\x64\x3d\x22\x72\x22\x3f\x3e\xd0\x3a\xd9\x7d\x00\
\x00\x03\x7e\x49\x44\x41\x54\x78\xda\xed\x9c\x4b\x48\x54\x61\x14\
\xc7\xc7\x79\x3a\x3a\xce\x9d\x3b\x33\xdd\x99\xb9\x33\x0e\x3a\x93\
\xd1\x22\x34\x5c\x98\x51\xd1\x03\x2c\x93\xa8\x68\x11\x91\x45\xc4\
\x54\x44\x58\x1b\x13\x0a\x29\x48\xc1\x4d\x46\x0f\xa4\xc2\xdc\xf5\
\xc0\x82\x02\x43\x5a\x24\x05\xd1\xc2\x82\x16\x51\x19\x05\x95\xb8\
\xc8\x8c\xa8\x16\x6d\x22\xa2\xd3\xf9\x6a\x2e\xde\xef\x4a\x3e\xa0\
\xf9\x3e\x19\xcf\x81\xdf\x4e\x71\xf8\xff\xee\xdc\x7b\xe6\x9c\x6f\
\xb4\xd9\xe6\x4e\xad\x44\x4e\x21\x5e\x1b\xd5\xac\xa8\x35\x08\x20\
\xef\x91\x1d\x14\x87\xfc\xaa\xc9\x0a\x31\xe8\x47\x16\x53\x2c\xf2\
\x6a\x09\x13\x51\xed\xf2\x40\xc2\xe1\x34\x8b\xe9\x44\x82\x14\x8f\
\x34\x21\x6e\x18\xd6\x53\xb0\xa7\x24\x60\x96\xf2\x15\x39\x4c\x11\
\x49\x12\xf2\x39\x31\xff\x0f\x77\xb5\x04\xd4\x7b\x8b\xcd\x62\x9e\
\x22\x75\x14\x95\x24\x21\x06\x57\xc2\x3a\xd4\x78\x0a\xcd\x62\x7a\
\x91\x72\x8a\x4c\x92\x10\x83\x23\x4a\x08\x54\xbb\xdd\x90\xf2\x03\
\x39\x8a\x14\x51\x74\x92\x84\x30\x5e\xc4\xca\x60\x6b\xb1\xdf\xfc\
\x6e\x19\x45\x32\x14\x9f\x24\x21\x06\xbd\x78\x1b\x5b\x5d\x58\x64\
\x16\x73\x1f\x59\x4a\x31\x4a\x12\x62\xd0\x15\x8c\x40\x85\xd3\x6d\
\x16\xd3\x85\x04\x28\x4e\x49\x42\x18\x63\xf1\x34\x1c\xf4\xab\x66\
\x29\x9f\x90\x26\x8a\x54\x92\x10\x83\x07\x91\x52\x58\xc7\xb7\xc9\
\x43\xc8\x26\x8a\x56\x92\x10\x83\x9e\x50\x14\x6a\xf9\x36\xf9\x36\
\xb2\x90\x22\x96\x24\xc4\xe0\x44\x20\x0c\x3a\x3f\x86\x69\x43\xdc\
\x14\xb5\x24\x21\x8c\xb7\x7a\x0a\x76\xfa\x14\xb3\x94\x11\x64\x3b\
\xc5\x3d\x75\x85\x58\x60\x6a\x81\xfd\xbf\x0a\x31\xe8\xd3\x12\xb0\
\x82\x6f\x93\x07\x6d\x7f\x47\xfe\x33\x2e\xf6\xa1\xe7\x50\x9e\xc3\
\x3a\x22\xb6\x9c\x82\xf5\x18\x5a\x2e\x84\x18\x9c\x54\x35\xa8\x74\
\x79\xcc\x62\x2e\x21\xd1\x99\x08\x81\xb9\xc4\x00\x76\x4a\xb9\x14\
\x62\xd0\xe2\x0f\x82\xcb\x56\x60\xfc\xdd\x6f\x48\xcb\x74\x85\x8c\
\xb1\x5f\xda\x8b\xf7\xc1\x7c\x25\x53\xac\x40\xbb\x12\x82\x01\xbc\
\xad\x88\x90\x61\xf0\x28\x9a\x84\x8d\x45\x25\xe6\x0b\xe2\x09\xd2\
\x30\x95\x90\x0f\xec\x87\x5f\xc6\xca\x84\xbe\xd8\xb9\xc4\xd5\xb0\
\x0e\xd5\x6e\xae\x4d\x1e\x40\xaa\x48\x88\x64\x8e\xe1\xbb\x34\xe5\
\x74\x59\xb7\x95\x7e\x12\x22\x91\xd1\x78\x1a\x32\x3e\x6e\x5b\xf9\
\x11\xd9\x45\x42\x24\xc3\xb6\x95\x75\x85\xdc\x18\xe6\x95\x2d\x7b\
\x1a\x86\x84\x48\xe0\x8d\x5e\x0e\xbb\xf9\x0f\x94\x90\x6d\xd1\x49\
\x88\x68\xda\x02\x61\x88\xf1\x23\x97\x76\xf3\xc8\x85\x84\x08\xa2\
\x7b\xe2\x50\xb2\x0f\x59\x44\x0f\x75\xc1\x0c\x46\x92\xd6\xd3\x2d\
\x6c\x6c\xbf\x79\xd2\xb6\xb7\x03\xdf\x46\xf9\x4c\x4f\x30\x0a\x43\
\x82\x2f\x3a\xb6\xd8\x6a\xf2\xab\xe0\x1c\xff\xc4\xce\x16\x5b\x07\
\x68\x74\x92\x25\x68\x77\xc0\x10\x3e\x4c\x45\xc8\xb8\x80\x17\x80\
\x65\xf5\xdb\x8d\xa8\xd3\x19\x9d\xb0\x07\xca\x39\xe4\x6c\x1e\x73\
\x06\xb9\xce\x82\xd9\x80\xad\x66\x2e\x45\xdc\x98\x17\x87\x65\x1e\
\xaf\xf5\x70\x44\x2d\x0d\xdb\x27\x96\xc6\x02\x0a\xd9\x73\x33\x7e\
\x7f\x86\xb7\xc3\x6d\xfc\xf1\xa1\x61\x64\x1f\xc5\xfe\xef\xaa\xc9\
\xc5\x82\x8a\xd1\x8a\xcf\x28\x65\xfc\x80\xdd\x4f\xa4\x15\x71\x50\
\xe4\x82\x37\x86\x97\xc3\x31\x6b\x1b\x7b\x0d\x49\x53\xd4\x82\x85\
\xdc\x8b\x94\xc2\x5a\xbe\x8d\x7d\x8e\xd4\x53\xc4\x82\x85\x8c\xc4\
\x53\x90\xe1\xc7\x1d\xac\x8d\x6d\xa6\x68\x25\x08\xe9\x54\x35\x48\
\xf2\xe3\x8e\xd3\x88\x42\xb1\x0a\x16\xd2\xaf\x25\xac\x6d\xec\x1d\
\xa4\x92\xe2\x14\x2c\x84\xad\x5f\xb7\xf0\xeb\xd7\x77\x48\x23\xc5\
\x28\x41\x48\xb3\xc2\x1d\x50\xf8\x8e\x74\x20\x4e\x8a\x50\xb0\x90\
\x8b\xa1\x28\x54\x4d\x3c\xc2\x93\xa0\xe8\x04\x0b\x79\x18\x49\x42\
\x83\xd7\x67\x16\xf1\x18\x59\x45\x91\x09\x16\xf2\x5a\x2f\x87\x46\
\x1f\x37\xee\xf8\x82\xec\xa7\xa8\x24\x08\x61\x5b\x3b\xcd\xee\x30\
\xcb\x38\x8f\x84\x29\x26\xe1\x42\x3c\x50\xcb\xb7\xb1\xb7\x90\x05\
\x14\x8f\xf8\xb2\xfe\x6b\x8d\x49\xb7\x76\x54\xb9\xaf\xe5\x59\x11\
\xbf\x90\xe3\x14\x87\xfc\x62\x5f\x0d\xb8\x89\x54\xcc\xe6\x17\xf9\
\x1b\x4e\x8b\x95\x00\xcf\x71\xf8\xaa\x00\x00\x00\x00\x49\x45\x4e\
\x44\xae\x42\x60\x82\
\x00\x00\x0a\xab\
\x89\
\x50\x4e\x47\x0d\x0a\x1a\x0a\x00\x00\x00\x0d\x49\x48\x44\x52\x00\
\x00\x00\x64\x00\x00\x00\x30\x08\x06\x00\x00\x00\xe7\xfd\xdf\xb5\
\x00\x00\x00\x09\x70\x48\x59\x73\x00\x00\x0b\x13\x00\x00\x0b\x13\
\x01\x00\x9a\x9c\x18\x00\x00\x06\xbe\x69\x54\x58\x74\x58\x4d\x4c\
\x3a\x63\x6f\x6d\x2e\x61\x64\x6f\x62\x65\x2e\x78\x6d\x70\x00\x00\
\x00\x00\x00\x3c\x3f\x78\x70\x61\x63\x6b\x65\x74\x20\x62\x65\x67\
\x69\x6e\x3d\x22\xef\xbb\xbf\x22\x20\x69\x64\x3d\x22\x57\x35\x4d\
\x30\x4d\x70\x43\x65\x68\x69\x48\x7a\x72\x65\x53\x7a\x4e\x54\x63\
\x7a\x6b\x63\x39\x64\x22\x3f\x3e\x20\x3c\x78\x3a\x78\x6d\x70\x6d\
\x65\x74\x61\x20\x78\x6d\x6c\x6e\x73\x3a\x78\x3d\x22\x61\x64\x6f\
\x62\x65\x3a\x6e\x73\x3a\x6d\x65\x74\x61\x2f\x22\x20\x78\x3a\x78\
\x6d\x70\x74\x6b\x3d\x22\x41\x64\x6f\x62\x65\x20\x58\x4d\x50\x20\
\x43\x6f\x72\x65\x20\x36\x2e\x30\x2d\x63\x30\x30\x32\x20\x37\x39\
\x2e\x31\x36\x34\x34\x36\x30\x2c\x20\x32\x30\x32\x30\x2f\x30\x35\
\x2f\x31\x32\x2d\x31\x36\x3a\x30\x34\x3a\x31\x37\x20\x20\x20\x20\
\x20\x20\x20\x20\x22\x3e\x20\x3c\x72\x64\x66\x3a\x52\x44\x46\x20\
\x78\x6d\x6c\x6e\x73\x3a\x72\x64\x66\x3d\x22\x68\x74\x74\x70\x3a\
\x2f\x2f\x77\x77\x77\x2e\x77\x33\x2e\x6f\x72\x67\x2f\x31\x39\x39\
\x39\x2f\x30\x32\x2f\x32\x32\x2d\x72\x64\x66\x2d\x73\x79\x6e\x74\
\x61\x78\x2d\x6e\x73\x23\x22\x3e\x20\x3c\x72\x64\x66\x3a\x44\x65\
\x73\x63\x72\x69\x70\x74\x69\x6f\x6e\x20\x72\x64\x66\x3a\x61\x62\
\x6f\x75\x74\x3d\x22\x22\x20\x78\x6d\x6c\x6e\x73\x3a\x78\x6d\x70\
\x3d\x22\x68\x74\x74\x70\x3a\x2f\x2f\x6e\x73\x2e\x61\x64\x6f\x62\
\x65\x2e\x63\x6f\x6d\x2f\x78\x61\x70\x2f\x31\x2e\x30\x2f\x22\x20\
\x78\x6d\x6c\x6e\x73\x3a\x64\x63\x3d\x22\x68\x74\x74\x70\x3a\x2f\
\x2f\x70\x75\x72\x6c\x2e\x6f\x72\x67\x2f\x64\x63\x2f\x65\x6c\x65\
\x6d\x65\x6e\x74\x73\x2f\x31\x2e\x31\x2f\x22\x20\x78\x6d\x6c\x6e\
\x73\x3a\x70\x68\x6f\x74\x6f\x73\x68\x6f\x70\x3d\x22\x68\x74\x74\
\x70\x3a\x2f\x2f\x6e\x73\x2e\x61\x64\x6f\x62\x65\x2e\x63\x6f\x6d\
\x2f\x70\x68\x6f\x74\x6f\x73\x68\x6f\x70\x2f\x31\x2e\x30\x2f\x22\
\x20\x78\x6d\x6c\x6e\x73\x3a\x78\x6d\x70\x4d\x4d\x3d\x22\x68\x74\
\x74\x70\x3a\x2f\x2f\x6e\x73\x2e\x61\x64\x6f\x62\x65\x2e\x63\x6f\
\x6d\x2f\x78\x61\x70\x2f\x31\x2e\x30\x2f\x6d\x6d\x2f\x22\x20\x78\
\x6d\x6c\x6e\x73\x3a\x73\x74\x45\x76\x74\x3d\x22\x68\x74\x74\x70\
\x3a\x2f\x2f\x6e\x73\x2e\x61\x64\x6f\x62\x65\x2e\x63\x6f\x6d\x2f\
\x78\x61\x70\x2f\x31\x2e\x30\x2f\x73\x54\x79\x70\x65\x2f\x52\x65\
\x73\x6f\x75\x72\x63\x65\x45\x76\x65\x6e\x74\x23\x22\x20\x78\x6d\
\x70\x3a\x43\x72\x65\x61\x74\x6f\x72\x54\x6f\x6f\x6c\x3d\x22\x41\
\x64\x6f\x62\x65\x20\x50\x68\x6f\x74\x6f\x73\x68\x6f\x70\x20\x32\
\x31\x2e\x32\x20\x28\x57\x69\x6e\x64\x6f\x77\x73\x29\x22\x20\x78\
\x6d\x70\x3a\x43\x72\x65\x61\x74\x65\x44\x61\x74\x65\x3d\x22\x32\
\x30\x32\x31\x2d\x30\x31\x2d\x32\x37\x54\x31\x34\x3a\x33\x30\x3a\
\x32\x30\x2b\x30\x34\x3a\x30\x30\x22\x20\x78\x6d\x70\x3a\x4d\x6f\
\x64\x69\x66\x79\x44\x61\x74\x65\x3d\x22\x32\x30\x32\x31\x2d\x30\
\x33\x2d\x32\x37\x54\x31\x36\x3a\x33\x35\x3a\x34\x33\x2b\x30\x34\
\x3a\x30\x30\x22\x20\x78\x6d\x70\x3a\x4d\x65\x74\x61\x64\x61\x74\
\x61\x44\x61\x74\x65\x3d\x22\x32\x30\x32\x31\x2d\x30\x33\x2d\x32\
\x37\x54\x31\x36\x3a\x33\x35\x3a\x34\x33\x2b\x30\x34\x3a\x30\x30\
\x22\x20\x64\x63\x3a\x66\x6f\x72\x6d\x61\x74\x3d\x22\x69\x6d\x61\
\x67\x65\x2f\x70\x6e\x67\x22\x20\x70\x68\x6f\x74\x6f\x73\x68\x6f\
\x70\x3a\x43\x6f\x6c\x6f\x72\x4d\x6f\x64\x65\x3d\x22\x33\x22\x20\
\x70\x68\x6f\x74\x6f\x73\x68\x6f\x70\x3a\x49\x43\x43\x50\x72\x6f\
\x66\x69\x6c\x65\x3d\x22\x73\x52\x47\x42\x20\x49\x45\x43\x36\x31\
\x39\x36\x36\x2d\x32\x2e\x31\x22\x20\x78\x6d\x70\x4d\x4d\x3a\x49\
\x6e\x73\x74\x61\x6e\x63\x65\x49\x44\x3d\x22\x78\x6d\x70\x2e\x69\
\x69\x64\x3a\x36\x36\x63\x66\x32\x61\x34\x34\x2d\x31\x32\x33\x63\
\x2d\x66\x64\x34\x32\x2d\x39\x31\x35\x64\x2d\x36\x35\x37\x32\x66\
\x35\x38\x63\x34\x30\x32\x36\x22\x20\x78\x6d\x70\x4d\x4d\x3a\x44\
\x6f\x63\x75\x6d\x65\x6e\x74\x49\x44\x3d\x22\x61\x64\x6f\x62\x65\
\x3a\x64\x6f\x63\x69\x64\x3a\x70\x68\x6f\x74\x6f\x73\x68\x6f\x70\
\x3a\x33\x36\x32\x64\x65\x62\x30\x64\x2d\x30\x30\x39\x30\x2d\x37\
\x39\x34\x35\x2d\x38\x31\x32\x66\x2d\x35\x62\x64\x64\x66\x35\x38\
\x66\x63\x36\x34\x35\x22\x20\x78\x6d\x70\x4d\x4d\x3a\x4f\x72\x69\
\x67\x69\x6e\x61\x6c\x44\x6f\x63\x75\x6d\x65\x6e\x74\x49\x44\x3d\
\x22\x78\x6d\x70\x2e\x64\x69\x64\x3a\x64\x31\x64\x63\x63\x66\x34\
\x39\x2d\x62\x64\x63\x61\x2d\x30\x35\x34\x33\x2d\x61\x33\x39\x65\
\x2d\x38\x32\x36\x37\x30\x62\x38\x34\x32\x33\x38\x35\x22\x3e\x20\
\x3c\x78\x6d\x70\x4d\x4d\x3a\x48\x69\x73\x74\x6f\x72\x79\x3e\x20\
\x3c\x72\x64\x66\x3a\x53\x65\x71\x3e\x20\x3c\x72\x64\x66\x3a\x6c\
\x69\x20\x73\x74\x45\x76\x74\x3a\x61\x63\x74\x69\x6f\x6e\x3d\x22\
\x63\x72\x65\x61\x74\x65\x64\x22\x20\x73\x74\x45\x76\x74\x3a\x69\
\x6e\x73\x74\x61\x6e\x63\x65\x49\x44\x3d\x22\x78\x6d\x70\x2e\x69\
\x69\x64\x3a\x64\x31\x64\x63\x63\x66\x34\x39\x2d\x62\x64\x63\x61\
\x2d\x30\x35\x34\x33\x2d\x61\x33\x39\x65\x2d\x38\x32\x36\x37\x30\
\x62\x38\x34\x32\x33\x38\x35\x22\x20\x73\x74\x45\x76\x74\x3a\x77\
\x68\x65\x6e\x3d\x22\x32\x30\x32\x31\x2d\x30\x31\x2d\x32\x37\x54\
\x31\x34\x3a\x33\x30\x3a\x32\x30\x2b\x30\x34\x3a\x30\x30\x22\x20\
\x73\x74\x45\x76\x74\x3a\x73\x6f\x66\x74\x77\x61\x72\x65\x41\x67\
\x65\x6e\x74\x3d\x22\x41\x64\x6f\x62\x65\x20\x50\x68\x6f\x74\x6f\
\x73\x68\x6f\x70\x20\x32\x31\x2e\x32\x20\x28\x57\x69\x6e\x64\x6f\
\x77\x73\x29\x22\x2f\x3e\x20\x3c\x72\x64\x66\x3a\x6c\x69\x20\x73\
\x74\x45\x76\x74\x3a\x61\x63\x74\x69\x6f\x6e\x3d\x22\x73\x61\x76\
\x65\x64\x22\x20\x73\x74\x45\x76\x74\x3a\x69\x6e\x73\x74\x61\x6e\
\x63\x65\x49\x44\x3d\x22\x78\x6d\x70\x2e\x69\x69\x64\x3a\x36\x38\
\x37\x32\x65\x32\x62\x66\x2d\x35\x63\x37\x66\x2d\x66\x39\x34\x31\
\x2d\x61\x30\x35\x33\x2d\x37\x35\x32\x32\x62\x35\x37\x35\x33\x36\
\x35\x37\x22\x20\x73\x74\x45\x76\x74\x3a\x77\x68\x65\x6e\x3d\x22\
\x32\x30\x32\x31\x2d\x30\x31\x2d\x32\x37\x54\x31\x35\x3a\x31\x31\
\x3a\x34\x38\x2b\x30\x34\x3a\x30\x30\x22\x20\x73\x74\x45\x76\x74\
\x3a\x73\x6f\x66\x74\x77\x61\x72\x65\x41\x67\x65\x6e\x74\x3d\x22\
\x41\x64\x6f\x62\x65\x20\x50\x68\x6f\x74\x6f\x73\x68\x6f\x70\x20\
\x32\x31\x2e\x32\x20\x28\x57\x69\x6e\x64\x6f\x77\x73\x29\x22\x20\
\x73\x74\x45\x76\x74\x3a\x63\x68\x61\x6e\x67\x65\x64\x3d\x22\x2f\
\x22\x2f\x3e\x20\x3c\x72\x64\x66\x3a\x6c\x69\x20\x73\x74\x45\x76\
\x74\x3a\x61\x63\x74\x69\x6f\x6e\x3d\x22\x73\x61\x76\x65\x64\x22\
\x20\x73\x74\x45\x76\x74\x3a\x69\x6e\x73\x74\x61\x6e\x63\x65\x49\
\x44\x3d\x22\x78\x6d\x70\x2e\x69\x69\x64\x3a\x36\x36\x63\x66\x32\
\x61\x34\x34\x2d\x31\x32\x33\x63\x2d\x66\x64\x34\x32\x2d\x39\x31\
\x35\x64\x2d\x36\x35\x37\x32\x66\x35\x38\x63\x34\x30\x32\x36\x22\
\x20\x73\x74\x45\x76\x74\x3a\x77\x68\x65\x6e\x3d\x22\x32\x30\x32\
\x31\x2d\x30\x33\x2d\x32\x37\x54\x31\x36\x3a\x33\x35\x3a\x34\x33\
\x2b\x30\x34\x3a\x30\x30\x22\x20\x73\x74\x45\x76\x74\x3a\x73\x6f\
\x66\x74\x77\x61\x72\x65\x41\x67\x65\x6e\x74\x3d\x22\x41\x64\x6f\
\x62\x65\x20\x50\x68\x6f\x74\x6f\x73\x68\x6f\x70\x20\x32\x31\x2e\
\x32\x20\x28\x57\x69\x6e\x64\x6f\x77\x73\x29\x22\x20\x73\x74\x45\
\x76\x74\x3a\x63\x68\x61\x6e\x67\x65\x64\x3d\x22\x2f\x22\x2f\x3e\
\x20\x3c\x2f\x72\x64\x66\x3a\x53\x65\x71\x3e\x20\x3c\x2f\x78\x6d\
\x70\x4d\x4d\x3a\x48\x69\x73\x74\x6f\x72\x79\x3e\x20\x3c\x2f\x72\
\x64\x66\x3a\x44\x65\x73\x63\x72\x69\x70\x74\x69\x6f\x6e\x3e\x20\
\x3c\x2f\x72\x64\x66\x3a\x52\x44\x46\x3e\x20\x3c\x2f\x78\x3a\x78\
\x6d\x70\x6d\x65\x74\x61\x3e\x20\x3c\x3f\x78\x70\x61\x63\x6b\x65\
\x74\x20\x65\x6e\x64\x3d\x22\x72\x22\x3f\x3e\xd2\x46\xe9\x3a\x00\
\x00\x03\x93\x49\x44\x41\x54\x78\xda\xed\x9c\x5f\x48\x53\x71\x14\
\xc7\xaf\xdb\xdd\xdc\xdc\xdc\xff\xb6\x39\xe7\xc8\x99\xd1\x43\x68\
\xf8\x60\x46\x45\x7f\xc0\x32\x89\x92\x1e\x22\xb2\x88\xb0\x22\xc2\
\x7a\x31\xa1\x90\x82\x14\x7c\xc9\xe8\x0f\x52\x61\xbe\xf5\x07\x0b\
\x0a\x0c\xe9\x21\x29\x88\x1e\x2c\xe8\x21\x2a\xa3\xa0\x12\x1f\x32\
\x23\xaa\x87\x5e\x22\xa2\xd3\x99\xdd\x33\x7f\x60\xea\xfe\xdc\x7b\
\x37\xb6\xf3\x85\xcf\x93\x0f\xea\xf9\xec\xee\x77\x3c\xe7\xe7\x24\
\x29\xbb\x53\x89\xdc\x46\xd6\x4b\x9c\x8c\xe7\x24\xf2\x07\x01\x64\
\x15\x97\x23\x73\x69\x42\x46\x15\x11\x44\x2d\x97\x45\xff\x2c\x46\
\xee\x90\x84\xba\x42\x2b\xd4\x98\x0a\x49\xc8\x72\x2e\x8f\x7e\xf1\
\x21\x17\x49\x84\xdf\x60\x84\x4e\x97\x0f\xbe\x86\x17\xa1\x10\x33\
\x0b\xd1\x39\x07\x91\x6f\x24\xa3\xd9\xee\x80\xb7\xa1\xf2\x29\x19\
\x2c\x44\xdf\xac\x45\x9e\x92\x88\x46\xab\x1d\x1e\x07\x22\x71\x11\
\x2c\x44\xbf\x84\x91\x2b\x24\xa2\x1a\xcf\x88\xcb\xde\xe0\x0c\x11\
\x2c\x44\xfb\xc8\x48\x37\xf2\x33\x56\x60\x93\x54\x00\x6d\x4e\xcf\
\xac\x22\x58\x88\xb6\x69\x46\x3e\xd0\x53\xb1\xad\xa8\x18\x9e\x04\
\x23\xf3\xca\x60\x21\xea\xa7\x0a\xb9\x47\x22\x56\x62\x1b\x3b\xe4\
\x0f\x27\x24\x82\x85\xa8\x1b\x27\x72\x96\x44\x44\x8c\x32\xf4\xb8\
\xfd\x49\x89\x60\x21\xea\xa5\x0d\xf9\x42\x32\x5a\xec\x4e\x18\x2f\
\x8d\xa6\x24\x83\x85\xa4\x97\x06\xe4\x25\x89\xd8\x60\xb5\xc1\x83\
\x40\x59\xca\x22\x58\x48\xea\xa9\x40\x6e\x4c\x8f\x3b\x2c\x70\xd5\
\x57\x92\xb6\x08\x16\x92\x7c\x8c\x48\x07\xf2\x3b\x56\x30\xa7\xc1\
\x00\x1d\xca\xb8\x43\x4d\x04\x21\x3c\x5c\x9c\x23\x07\x90\x31\x7a\
\x2a\x76\xd8\x1c\xf0\xa2\x64\xa1\xea\x32\x62\x78\x51\xb4\xf2\x7d\
\xfc\x5c\xf6\x99\xa9\x43\x1e\x8a\x6d\xec\xad\x05\xa5\x9a\x88\x20\
\x36\x5b\x6c\x24\xe4\x26\x72\x0e\x39\x9f\xc3\x5c\x40\xba\x12\x11\
\xe1\x46\xfa\x48\x44\xa5\x6c\x86\x4b\x9e\xa0\xa6\x22\x88\xd1\x50\
\x39\x78\x0c\x46\x71\x2f\x92\x0f\xcc\x99\x43\xd4\xc6\xca\x52\x01\
\xb4\x3a\xdc\x30\x59\x5a\xa1\x8b\x8c\xb8\x14\x7c\x3b\xec\xc7\x17\
\x40\x37\x9e\x51\xb9\x8c\x22\xe3\xd3\x6c\x22\x9a\x24\x61\x6b\xd7\
\x80\x6d\xec\x48\x20\xa2\xab\x88\x7c\xe2\x35\xbe\xe8\x66\x13\xb2\
\x14\x19\x14\xdb\xd8\x3e\x6f\x90\x8b\x96\x01\x21\x66\xe5\x40\x99\
\xfa\x42\x89\x51\x8e\x6f\xed\x18\xfd\x85\x1c\x11\x0f\x95\xbd\x76\
\x27\xbc\x13\xb6\x76\x8c\xfe\x42\x76\x21\x6f\x48\x48\x3d\xb6\x9a\
\xf7\x93\x9c\xca\x32\xda\x9c\x21\x7b\x90\xcf\xd3\x83\x41\x17\x4c\
\xe8\xdc\x51\xb1\x90\x99\x87\xba\x03\xe9\x21\x29\x51\xd9\x04\x27\
\x9c\x5e\x2e\x5a\x06\x85\x50\xaa\x91\x61\x12\x53\x63\xb6\xc0\x75\
\x5f\x88\x8b\x97\x41\x21\x94\x46\xe4\x19\x89\xd9\x92\xc4\xfa\x55\
\x2d\x86\xf1\x3c\xeb\xc2\xa7\xb4\xc5\xe6\x84\xfd\xf6\xdc\x45\xa9\
\xf1\x64\xa2\x73\xac\x76\xe4\x07\x5d\x50\x68\x77\x78\xf4\x91\x11\
\x28\xcb\xb7\xb1\x09\x24\x33\x5c\x0c\x8a\x57\x78\xaa\x4c\x85\x70\
\x3a\xc5\xd5\x6c\xa2\x6c\xb2\x14\xd1\x0f\x79\x06\x69\x55\x5a\xf4\
\x5c\xa6\x25\x95\xa9\x6f\xec\x5f\x03\x46\x48\xcc\x6a\x2c\xda\xa0\
\x46\x6d\xb2\xbb\x20\x3e\x7e\xf7\xf2\xb0\x7d\xfe\xec\x44\xc6\x49\
\xcc\x6e\x7c\x1f\x7c\x1f\x8a\x6a\xb5\xa0\xe2\x8d\x61\x82\x89\x8d\
\x5c\x3a\x49\x4a\xc8\x28\xc3\x29\x15\x47\x2e\x2c\x24\xf5\x2c\x41\
\xee\x8a\x43\xc9\x7e\x15\x86\x92\x2c\x24\xfd\x6c\x15\xc7\xf6\x1b\
\xad\x36\x78\x94\xc6\xed\x13\x16\xa2\x5e\x5a\xc5\xfb\x59\x87\x53\
\x5c\x6c\xb1\x10\x75\xe3\x42\x7a\xc5\xd5\x6f\xaf\x27\xc0\x42\xb2\
\x20\x2b\xc4\xcb\x11\xeb\xb0\x4d\x1e\x48\x70\x0c\xc3\x42\xb4\x4d\
\xec\x8f\x9e\x09\x12\xb3\xdd\xe6\x80\x57\xf3\x5c\x1f\x62\x21\xda\
\xa7\x08\x39\x8e\xfc\x8a\x15\xda\x6d\x30\xc0\xb1\x39\xa6\xc9\x2c\
\x44\xbf\x94\x23\x03\xf4\xb4\xd4\x62\x9b\x7c\xed\x3f\x6f\x63\x2c\
\x44\xff\xd4\x23\xcf\xc5\xdb\x2d\xe2\xb6\x92\x85\x64\x2e\x47\x91\
\xef\x24\x66\x5f\xb1\x0b\xc6\x42\x51\x16\x92\xe1\x78\x24\x61\x5b\
\x19\x36\xca\xfc\xc1\x01\x59\x92\x65\xc8\x90\xc4\x1f\xad\x91\x75\
\x89\xdd\x86\xf9\xa8\x08\xe1\x4f\x03\xca\x92\x58\xa5\x7f\xcb\xa9\
\x35\xf9\xf2\x0b\xff\x05\x7f\x0a\x95\x00\x74\x29\x83\x55\x00\x00\
\x00\x00\x49\x45\x4e\x44\xae\x42\x60\x82\
\x00\x00\x1d\x85\
\x89\
\x50\x4e\x47\x0d\x0a\x1a\x0a\x00\x00\x00\x0d\x49\x48\x44\x52\x00\
\x00\x00\x55\x00\x00\x00\x55\x08\x06\x00\x00\x00\x38\xf5\xa8\x5a\
\x00\x00\x00\x09\x70\x48\x59\x73\x00\x00\x0b\x13\x00\x00\x0b\x13\
\x01\x00\x9a\x9c\x18\x00\x00\x07\x5c\x69\x54\x58\x74\x58\x4d\x4c\
\x3a\x63\x6f\x6d\x2e\x61\x64\x6f\x62\x65\x2e\x78\x6d\x70\x00\x00\
\x00\x00\x00\x3c\x3f\x78\x70\x61\x63\x6b\x65\x74\x20\x62\x65\x67\
\x69\x6e\x3d\x22\xef\xbb\xbf\x22\x20\x69\x64\x3d\x22\x57\x35\x4d\
\x30\x4d\x70\x43\x65\x68\x69\x48\x7a\x72\x65\x53\x7a\x4e\x54\x63\
\x7a\x6b\x63\x39\x64\x22\x3f\x3e\x20\x3c\x78\x3a\x78\x6d\x70\x6d\
\x65\x74\x61\x20\x78\x6d\x6c\x6e\x73\x3a\x78\x3d\x22\x61\x64\x6f\
\x62\x65\x3a\x6e\x73\x3a\x6d\x65\x74\x61\x2f\x22\x20\x78\x3a\x78\
\x6d\x70\x74\x6b\x3d\x22\x41\x64\x6f\x62\x65\x20\x58\x4d\x50\x20\
\x43\x6f\x72\x65\x20\x36\x2e\x30\x2d\x63\x30\x30\x32\x20\x37\x39\
\x2e\x31\x36\x34\x34\x36\x30\x2c\x20\x32\x30\x32\x30\x2f\x30\x35\
\x2f\x31\x32\x2d\x31\x36\x3a\x30\x34\x3a\x31\x37\x20\x20\x20\x20\
\x20\x20\x20\x20\x22\x3e\x20\x3c\x72\x64\x66\x3a\x52\x44\x46\x20\
\x78\x6d\x6c\x6e\x73\x3a\x72\x64\x66\x3d\x22\x68\x74\x74\x70\x3a\
\x2f\x2f\x77\x77\x77\x2e\x77\x33\x2e\x6f\x72\x67\x2f\x31\x39\x39\
\x39\x2f\x30\x32\x2f\x32\x32\x2d\x72\x64\x66\x2d\x73\x79\x6e\x74\
\x61\x78\x2d\x6e\x73\x23\x22\x3e\x20\x3c\x72\x64\x66\x3a\x44\x65\
\x73\x63\x72\x69\x70\x74\x69\x6f\x6e\x20\x72\x64\x66\x3a\x61\x62\
\x6f\x75\x74\x3d\x22\x22\x20\x78\x6d\x6c\x6e\x73\x3a\x78\x6d\x70\
\x3d\x22\x68\x74\x74\x70\x3a\x2f\x2f\x6e\x73\x2e\x61\x64\x6f\x62\
\x65\x2e\x63\x6f\x6d\x2f\x78\x61\x70\x2f\x31\x2e\x30\x2f\x22\x20\
\x78\x6d\x6c\x6e\x73\x3a\x64\x63\x3d\x22\x68\x74\x74\x70\x3a\x2f\
\x2f\x70\x75\x72\x6c\x2e\x6f\x72\x67\x2f\x64\x63\x2f\x65\x6c\x65\
\x6d\x65\x6e\x74\x73\x2f\x31\x2e\x31\x2f\x22\x20\x78\x6d\x6c\x6e\
\x73\x3a\x70\x68\x6f\x74\x6f\x73\x68\x6f\x70\x3d\x22\x68\x74\x74\
\x70\x3a\x2f\x2f\x6e\x73\x2e\x61\x64\x6f\x62\x65\x2e\x63\x6f\x6d\
\x2f\x70\x68\x6f\x74\x6f\x73\x68\x6f\x70\x2f\x31\x2e\x30\x2f\x22\
\x20\x78\x6d\x6c\x6e\x73\x3a\x78\x6d\x70\x4d\x4d\x3d\x22\x68\x74\
\x74\x70\x3a\x2f\x2f\x6e\x73\x2e\x61\x64\x6f\x62\x65\x2e\x63\x6f\
\x6d\x2f\x78\x61\x70\x2f\x31\x2e\x30\x2f\x6d\x6d\x2f\x22\x20\x78\
\x6d\x6c\x6e\x73\x3a\x73\x74\x45\x76\x74\x3d\x22\x68\x74\x74\x70\
\x3a\x2f\x2f\x6e\x73\x2e\x61\x64\x6f\x62\x65\x2e\x63\x6f\x6d\x2f\
\x78\x61\x70\x2f\x31\x2e\x30\x2f\x73\x54\x79\x70\x65\x2f\x52\x65\
\x73\x6f\x75\x72\x63\x65\x45\x76\x65\x6e\x74\x23\x22\x20\x78\x6d\
\x70\x3a\x43\x72\x65\x61\x74\x6f\x72\x54\x6f\x6f\x6c\x3d\x22\x41\
\x64\x6f\x62\x65\x20\x50\x68\x6f\x74\x6f\x73\x68\x6f\x70\x20\x32\
\x31\x2e\x32\x20\x28\x57\x69\x6e\x64\x6f\x77\x73\x29\x22\x20\x78\
\x6d\x70\x3a\x43\x72\x65\x61\x74\x65\x44\x61\x74\x65\x3d\x22\x32\
\x30\x32\x31\x2d\x30\x32\x2d\x32\x34\x54\x31\x39\x3a\x33\x33\x3a\
\x34\x31\x2b\x30\x34\x3a\x30\x30\x22\x20\x78\x6d\x70\x3a\x4d\x6f\
\x64\x69\x66\x79\x44\x61\x74\x65\x3d\x22\x32\x30\x32\x31\x2d\x30\
\x33\x2d\x32\x37\x54\x31\x36\x3a\x34\x34\x3a\x33\x37\x2b\x30\x34\
\x3a\x30\x30\x22\x20\x78\x6d\x70\x3a\x4d\x65\x74\x61\x64\x61\x74\
\x61\x44\x61\x74\x65\x3d\x22\x32\x30\x32\x31\x2d\x30\x33\x2d\x32\
\x37\x54\x31\x36\x3a\x34\x34\x3a\x33\x37\x2b\x30\x34\x3a\x30\x30\
\x22\x20\x64\x63\x3a\x66\x6f\x72\x6d\x61\x74\x3d\x22\x69\x6d\x61\
\x67\x65\x2f\x70\x6e\x67\x22\x20\x70\x68\x6f\x74\x6f\x73\x68\x6f\
\x70\x3a\x43\x6f\x6c\x6f\x72\x4d\x6f\x64\x65\x3d\x22\x33\x22\x20\
\x70\x68\x6f\x74\x6f\x73\x68\x6f\x70\x3a\x49\x43\x43\x50\x72\x6f\
\x66\x69\x6c\x65\x3d\x22\x73\x52\x47\x42\x20\x49\x45\x43\x36\x31\
\x39\x36\x36\x2d\x32\x2e\x31\x22\x20\x78\x6d\x70\x4d\x4d\x3a\x49\
\x6e\x73\x74\x61\x6e\x63\x65\x49\x44\x3d\x22\x78\x6d\x70\x2e\x69\
\x69\x64\x3a\x34\x65\x33\x61\x34\x61\x66\x66\x2d\x36\x35\x66\x33\
\x2d\x64\x33\x34\x32\x2d\x39\x65\x63\x35\x2d\x61\x65\x30\x36\x64\
\x63\x36\x63\x37\x34\x65\x35\x22\x20\x78\x6d\x70\x4d\x4d\x3a\x44\
\x6f\x63\x75\x6d\x65\x6e\x74\x49\x44\x3d\x22\x61\x64\x6f\x62\x65\
\x3a\x64\x6f\x63\x69\x64\x3a\x70\x68\x6f\x74\x6f\x73\x68\x6f\x70\
\x3a\x36\x36\x61\x63\x35\x30\x61\x65\x2d\x62\x30\x33\x30\x2d\x38\
\x31\x34\x34\x2d\x61\x61\x36\x38\x2d\x66\x66\x39\x65\x63\x61\x39\
\x61\x35\x65\x32\x64\x22\x20\x78\x6d\x70\x4d\x4d\x3a\x4f\x72\x69\
\x67\x69\x6e\x61\x6c\x44\x6f\x63\x75\x6d\x65\x6e\x74\x49\x44\x3d\
\x22\x78\x6d\x70\x2e\x64\x69\x64\x3a\x36\x66\x31\x63\x61\x34\x37\
\x65\x2d\x63\x61\x63\x66\x2d\x64\x33\x34\x65\x2d\x61\x39\x62\x62\
\x2d\x65\x66\x32\x30\x35\x62\x31\x66\x38\x34\x63\x39\x22\x3e\x20\
\x3c\x70\x68\x6f\x74\x6f\x73\x68\x6f\x70\x3a\x44\x6f\x63\x75\x6d\
\x65\x6e\x74\x41\x6e\x63\x65\x73\x74\x6f\x72\x73\x3e\x20\x3c\x72\
\x64\x66\x3a\x42\x61\x67\x3e\x20\x3c\x72\x64\x66\x3a\x6c\x69\x3e\
\x61\x64\x6f\x62\x65\x3a\x64\x6f\x63\x69\x64\x3a\x70\x68\x6f\x74\
\x6f\x73\x68\x6f\x70\x3a\x32\x35\x66\x39\x65\x30\x64\x38\x2d\x31\
\x33\x66\x63\x2d\x36\x63\x34\x30\x2d\x61\x66\x64\x32\x2d\x65\x38\
\x62\x63\x31\x38\x30\x34\x64\x37\x36\x64\x3c\x2f\x72\x64\x66\x3a\
\x6c\x69\x3e\x20\x3c\x2f\x72\x64\x66\x3a\x42\x61\x67\x3e\x20\x3c\
\x2f\x70\x68\x6f\x74\x6f\x73\x68\x6f\x70\x3a\x44\x6f\x63\x75\x6d\
\x65\x6e\x74\x41\x6e\x63\x65\x73\x74\x6f\x72\x73\x3e\x20\x3c\x78\
\x6d\x70\x4d\x4d\x3a\x48\x69\x73\x74\x6f\x72\x79\x3e\x20\x3c\x72\
\x64\x66\x3a\x53\x65\x71\x3e\x20\x3c\x72\x64\x66\x3a\x6c\x69\x20\
\x73\x74\x45\x76\x74\x3a\x61\x63\x74\x69\x6f\x6e\x3d\x22\x63\x72\
\x65\x61\x74\x65\x64\x22\x20\x73\x74\x45\x76\x74\x3a\x69\x6e\x73\
\x74\x61\x6e\x63\x65\x49\x44\x3d\x22\x78\x6d\x70\x2e\x69\x69\x64\
\x3a\x36\x66\x31\x63\x61\x34\x37\x65\x2d\x63\x61\x63\x66\x2d\x64\
\x33\x34\x65\x2d\x61\x39\x62\x62\x2d\x65\x66\x32\x30\x35\x62\x31\
\x66\x38\x34\x63\x39\x22\x20\x73\x74\x45\x76\x74\x3a\x77\x68\x65\
\x6e\x3d\x22\x32\x30\x32\x31\x2d\x30\x32\x2d\x32\x34\x54\x31\x39\
\x3a\x33\x33\x3a\x34\x31\x2b\x30\x34\x3a\x30\x30\x22\x20\x73\x74\
\x45\x76\x74\x3a\x73\x6f\x66\x74\x77\x61\x72\x65\x41\x67\x65\x6e\
\x74\x3d\x22\x41\x64\x6f\x62\x65\x20\x50\x68\x6f\x74\x6f\x73\x68\
\x6f\x70\x20\x32\x31\x2e\x32\x20\x28\x57\x69\x6e\x64\x6f\x77\x73\
\x29\x22\x2f\x3e\x20\x3c\x72\x64\x66\x3a\x6c\x69\x20\x73\x74\x45\
\x76\x74\x3a\x61\x63\x74\x69\x6f\x6e\x3d\x22\x73\x61\x76\x65\x64\
\x22\x20\x73\x74\x45\x76\x74\x3a\x69\x6e\x73\x74\x61\x6e\x63\x65\
\x49\x44\x3d\x22\x78\x6d\x70\x2e\x69\x69\x64\x3a\x66\x31\x33\x38\
\x31\x63\x64\x31\x2d\x65\x66\x39\x61\x2d\x34\x32\x34\x34\x2d\x38\
\x66\x63\x63\x2d\x61\x35\x39\x64\x38\x36\x37\x39\x32\x31\x36\x32\
\x22\x20\x73\x74\x45\x76\x74\x3a\x77\x68\x65\x6e\x3d\x22\x32\x30\
\x32\x31\x2d\x30\x32\x2d\x32\x34\x54\x31\x39\x3a\x33\x36\x3a\x33\
\x39\x2b\x30\x34\x3a\x30\x30\x22\x20\x73\x74\x45\x76\x74\x3a\x73\
\x6f\x66\x74\x77\x61\x72\x65\x41\x67\x65\x6e\x74\x3d\x22\x41\x64\
\x6f\x62\x65\x20\x50\x68\x6f\x74\x6f\x73\x68\x6f\x70\x20\x32\x31\
\x2e\x32\x20\x28\x57\x69\x6e\x64\x6f\x77\x73\x29\x22\x20\x73\x74\
\x45\x76\x74\x3a\x63\x68\x61\x6e\x67\x65\x64\x3d\x22\x2f\x22\x2f\
\x3e\x20\x3c\x72\x64\x66\x3a\x6c\x69\x20\x73\x74\x45\x76\x74\x3a\
\x61\x63\x74\x69\x6f\x6e\x3d\x22\x73\x61\x76\x65\x64\x22\x20\x73\
\x74\x45\x76\x74\x3a\x69\x6e\x73\x74\x61\x6e\x63\x65\x49\x44\x3d\
\x22\x78\x6d\x70\x2e\x69\x69\x64\x3a\x34\x65\x33\x61\x34\x61\x66\
\x66\x2d\x36\x35\x66\x33\x2d\x64\x33\x34\x32\x2d\x39\x65\x63\x35\
\x2d\x61\x65\x30\x36\x64\x63\x36\x63\x37\x34\x65\x35\x22\x20\x73\
\x74\x45\x76\x74\x3a\x77\x68\x65\x6e\x3d\x22\x32\x30\x32\x31\x2d\
\x30\x33\x2d\x32\x37\x54\x31\x36\x3a\x34\x34\x3a\x33\x37\x2b\x30\
\x34\x3a\x30\x30\x22\x20\x73\x74\x45\x76\x74\x3a\x73\x6f\x66\x74\
\x77\x61\x72\x65\x41\x67\x65\x6e\x74\x3d\x22\x41\x64\x6f\x62\x65\
\x20\x50\x68\x6f\x74\x6f\x73\x68\x6f\x70\x20\x32\x31\x2e\x32\x20\
\x28\x57\x69\x6e\x64\x6f\x77\x73\x29\x22\x20\x73\x74\x45\x76\x74\
\x3a\x63\x68\x61\x6e\x67\x65\x64\x3d\x22\x2f\x22\x2f\x3e\x20\x3c\
\x2f\x72\x64\x66\x3a\x53\x65\x71\x3e\x20\x3c\x2f\x78\x6d\x70\x4d\
\x4d\x3a\x48\x69\x73\x74\x6f\x72\x79\x3e\x20\x3c\x2f\x72\x64\x66\
\x3a\x44\x65\x73\x63\x72\x69\x70\x74\x69\x6f\x6e\x3e\x20\x3c\x2f\
\x72\x64\x66\x3a\x52\x44\x46\x3e\x20\x3c\x2f\x78\x3a\x78\x6d\x70\
\x6d\x65\x74\x61\x3e\x20\x3c\x3f\x78\x70\x61\x63\x6b\x65\x74\x20\
\x65\x6e\x64\x3d\x22\x72\x22\x3f\x3e\x45\x69\xda\x64\x00\x00\x15\
\xcf\x49\x44\x41\x54\x78\xda\xe5\x5d\x07\x78\x54\xd5\x12\x5e\x10\
\x02\x49\x48\x0f\x11\x0b\x28\x22\x16\xb0\x3e\xa5\x77\x08\x25\x34\
\x45\x10\x15\xc1\xae\xe0\x03\x1f\x46\x44\x10\x44\xaa\x09\x45\x41\
\xe9\x35\x84\x16\x40\x6a\x02\x04\x42\x0b\x2d\x9d\xf4\x42\x20\x12\
\x29\x01\x44\x7a\x93\x6a\xe6\xcd\x3f\xf7\xec\xb2\x2e\x29\xc8\xde\
\x6c\x02\xdc\xef\x9b\x6f\x61\x73\x77\xef\xbd\xff\x99\x33\xe5\x9f\
\x39\x67\x0d\x86\xe2\x3f\xec\x59\x1e\x65\xa9\xc7\xd2\x8d\xe5\x7b\
\x96\x00\x96\xf5\x2c\xd1\x2c\x69\x2c\xfb\x59\x7e\x57\xaf\xe9\x2c\
\x31\x2c\x1b\x58\x02\x59\x86\xb2\xf4\x60\x69\xc8\x52\x99\xc5\xc1\
\x70\x9f\x1e\x9e\x2c\xcd\x58\x06\xb0\xac\x66\x39\x52\xf6\x49\x37\
\x2a\x57\xff\x61\x72\xe8\x54\x9d\x9c\x3e\x7d\x81\x5c\xfa\xd7\x22\
\xd7\x61\xf5\xc9\x6d\x74\x63\x72\xff\xa9\x29\xb9\x4f\x68\xa6\xbd\
\xf2\xff\xdd\xf8\x7d\x97\x6f\x6a\x91\xd3\x67\x2f\xc8\xf9\xe5\x1b\
\x3c\x42\x65\x9f\x72\x23\xfe\x9e\x3f\x58\xd6\xb2\x0c\x62\x69\xc1\
\xf2\xe0\xbd\x0e\x64\x29\x96\xd6\x2c\x63\xa1\x81\x65\x6b\x78\x90\
\x43\xfb\x6a\xe4\xec\xfb\x0a\x79\x4c\x6c\x4e\x15\x17\xb4\xb5\x5a\
\x3c\x26\xb7\x20\x97\x7e\xaf\x92\x43\xc7\x6a\x64\x57\xd3\x03\x20\
\xc7\xb3\x8c\x67\x69\xc7\x52\xf6\x5e\x02\xd3\x91\xe5\x4b\x96\xad\
\x76\xcf\x57\x24\xc7\xb7\x9f\x11\x0d\xd4\x03\xc4\xc2\xc4\x6d\x64\
\x03\xaa\xf0\xee\xb3\x64\xf7\x92\x17\x00\xde\xc1\xf2\x0d\x8b\xfb\
\xdd\x0c\xa6\x9b\x9a\x86\xe9\xf6\x6d\xaa\x92\xeb\xb7\x75\x6c\x02\
\x64\x7e\xe2\xfa\x5d\x5d\x72\x68\xf7\x04\xc0\xcd\x64\x19\x76\xb7\
\x99\x06\x38\x8a\x4f\x58\x7e\xc3\x34\x84\x0d\x2c\x4e\x30\x2d\xc5\
\x7d\x6c\x13\x72\x7c\xa3\x3a\xc0\xcd\x61\xe9\xc3\x52\xa1\xa4\x03\
\x5a\x87\x65\x4b\xf9\xa6\x95\x65\xea\x95\x24\x30\x6f\x01\x97\x07\
\xdb\xbe\xe5\x63\x00\x37\x92\xa5\x71\x49\x04\xb3\x1c\xcb\xd7\x2c\
\x57\xe1\x91\x4b\x32\x98\x96\xe2\xdc\xfb\x25\x00\x9b\xcb\x32\x9c\
\xc5\xa9\xa4\x00\xfa\x0c\xcb\x46\xd8\x4d\x84\x3c\x77\x13\xa0\xa6\
\xa8\x61\xaa\xb7\xd1\xde\xc2\x99\xbd\x58\xdc\x80\x22\x44\x3a\x54\
\xa1\x47\x8d\xbb\x12\x4c\x4b\x71\xfa\xf0\x39\x63\xac\xdb\xb9\xb8\
\x00\xed\xc5\x72\x01\x71\xe6\xbd\x00\xa8\x51\x5c\x06\xd6\x01\xb0\
\x57\x94\x39\xb3\xe9\x31\x18\x76\xc8\xcd\xaf\xd1\x3d\x05\xa8\xc9\
\x89\xb1\x19\xb3\x6f\x51\x05\xe0\x8e\xb1\x15\xa0\x43\x71\x41\xbd\
\xb2\xa0\x92\x2a\x9e\xb3\x5a\x19\x81\x1d\x5f\xe4\x1a\x2a\x80\x72\
\x3a\x78\x2f\x03\x6a\x02\x36\xa0\x8d\x11\xd8\x1f\x8b\x0a\xd0\x8f\
\xcb\x37\xa9\x7c\xcf\x6b\xe8\x2d\xc0\xce\x69\x6d\x04\xb6\x9f\xde\
\x80\xb6\x13\x1b\x3a\xa2\xc1\x7d\x05\xa8\xb9\x8d\x2d\x57\xe7\x21\
\x00\xdb\x55\x2f\x40\x6b\x22\xa5\x03\xfb\x63\xab\x87\xf0\x42\xae\
\x3e\xaf\x35\x39\x05\xb6\xca\x57\x5c\xf8\xef\x36\xe5\x0e\x06\x49\
\x54\x70\x56\x65\x8d\x56\x1f\x6b\x2a\xbc\x5f\xd3\xe6\xda\x01\x60\
\x2b\x07\x75\xa0\x47\x17\x75\xa0\x47\x2c\xa4\xca\xe2\x8e\xf4\x30\
\xbf\xda\x3c\x8e\xe5\x6c\x11\x6c\x1b\x4b\x19\x6b\x00\xfd\x16\xf6\
\xc4\xd6\x37\x5f\x6e\x4e\x73\xfa\x21\xd1\x8f\xd6\x1f\x5e\x44\x21\
\x07\x03\x6e\x91\xb0\x9c\x45\x34\x29\x6d\x3c\x79\xcc\xf7\x21\x77\
\x16\x5b\xde\x9b\x7d\xab\xc7\xad\x72\x5c\x48\xd7\xae\x78\xfc\x6c\
\x7b\xc7\x64\x98\xd9\x88\x22\x8f\x2f\x25\xa2\x2c\x96\xa4\x3c\x24\
\x8b\xb2\xce\xad\x25\xb7\xf9\x6d\xc8\x6d\x5e\x1b\x9b\x3b\x2e\x55\
\x65\x68\x78\x27\x2c\xfd\x4e\xa4\x6d\xc5\xe1\x18\x4a\xcd\x6a\x42\
\x41\xbf\x4d\x67\xf0\x12\x59\x62\x58\xa2\x2d\x24\x95\x76\x9f\x5c\
\x21\x76\x17\xc0\xda\x9c\x84\xf9\x5c\x48\x18\xd4\xce\xec\xfe\x0d\
\xa8\x9f\x80\xbe\xd3\xdd\xd8\x33\x08\x2e\xf3\x5a\x89\x76\x79\x15\
\x02\xea\xaf\xd9\x33\x95\x56\xe6\x0d\x6a\xfc\x6d\x80\xea\xce\x7f\
\x73\x91\x6b\xea\xef\xd4\xec\x5b\x8b\x19\xf8\xe6\xdf\x90\xcc\x87\
\xf4\xe4\x43\x1f\x5c\xd8\x8e\xed\x64\x0b\x7a\x7e\x79\x57\xf2\x8d\
\xfa\x8e\x2a\x2d\x6c\x2f\x1e\xdc\x8b\xdf\xff\xc7\xd4\x82\x16\xf0\
\xfb\x86\x29\x75\x68\xfe\xbe\xa9\x05\x80\x9a\xc6\xe6\xe1\x57\x32\
\x4c\x6f\x40\x0e\x73\xbd\xe5\x73\x5e\xff\x70\x72\xed\x04\x48\xd8\
\xdc\x7e\x51\x43\xc8\x67\xc3\xa7\x54\x76\x8e\xbe\x66\x0c\x85\x48\
\xc6\xe9\x18\x4b\xc5\xdb\x01\x75\xa0\x7d\xdb\xaa\xba\x02\x6a\x98\
\xd5\x98\x3c\x59\x6b\xb6\x1d\x5d\xcc\x80\xa4\xd0\x8c\x3d\xbf\xd0\
\x03\xb3\x9b\x0a\x20\x95\xf8\xef\x70\x36\x65\x66\x37\x13\x5b\x0a\
\x70\xaa\x2e\x79\x9d\x36\xe6\x2c\x28\x60\xfa\x27\x53\xda\xe9\x10\
\xaa\xb9\xac\xab\xf6\xfd\x33\x1b\xb3\x76\x37\x95\x19\x80\xff\xcb\
\xc0\xcc\x6c\x42\x43\x76\x0f\x97\x81\x39\x70\x61\x23\xbd\xc0\x03\
\x6a\x98\xd1\xc8\x14\x59\xe8\xf1\x6c\xa8\xe4\x32\x5e\xa3\x0b\x03\
\x14\xa5\x85\xfd\x7a\xf1\xa2\xd0\x44\x80\xf5\xd0\xc2\xb6\xb4\xe5\
\xc8\x62\x99\xb6\x44\x09\x2c\xbb\xc9\x8f\xbd\x3b\xa6\x39\x1e\x14\
\xaf\xcf\xfc\xda\x85\x7a\x84\xfb\xb2\x2d\x9d\x41\x47\x2e\x6d\xe4\
\x73\x62\xf3\x01\x34\x5a\xbd\x1f\x4b\x27\x2f\x6f\xa5\x55\x07\x02\
\xe8\x93\x1d\xfd\xe9\xc5\x15\x6f\x93\x5d\x40\x73\x19\x40\x80\xdc\
\x27\x62\x00\x5d\xb9\x11\xa3\x06\x26\x85\x32\xce\xac\xe7\x73\xba\
\x0a\xd8\x9e\x7a\xf1\xb0\x9c\x5d\xaa\xb2\x8c\x5b\x41\xa0\x7e\x09\
\xb2\x59\x2f\x0d\x2d\xc5\x9a\x57\x89\xa7\x62\xda\xe9\x75\xfc\x60\
\x19\x0a\x8c\x28\x05\x6c\x8a\x84\x4d\x8f\x2f\x7e\x9d\x46\x25\xfc\
\x40\x99\x67\x43\xd5\x74\x4f\x17\xd0\x89\xe2\x14\x20\xa9\xea\xbd\
\x0c\xf5\x9a\xaa\xce\x8b\x53\x92\x2a\x72\xe8\xe2\x26\x9a\x92\x31\
\x41\xbe\xaf\x77\xc4\xb7\x66\x91\x42\x94\x92\x74\x3a\x7a\x69\x07\
\x03\xfb\x16\x0f\x64\x43\xdd\x66\x22\xea\x70\x8c\xdb\x88\x82\x4a\
\x22\x3b\x5d\x87\xd4\xd3\x2d\xd6\xc4\x94\xdf\xf5\x07\x34\x34\xd3\
\x42\xd3\x8c\xc0\xc6\xd2\xef\xe7\xd7\xcb\x74\xd6\xc0\x89\x53\x80\
\xa6\xd0\xe5\x1b\x3b\x29\x9a\xed\xe6\x02\xb6\xad\x3f\xa5\x8c\x23\
\xff\x44\x7f\xfa\x31\x65\x2c\x05\xee\x9b\x4c\x3b\x8e\x2d\xa6\xf3\
\x57\xb7\xcb\x79\x44\xf1\xea\x73\x29\xf2\x1d\xfb\xcf\xad\xa3\xeb\
\x7f\x47\xa8\xef\x8c\x34\xbb\x26\xfe\xbd\x87\x4d\xc1\x06\xaa\xc9\
\xa6\xc0\x6e\x4e\x33\x7d\xca\xe0\x7e\x8d\x00\x6a\x32\x8b\x4b\x5e\
\xa0\x7a\xb3\xdc\xa8\x38\xcf\x47\x07\x2f\xdf\x86\x6a\xaf\xee\x4e\
\xdb\x8f\x2d\x56\x0f\x9b\xd7\x14\x8e\x52\x60\x24\x2b\x20\x13\x29\
\x37\x37\x8a\x36\x1f\x59\xc8\x9a\x36\x88\xea\x05\xf7\xa0\x27\x96\
\x74\xe2\x81\x69\x2b\xb6\xb7\x7c\x40\x0b\x79\x85\xf3\xa9\xca\xda\
\x58\x6b\xd5\xbb\xf4\xf1\xf6\xfe\x14\xcc\xd3\xff\xea\xdf\xbb\x4c\
\x66\xe5\x26\xd0\x51\xf9\x5c\x33\x95\xb2\xcf\x85\xb2\xf3\xfa\x4c\
\x9f\xa8\x80\xef\x4f\xd5\xb8\x3a\xe5\x05\xaa\x9f\x63\xd7\xa7\xad\
\x0f\x8e\xc1\x9e\x73\xd8\xf4\x6d\xec\x30\xf5\x80\x89\xf9\x3c\xa0\
\x51\x12\x05\x90\x84\x93\x2b\xa9\xd3\xa6\xde\xf2\x1d\x8e\x0c\x1e\
\xbc\x35\x40\x84\xd3\x81\x03\x32\x06\xfa\x2e\x81\xad\xd5\xdf\x9b\
\x91\x7d\x80\x46\x41\xb6\x0c\xfd\x98\x36\xe7\x2c\x54\xa0\x26\x15\
\x60\x8b\x8d\x03\xb9\x87\xe6\xee\x9d\x22\xdf\xa5\x87\x7d\x45\x39\
\x89\xf1\x9b\x68\x09\x28\xba\x36\x12\xdd\x46\xe9\x63\x6b\xf0\xf0\
\x95\x83\x3a\xd2\x34\xf6\xf2\xda\x83\x26\xe4\x03\x6c\x2a\x5d\xb8\
\x16\x41\x63\x92\xc7\xd0\x23\x9c\xe7\x3b\xce\x6d\x69\x0a\x85\x6e\
\x6b\x00\xf9\x3c\xc4\xaa\x00\xd9\x8d\x5f\x07\xf2\x40\xfe\x79\x79\
\x9b\xd2\xfe\x18\x8b\x6b\x1a\x01\x4d\xa0\xd5\x07\xe6\x88\x63\xd4\
\x2b\x71\x80\x63\x47\x9f\x03\xcb\x23\xe6\xa0\x36\x43\x6f\x93\x9e\
\x64\x88\x13\x03\x54\x9a\xc3\x26\x38\xa3\x9b\x5e\xdf\xfc\x21\xd3\
\xd9\x39\xad\xa5\x66\x6b\x3f\xa4\xd2\xec\xfd\xad\x9d\x8a\x00\x08\
\x61\xda\x4b\xcb\xdf\x62\x9b\xbb\x44\x39\xb5\x18\x0b\x40\x33\x28\
\x60\xef\x64\x89\x48\xec\x03\xbc\x75\x0b\xad\x20\x76\x2f\x56\x04\
\xb0\x6d\xcd\x41\xed\x8f\x12\xad\xae\x2c\x13\x7b\x7f\x4c\x5f\x84\
\x4b\xa3\x93\xfc\xd9\xee\xc5\x2a\xad\xd5\x82\xf7\xf4\x33\xeb\xe8\
\x91\x45\xed\xc9\x30\xad\xde\x2d\xc1\xfb\x9d\x0e\x24\x04\x09\x81\
\x33\x03\x06\x27\xa7\x0d\x66\xb4\xc9\x01\xce\x65\x40\xcb\xb3\x59\
\xb1\x63\x79\xd0\x22\xf1\xb0\x56\x1c\xbb\x3c\x05\x50\x47\x19\x01\
\x2d\x0f\x7a\xcf\xe5\x2b\xfd\xf9\x52\x64\x4e\x88\x19\x1f\x62\xf0\
\xf6\x9f\x5f\xab\x6c\x6c\x12\x9d\xba\xb2\x93\x1a\x86\xbc\xc7\x00\
\xd4\xd3\xfd\xe1\xe4\x9a\x1c\x32\x3d\xb9\xb4\x13\x87\x50\x5b\x95\
\x29\x48\xa4\x8b\xd7\xb6\xd3\xab\xec\xdc\x0c\x53\xeb\xca\x39\xba\
\xa7\xe0\x1c\x35\x21\x7a\x32\xb6\x11\xc1\x0e\x1c\xf7\x98\xe2\xad\
\x7f\x93\x02\xdb\xbc\xd2\x0c\xea\x88\x84\x51\x1c\x22\xa5\x98\x1c\
\xc9\xf8\xd4\x31\x02\x76\xe1\x4e\xcf\x47\xec\xb3\xb3\x22\xa6\xf1\
\x0a\x1b\xea\x59\x88\xcd\xf5\x52\x59\xd6\x97\x51\x83\xd4\x35\x77\
\x73\x98\x95\x4a\x33\xd9\xc6\x23\x8a\x28\x0a\x2e\x00\xf5\x2c\xc6\
\xf1\x32\xcb\x13\xd2\xff\x54\xb6\x9a\x6b\x91\xb0\x39\x65\xd9\x76\
\x3d\xbb\xec\x4d\xfa\xfd\xc2\x7a\x93\x5d\x4d\x39\xb5\x8a\x1f\x5a\
\x23\x57\xf2\x9b\xf2\x00\x10\xf6\x11\xa6\x03\xff\x86\xa6\x3f\x1a\
\xa4\x11\xd3\xf8\x5c\xe9\x59\xda\xdf\x2a\xb0\xdd\xce\xcf\x74\x60\
\x40\x01\xde\xfa\xc3\xf3\x54\x84\x91\x44\xa7\xaf\x6c\xa7\xba\xab\
\x7b\x48\xd6\x55\x14\xcf\xab\x7a\x62\xd1\x6c\x6c\xe8\x86\x0e\xe6\
\x22\xe1\x45\x39\x05\x7d\x6f\x9b\xaf\x59\x60\x1f\x43\x1d\xc2\x3e\
\x27\x87\x00\xef\x3c\x6d\x22\x6c\x30\x6c\xa2\x3b\x83\x51\x3f\xf8\
\x3d\xfa\x68\xfb\x57\x1c\xf0\x8f\xa3\xd0\xc3\x81\x9c\x44\x2c\xa1\
\x4d\x39\x0b\x68\x72\xfa\x04\xfa\x7c\xd7\x00\x6a\xca\x0e\x0e\xbc\
\x01\xce\xb7\x53\x64\x89\x25\xb8\x88\x26\x6a\xad\x7e\x97\x67\xc9\
\x2e\x95\xf6\xee\xa1\xfe\x31\x43\x78\xf6\x34\xb9\xed\x08\xe3\x5f\
\x31\x57\xcd\xa5\x40\x88\x26\x13\xc3\xf7\x20\x06\x74\xef\xf4\x60\
\x0d\x03\x51\xb2\x30\x6b\x9a\x38\x26\x4c\x41\x78\x65\xd8\x50\xcb\
\xe9\xe7\x81\x01\x10\xed\xf1\xa1\x5e\x11\x03\x69\x79\xf6\x5c\x3a\
\x79\x05\xf6\x70\x2f\xcb\x21\xf9\xec\x85\x6b\x3b\x94\xd3\x39\xc0\
\xb2\x9f\xfe\xba\xbe\x83\x42\x0f\x2d\x24\xdf\xa8\xc1\x9c\x9a\xbe\
\x26\xd3\xdd\x32\x44\x82\xe9\x00\x78\x70\x50\x5a\xf4\x91\x4c\x91\
\x9c\xe1\x3d\xce\x49\x05\xc2\x30\xbd\x9f\x19\x0d\xc6\xc6\x3e\x81\
\x40\x6b\x3a\xf5\xbc\x54\xc0\x5f\x8e\x6d\x95\x81\xa7\x64\x29\x25\
\xa0\xef\xaa\x2d\x7d\x83\x8e\x5f\xde\x62\xca\x74\x40\x7c\xc0\xa6\
\x79\x98\x83\xcf\x00\xe3\x73\x5d\x36\xf7\xa6\xb8\x13\xab\x54\x28\
\x94\x29\x03\xf1\xe7\xe5\x70\x1a\x1a\x3f\x52\xc2\x2e\x10\x26\x0d\
\x42\xde\xa7\xbe\x6c\x27\xb3\xce\x85\xaa\x81\xca\x10\xd9\xc3\x91\
\xc4\x47\xdb\xfb\x49\x42\x20\x94\xa2\xd9\xf7\x23\x7c\x6a\xb3\xfe\
\x33\x65\x02\x62\xe9\xef\xdc\x38\xcd\x61\x4d\xa9\x7d\xf3\x5e\x59\
\xf0\x59\xd8\x6a\xd0\x86\x77\x4c\x5e\xfb\xbe\x42\x6a\x0d\x83\x61\
\x03\x16\x25\x58\x93\x92\xc2\xe6\x0d\x8e\x1b\x46\xeb\x0e\x05\xd2\
\xd2\xec\x99\x42\x30\xcf\xcf\x9a\x4a\x9b\x8e\x2c\x54\xd3\x3e\x96\
\x2e\x5e\x8f\x90\xd4\x15\x0f\x89\x1b\x07\x81\x8c\x8c\xe8\x99\x65\
\x5d\x84\x3b\xcd\xcd\x4d\x64\x67\x12\x45\x49\x9c\x59\x41\xa3\x12\
\x4e\xae\xa2\x3a\x7c\xbe\x61\x6a\x3d\x7a\x8c\xd3\xd2\x4e\x1b\xff\
\x4b\x35\x40\xdf\xb1\xf7\x7e\xe6\xd7\xce\x14\x76\x78\x81\x98\x95\
\xf4\x33\xc1\x74\x46\x78\x80\x24\x0a\x63\xf3\x50\x7b\x55\x77\xe1\
\x1d\x8c\x44\x38\x78\x5c\x5c\x23\xfb\xfc\x3a\x53\x22\x02\x2e\x76\
\x01\xcf\x20\xdc\x27\xee\x37\xf8\x60\x00\x3b\xcf\x71\xac\xc1\xaf\
\x93\x33\x67\x83\x77\x8c\xc5\xd0\x7a\xc6\x7e\x57\x43\xac\xdb\xf0\
\x3b\x27\xa4\x2b\x04\xb6\xa4\x2a\x3c\xfd\x60\xf3\x34\x0d\x33\xaf\
\x25\x19\xf9\xd0\x44\x89\x1b\xab\xa9\x69\x07\xed\x84\x23\xea\x10\
\xd6\x8b\x72\x2e\x6e\x12\x5b\xb7\x29\x67\x11\x6b\x50\x37\xda\x76\
\xf4\x57\xb6\x81\x31\x6c\x53\x7b\xc8\x94\x9e\x9d\x39\x49\xb2\xa4\
\xa3\x97\x36\xd1\x1f\x7f\x85\x53\x08\xe7\xfa\x8e\x6c\x93\x11\x32\
\x81\x27\xcd\x3e\xbf\x89\x9d\x4f\x77\x36\x33\x33\x44\x6b\x2f\xb1\
\x59\xe8\x11\xfe\x15\xdb\xd9\xa6\xa6\x88\x01\x26\x67\x69\xf6\x0c\
\x33\x1e\x22\xd1\xe2\x3e\xd3\xf8\xbb\x37\x0b\xd1\x62\x1f\xe0\x6d\
\x2d\xb9\x92\x02\x50\x33\xdc\xc7\xdc\xb9\x37\xc4\x8d\xa3\x6c\xbc\
\xf6\xd0\x5c\xb3\xf4\xd0\x5c\xb4\x74\x34\x70\xdf\x14\x09\x91\x4a\
\x2b\x0e\x75\x54\x82\xbf\x4c\xf5\xbf\xae\xc7\xd2\x17\x11\x83\xe8\
\x01\x8e\x2d\xdf\xd9\xda\x97\xdf\xcb\xa1\x6f\x63\x87\x92\x61\x72\
\x6d\x9a\xc7\x9f\xb9\xf1\x77\x24\x0d\x88\x19\xc6\x5a\xdb\x83\x7a\
\xee\x1c\xc0\x5a\x19\x4e\x1b\x0f\xcf\x17\x8d\x7d\x5f\x9c\xe0\x6f\
\x34\x30\x66\xa8\x0c\x12\x3e\x0f\x8e\x15\x83\x3b\x6b\xcf\x54\x99\
\x09\x98\xda\x30\x4d\x7e\x89\xfe\xca\x5c\x44\xe7\x71\x8f\x09\x94\
\x7a\x7a\x35\x3d\xcd\x33\xc0\x1a\x5b\x6b\x96\xae\x5a\x47\x4a\x1b\
\x41\x45\xe9\x58\x1b\xf5\xbc\x88\x8c\x0c\xa1\xed\xf0\x70\xf0\xec\
\x23\x13\x46\x6a\x4e\xe3\xf8\x72\xaa\x8f\x24\x80\x41\x86\x39\x58\
\xcd\x5a\x78\x83\x6d\x5e\xa3\x35\x1f\x08\x43\x75\x8e\x03\xf6\x01\
\x0c\x18\x9c\x18\x42\x29\x98\x8e\xb7\xb6\x7c\x21\xef\xb7\xdd\xd0\
\x93\xcf\x79\x9d\x35\x6c\x23\x9b\x80\x10\x36\x11\xaf\x49\x24\x50\
\x7d\x69\x67\x15\x46\xa5\xb2\x96\x4f\xa6\xca\x41\xaf\x49\x45\xe1\
\xeb\x98\xef\x65\x46\xe4\x7d\x7f\xf1\x94\xcc\xa1\x9e\xb5\xa0\xa2\
\xf2\x8c\x52\x14\x40\x3d\x80\x7a\x4b\x51\x83\x3a\x2a\xc1\x4f\xc0\
\xeb\xb2\xb9\x0f\xff\xff\x08\x67\x55\x9b\x05\x48\xc3\xc4\x57\xc4\
\xfe\x81\x50\x01\x55\x78\xea\xca\x16\x9e\xda\x6f\xd0\x7b\xe1\xbe\
\x94\x73\x29\x8c\x9e\xe0\x69\xee\xae\xbc\xba\xfb\x3c\x1f\x7a\x90\
\xed\xf1\xe9\x2b\xe1\x34\x36\x65\x8c\x84\x66\xf1\x27\x56\xc8\xd4\
\x7d\x8a\x01\x71\x0e\x64\xa7\x37\xad\xbe\x80\x98\x76\x7a\x05\x5f\
\xe7\x04\xf5\x8b\xfe\x4e\xde\xf3\xe5\xd7\x9b\x9a\x5a\x44\xa0\xde\
\xac\x04\x18\xb2\xdd\xc7\x17\xbd\xa6\x8e\x4b\x1e\x23\xc4\x30\x9c\
\xda\x9c\xbd\xd3\x45\x93\x60\x1f\x1f\x57\x1a\x56\x91\x13\x82\x50\
\x76\x74\xd7\xd8\x59\xd5\x61\x7b\xfa\xfc\xf2\xb7\xe8\x0c\x83\xf7\
\x29\x47\x0c\x98\xda\x00\x1e\x4e\xa7\x65\xe8\x27\x74\xf6\xea\x36\
\x7a\x7b\xeb\xff\xe8\xd1\x45\x1d\xd9\xae\x86\x52\x16\x3b\x21\x68\
\xb6\x7c\x0f\xdf\xd3\xec\xcc\x89\x74\xe5\x46\x32\x05\x1f\x58\x20\
\xc9\x07\xd2\xd6\x7e\x02\xaa\xed\x34\x75\x8f\x1e\x36\xb5\x60\x50\
\x53\x19\xc8\x49\x9a\x66\xf2\x54\x76\x98\xdb\x82\x02\x04\xd8\xbd\
\x52\x8f\xea\xbc\xa9\x0f\x07\xe4\x8d\xa8\xd7\xae\x6f\xf8\xbd\xc3\
\xd4\x87\x63\x55\xc3\xe4\x5a\x1c\x4d\xcc\x13\x1b\x0a\x5b\x09\x27\
\xd2\x2e\xac\x27\x1d\xbe\x18\x46\xbb\x59\x3b\x4b\x31\x80\x5d\xb7\
\xf4\x11\xfb\x39\x3a\x69\x34\x95\x61\x8f\xdf\x62\xed\x47\xc2\xcb\
\xc2\xce\x86\x1e\x0e\xe2\xe4\x40\x8b\x7f\xc1\xcd\x8e\x88\xff\xa1\
\x40\x4d\x4d\xd1\x01\x54\x73\x9b\x6a\xa5\xf7\x6f\x25\xdc\xa9\xe6\
\xfd\xf7\x99\x6a\x46\x9a\x24\xab\x9b\x4e\xe2\xa9\x1d\x24\x21\x0b\
\xb2\x1c\x0c\x44\xb9\x80\x66\x1c\xb7\x7e\x43\x57\x6f\x44\x88\xc3\
\x9a\xbb\x77\x2a\xd5\x64\xad\xda\x7d\x22\x98\x4e\xb0\xb7\xaf\xc9\
\x61\x10\xce\xdd\xc0\xf6\xf1\x14\xa7\x97\x67\x58\x3b\x4f\xf2\xfb\
\x00\x54\x2b\x6d\xfb\x30\x80\x38\x77\xbb\x78\xff\x31\x49\x63\xe4\
\x7a\xb9\x1c\xbe\x0d\x8a\x1b\xc9\x11\x46\x4b\x13\xc9\x8d\x38\x7a\
\x41\xd6\x54\x75\x4f\x51\x6a\xf0\xcd\xef\x73\x0f\x1d\x63\xdb\x5c\
\x83\xaf\x6f\x6f\x05\xa8\x6e\xfe\xe2\xfd\x53\x01\xea\x46\x97\x01\
\xb5\xef\x3c\x73\x62\x07\xf2\x30\x4f\xe9\x89\xe9\xe3\x79\x0a\xad\
\x95\x26\x07\x48\x14\x87\x50\x99\x67\xd7\x98\x0a\x74\xa7\x39\x96\
\x7c\x79\xe5\x3b\xc2\x07\x78\xa9\xf8\x16\xf1\x64\x83\xe0\xf7\xf9\
\xdc\x65\x12\xee\xec\x3f\xb7\x9e\x33\x9e\x25\x12\xe2\xa0\x44\x0d\
\x47\x04\x2f\xdf\x3a\xf4\x53\x1a\xb2\x7b\x24\x75\xde\xd8\x87\xa7\
\x78\x43\x4e\x1e\x7c\x28\xe8\xb7\x99\xa2\x79\x89\x7c\xad\xc4\x93\
\xab\x04\x50\x5c\xaf\xed\x86\xcf\x24\x90\x37\x66\x6d\x48\x36\xe0\
\xbc\xf6\x70\x3c\xab\x95\x59\xe2\xd9\x64\xac\x97\xfb\x33\xde\x6b\
\xd2\xc9\x10\x5a\xc6\xf1\x6a\x35\xb6\xdf\x18\xf0\x3b\x8f\x53\xeb\
\x03\xd4\x28\x80\x3a\xdf\xa9\xd7\x8b\x56\x97\x50\xa4\xdc\x31\xbf\
\xb5\x78\x69\x57\xc9\x92\x1a\xd3\x2b\x2b\xbb\x89\xa7\x36\x16\xe6\
\xde\xd9\xd2\x57\x2b\x08\x9a\x65\x63\x20\x45\xe0\x70\xbe\xe0\x29\
\x9f\x73\x71\xf3\x3f\xb4\x3d\xf5\x54\x30\xbd\x1b\xfe\xa5\xd8\x45\
\xe4\xf9\x70\x60\xc8\xbc\x22\x4d\x5c\x69\xb2\xf4\x55\x9d\xbb\xba\
\x93\xbe\x8b\x1b\x2e\x44\x8d\x25\xf9\x5c\x86\x01\x6e\xbe\xee\x23\
\x05\x68\xac\x84\x4f\x2d\x79\x90\xe0\x34\x5d\xd4\xbd\xba\x89\x58\
\x5f\x05\x00\x7d\xca\x78\x86\x48\x0f\xbf\x1e\xb9\x3f\xf2\x7c\x53\
\x2d\x89\xc5\xd8\x39\xb2\x22\x7b\xb6\x02\x20\x5e\x32\x2e\x63\xf7\
\x88\x79\x9a\x2b\xa9\x2a\x07\xfa\xc8\x7c\x86\xc4\x8d\xa0\x98\xe3\
\x2b\x54\xf6\x93\x2d\x76\xf7\x4f\x4e\x75\xf7\xb2\x16\x1e\x95\x7e\
\x00\xa4\xa7\xbf\x2b\xc6\x2b\x84\x46\x27\x8f\x96\xa4\x01\x1e\x1f\
\x89\x88\x97\x45\xee\x0f\x99\x90\xf6\xa3\x29\x19\x49\x3c\xb1\x52\
\x9c\x5a\x39\x06\xdb\x78\xaf\x10\x77\x1d\x4a\x2b\xaa\x56\xf5\x0b\
\x40\xed\x81\xf5\xf2\xba\xf3\x8b\x8a\xa5\x42\xbe\xaf\xe5\xf3\xc8\
\xbb\x23\x85\x5d\xb2\x74\x06\x46\x20\x50\x7e\x81\xa7\xae\xce\x1a\
\xd9\x76\x7d\x4f\x4e\x7d\x87\xd3\x72\x1e\x94\x0c\x8e\x43\x11\x09\
\xec\x3b\xbb\x8e\xd6\x1c\x0c\xa4\xe1\x09\x3f\xd0\xeb\x1b\x3f\xa7\
\x67\x91\xb6\x32\x98\x46\x6e\xd6\x92\xa5\xc2\x2c\x80\x83\xd3\x66\
\x8b\xc6\x52\x7d\xcf\x66\xa4\x0c\x5f\xc7\xbd\x08\x1a\xdb\xec\xbd\
\x65\x59\x66\x6f\x80\x5a\xbf\x6c\x75\xb7\x22\x69\xda\x45\xf6\xf4\
\xd2\xca\xb7\xd9\x09\x6c\x51\x29\x62\x82\xd4\xec\x31\xdd\xf2\x7a\
\x28\x68\x31\x58\x25\xc9\x84\x18\x28\x24\x0b\x48\x31\xa1\x59\x70\
\x22\x98\xfe\x08\xc9\x84\x22\x94\xbf\x37\x97\xf3\xf3\x22\x41\x3c\
\x15\xa8\x8b\x4d\xdd\x83\x89\x9c\xbd\x69\x83\x8a\x81\x28\x12\x3e\
\xf5\x79\x4f\x80\xda\xca\xa0\xb6\xc8\x38\xe9\x31\x4d\x7f\x2a\x0c\
\x53\x0f\x5a\xf1\x4b\xda\x4f\xc2\xbc\x6b\x53\x3a\x5e\x4b\x43\x19\
\x14\xaf\x42\x4a\x29\x00\x1e\xde\x5b\xec\x2e\x03\x89\x68\xc0\x59\
\x28\xc5\x36\xb7\xd1\xbf\xd5\x84\xba\x87\xf7\xe5\xb8\x57\x0b\x99\
\x72\xd9\x04\x2d\xd9\x3f\x9d\x5c\x39\x41\x70\xb6\xc2\x19\xe5\x2b\
\x81\x3e\x00\xf4\x1a\x4b\x35\xe3\x1e\x26\xa1\x2e\x5f\xd7\xd2\xfd\
\x42\xc6\x87\x03\xe1\xf2\xfb\x85\x75\x4a\x5b\x93\x59\x73\xc3\x39\
\x26\xec\x22\x53\x5d\xef\x7a\x11\xbe\xaf\xcc\x2c\x2d\x99\x39\x78\
\x71\x83\xb2\xe7\xac\xa5\x37\x76\x50\x5d\x90\x34\xd3\xea\x15\x4d\
\x8d\xea\xa6\xe7\x77\x36\xb5\xa1\x3b\x74\xa8\xa6\xf3\xf4\x37\x76\
\xdf\x35\xa6\xbe\x91\x20\x42\x22\x95\x07\xd6\x92\x81\xe8\x3f\x97\
\x49\xd5\x13\x21\x92\x35\x1c\xa6\xe5\x35\xc1\x8f\x96\x61\xd1\x92\
\x91\x14\x45\x98\xc4\x49\x35\xd7\x3f\xc9\x9f\x4a\xcd\x6e\x22\x5a\
\xef\xa5\x77\x35\xb5\xeb\xd3\x00\xd5\xdf\xbc\x44\xdd\x02\xf5\x15\
\xbd\x1b\x7c\xa1\xa5\xbd\x23\x06\x98\x51\x6d\x51\x66\x2c\x51\x3a\
\x6d\x3f\xba\x98\x9e\x63\x5b\xf9\x80\x0e\x8e\x03\xb6\x15\xe1\x13\
\xea\x58\xcb\xb2\x67\x29\x40\xe3\xcc\x1a\xd4\xe2\x65\x30\xd1\x87\
\x00\x87\x68\x49\x66\x5b\x6d\x4f\x5f\x96\x2d\x45\xda\x5b\xee\xbe\
\x93\xe6\xa6\xd3\x2e\x12\x00\x08\x0f\x09\xef\x7d\x4d\xea\xfd\x49\
\x79\x74\x8b\xc4\x88\x29\x00\x47\xea\x1b\x39\x58\xca\x2f\xb0\x99\
\xff\x36\x5e\x44\x38\x54\x41\xb2\xb4\x96\xf4\xc1\xb6\xaf\x28\xfb\
\x7c\x98\xba\xde\xee\x3c\xae\xa9\xf5\x5b\x4d\x49\x9f\x20\x26\x40\
\xb7\x0e\x15\xad\x01\xf8\x00\x4b\x15\xcb\xd6\x9f\xb1\xd8\x34\x46\
\x8f\x50\x0a\x6c\x51\x7f\xa1\xda\x12\x0b\xe9\xa5\xd2\x80\xcd\xcd\
\x8d\x95\x46\xb3\x86\x21\xef\xcb\x80\xa0\x90\x87\x24\xc1\x49\xf5\
\x51\x61\x80\x8c\xe2\xa6\x9c\x17\x32\x25\x64\x4e\xae\x9c\x70\xbc\
\xcc\x49\x46\xe0\xbe\xa9\x3c\xc5\xa3\xcc\xa6\x7c\x7e\x0d\x6a\xf1\
\x12\xeb\x4e\x62\x60\x11\x1f\xeb\xd1\x4b\xa5\x96\xb4\x4f\xcf\xab\
\x41\xcd\x87\xe5\xef\x8a\xf3\x7d\x74\x99\xfa\xed\xc3\x7a\xd1\xa1\
\x8b\x61\x66\xf9\x76\x5e\x0f\x18\xab\x40\xd7\xba\xfe\x2e\x5c\xdf\
\x21\x1c\x40\xbb\x0d\x3d\xe9\x29\x4e\x2d\x91\x45\x95\x57\x44\xb3\
\x34\xf3\x82\x70\x9e\xd3\x42\x6c\x27\xc2\x2b\x30\x56\xbf\xa4\x8d\
\xa7\x53\x1c\xc3\x6a\xdf\x13\xaf\x5e\xe3\xf2\xb9\x66\xa4\xdc\xcf\
\x59\x4e\x99\xbb\x73\xa6\x86\x48\x40\x97\xb6\xd1\x02\x56\x03\x3a\
\x58\x4b\xae\xdc\x14\x1f\xa1\xf9\x10\x78\xa3\x1f\x54\xa3\xdc\x22\
\xf3\x68\x16\x8b\xa7\x8b\xd7\x77\x98\x3a\x57\xcc\x41\xce\x3a\xb7\
\x8e\x03\xff\x59\xec\x5c\x46\x8b\xd6\x7f\x19\xf5\x1d\x7d\x1d\x3d\
\x84\x6d\xa2\x3f\x05\xed\x9f\x41\x69\xa7\x83\xd5\xf9\xe6\x9f\x4b\
\x55\x55\xd7\xd8\x3c\xda\x29\x23\xc5\x8e\x1f\xff\x6b\x07\x35\x5e\
\xf3\x21\x95\x9d\xdd\x5c\xda\x34\xf5\xd8\x8b\x45\xed\xea\x96\xef\
\xd6\x4c\x03\xb1\x01\x97\x7e\x75\xff\x86\xd2\xb9\x8c\x0e\x66\x2d\
\xab\x32\x3a\x8d\xdd\x32\x05\x41\x07\x36\x0c\xee\x4e\x73\x32\x27\
\xd1\x09\xd1\xb6\x74\xb3\x2e\xe9\x78\x05\x76\x86\x1a\x14\xf3\xd7\
\x54\x53\xd3\xb0\x06\x66\x26\x9d\xbf\xb6\x93\xe3\xd0\x99\xd4\x20\
\xf8\x3d\xd5\x14\x97\x62\xd6\x14\x17\x29\xd7\x3b\x7f\x2d\x96\x9a\
\xae\xf9\x40\xee\xcb\x53\xa7\xba\xbf\xda\x39\xc8\xbf\xa0\xf6\x74\
\xc4\x58\x07\x3d\x7e\x6e\xa6\x5f\xaa\x3a\xb3\x89\xf4\xda\xa3\xe7\
\x5e\x03\x43\x6b\xfd\x41\x47\x34\xbc\x3e\x58\x28\x47\x76\x32\x75\
\x18\xdc\x01\xac\x91\xe1\x47\x83\x38\x50\x8f\x36\x0b\xbf\xf2\xeb\
\x33\xd5\x5a\xd8\x63\x38\x34\x03\x57\xda\x98\xc1\x92\x88\x83\xe3\
\x50\x84\x55\x7e\x02\xec\x6e\x93\xd7\x3f\xc6\x03\xdb\x7c\xed\x07\
\x12\xe2\xb9\x4b\x16\xa6\xcf\x8e\x6d\x6a\x85\x4a\xa1\x7b\x5c\x0d\
\xd3\x2b\x66\xf5\x32\xeb\x54\x79\x81\x81\xdd\x23\x7d\xfd\x19\x12\
\x43\x1a\x9d\x11\xbc\x30\x9a\x84\x61\x2f\x11\xea\xa0\x1c\x0d\x76\
\x6b\xd7\x1f\x4b\x0b\x58\x9d\x92\x28\x34\x21\x6c\x2a\x7a\xfc\xe1\
\xb0\x30\x78\x70\x6c\xf8\x3e\xc4\xa1\x18\xb0\x69\x19\x13\xb4\xfe\
\x81\xbf\xb6\x49\xef\x00\x62\x62\x77\x2b\x6b\xfb\x79\x74\xfa\xfd\
\x7c\x3b\x4b\x7e\xd0\xbb\x9e\x63\x4d\x35\x20\xcf\xbe\x2a\x06\xd0\
\x7b\xdd\xc7\x34\x3e\xe5\x27\xc9\xb0\xf0\xe0\x96\x1d\x7f\xf0\xee\
\x08\xab\x0c\x93\x0b\x5f\x47\x15\xc1\xa0\xa3\x27\x00\x8e\xcc\x32\
\xc6\x45\x60\xef\xa4\x4a\xd3\x63\x53\xc6\x51\xb7\xad\xff\xd3\x6c\
\xe8\x02\x1f\xdd\x62\x53\xa5\xa5\x7f\x5a\x36\xfa\x16\x74\x7c\x81\
\x8d\xb0\x74\x6f\x05\x9a\x77\x93\x6f\x2d\x6c\xc5\xdf\xd2\xdb\x58\
\xf1\xe7\x52\xc0\x8a\x3f\x2f\xc5\x3d\xb8\xaa\x15\x7f\x9e\x7a\x33\
\x52\x3e\x55\x49\x6d\x33\x7a\xdb\xc7\x03\xd8\xd1\xb1\x28\x36\xee\
\xba\x9d\x87\x93\xb5\xa9\xfb\xf5\x59\x9b\xea\x59\x04\x6c\x94\x73\
\xdf\xff\x00\xd0\x2c\xc5\x9b\xfc\xeb\x2d\xe6\x72\x3d\x67\xb4\x2c\
\x86\x55\xd4\x8d\xd5\xea\xc0\x4c\x53\x09\xe4\x9f\x92\xc9\xf6\x39\
\xa4\x58\x56\x51\x63\x35\x8a\x5d\x4d\xa1\xf8\xbc\xef\x74\x79\xba\
\x1f\x88\x57\x5b\x83\x8a\xa6\x89\x69\x19\x3f\x53\xd6\xd9\x30\x4a\
\x3d\xb5\x5a\xca\xc7\xe6\xb2\xff\x5c\x98\xd4\x94\x00\xa8\xad\xd7\
\xfb\x3b\xb4\x95\x9d\xd6\xa6\x58\xb3\x89\x42\x69\x96\x4d\x4e\x9f\
\xd8\x76\xff\x3e\x14\xf6\xaa\x04\x75\xa4\x1a\xcb\xba\x08\x45\x88\
\xd2\xb1\xb9\xa0\xea\x2a\x6b\xac\x6c\xbd\x24\xbd\xcf\xcb\x46\x7a\
\xcf\xd1\xda\xed\x3e\x5e\x65\x39\x8d\x9d\xc5\x6c\xb9\xd5\x07\xf2\
\x7b\x8d\x98\xbe\x55\xf0\xbe\x53\x51\x10\xcd\x85\x77\xf4\x5d\x65\
\x69\xaa\xd7\xe6\x34\x9d\xcb\xd5\xaa\x44\xee\xe3\x9a\xdc\x97\xbb\
\xfd\x60\x83\x45\xd4\xf1\xd4\x86\xe2\xba\x1e\xbe\xd8\x4f\xc5\x73\
\x76\xeb\xfb\x0e\x54\xb5\x2f\xd5\x88\xa2\xda\xf0\x6b\x9c\x00\x1b\
\xd0\xe6\x7e\x03\x74\x7a\x51\x6f\x4d\x37\x5e\x80\x9d\xd5\xea\xde\
\x06\x74\xbe\xa9\xe4\x5c\xe4\x80\x1a\x8f\x31\x00\xd6\x9a\x16\xcc\
\x12\x6d\x43\xa7\x79\x1b\x35\x74\x8a\x8a\x80\x6c\x76\x60\x53\x96\
\xab\xc5\xbd\x2b\xba\xee\x65\xf5\x61\xf5\x8d\x4b\xcd\x47\x16\xd7\
\xc6\xb4\x5d\x40\x2a\x38\x7d\xfc\xfc\xbd\xb1\xd3\x6f\xcf\x17\x01\
\xe8\x19\x96\x0f\x8a\x7b\x0b\xe5\xff\x60\x45\x06\xe8\xc2\xe2\x48\
\x69\x75\x91\xb9\x6d\x8c\x9b\xcc\xe0\x17\x2c\xea\x96\x94\xcd\xbe\
\x41\x17\xfa\x61\x79\xbb\xf3\x17\x2f\xdf\x5d\xbb\xa7\xfb\xbe\x42\
\xf8\xa5\x0c\xc5\x8b\x56\x34\x94\xc0\x03\x3f\x32\x13\x8f\x2d\x98\
\x4a\xfa\x4e\xea\xe8\xcf\x57\x9b\xca\x64\xa8\x0d\xcb\x4b\xf4\xe1\
\xa4\x36\x70\x3d\x86\xae\x0d\xf7\x1f\x4b\x16\xb8\x88\x58\x2a\x74\
\x7b\xd6\x48\x30\x0f\x2e\x6c\xfb\xa3\x92\x76\xa0\xf1\xcd\x0f\xbc\
\x23\xec\x95\xad\x7e\x84\xa6\xa0\x1f\xa7\x51\xad\x39\xf8\x5d\xab\
\x9f\x58\x9e\x34\xdc\xc5\x47\x25\x83\xf6\xc3\x5d\xd1\xe5\x5e\xad\
\x44\xd8\x8b\x15\xbf\x5f\x62\xab\x1d\x7a\x9d\x3e\x7a\x8e\xca\xd5\
\x7e\xc8\xe8\x84\x30\xc8\x8f\x19\xee\xa1\xc3\x51\x6d\x33\x34\x99\
\x25\x13\x7b\x8e\x38\xbe\xf9\x34\xb9\x0e\xae\xcb\xd9\x99\x3e\x7c\
\x02\xb6\xe1\xc4\x0e\x11\xe8\xb4\x51\xbd\x4d\x58\x29\x32\x83\xe5\
\x4d\x16\x57\xc3\x3d\x7e\x54\x51\x1d\x31\x3f\xb0\x6c\xc7\x8f\x30\
\xd8\x3d\xe7\x29\x59\x0c\xec\x1d\xca\x15\x00\x07\x6b\x3d\xc1\x8c\
\xa1\x64\x0e\xc7\x82\x57\xd8\x68\xac\x02\x71\xfd\xbe\x9e\x78\xee\
\x0a\xdd\x6b\x48\x3a\xa9\x3c\xf8\x25\x96\x5d\x6a\x7f\x7e\x34\x8b\
\x55\x35\xdc\xa7\x87\x8b\x7a\xf8\x96\x2c\x9f\x2b\x7b\xb7\x52\x81\
\x83\xc5\xb3\xfb\xd0\x8b\xa0\x56\xd2\x1d\x54\xb5\x21\x2c\xab\x89\
\x50\xcb\xc0\x7f\x56\x2d\xe1\xad\xd5\x56\x1b\xc5\xae\x91\xff\x07\
\xdc\xd7\x4d\x3c\xf1\x93\x54\x60\x00\x00\x00\x00\x49\x45\x4e\x44\
\xae\x42\x60\x82\
\x00\x00\x1c\x30\
\x89\
\x50\x4e\x47\x0d\x0a\x1a\x0a\x00\x00\x00\x0d\x49\x48\x44\x52\x00\
\x00\x00\x55\x00\x00\x00\x55\x08\x06\x00\x00\x00\x38\xf5\xa8\x5a\
\x00\x00\x00\x09\x70\x48\x59\x73\x00\x00\x0b\x13\x00\x00\x0b\x13\
\x01\x00\x9a\x9c\x18\x00\x00\x09\xbc\x69\x54\x58\x74\x58\x4d\x4c\
\x3a\x63\x6f\x6d\x2e\x61\x64\x6f\x62\x65\x2e\x78\x6d\x70\x00\x00\
\x00\x00\x00\x3c\x3f\x78\x70\x61\x63\x6b\x65\x74\x20\x62\x65\x67\
\x69\x6e\x3d\x22\xef\xbb\xbf\x22\x20\x69\x64\x3d\x22\x57\x35\x4d\
\x30\x4d\x70\x43\x65\x68\x69\x48\x7a\x72\x65\x53\x7a\x4e\x54\x63\
\x7a\x6b\x63\x39\x64\x22\x3f\x3e\x20\x3c\x78\x3a\x78\x6d\x70\x6d\
\x65\x74\x61\x20\x78\x6d\x6c\x6e\x73\x3a\x78\x3d\x22\x61\x64\x6f\
\x62\x65\x3a\x6e\x73\x3a\x6d\x65\x74\x61\x2f\x22\x20\x78\x3a\x78\
\x6d\x70\x74\x6b\x3d\x22\x41\x64\x6f\x62\x65\x20\x58\x4d\x50\x20\
\x43\x6f\x72\x65\x20\x36\x2e\x30\x2d\x63\x30\x30\x32\x20\x37\x39\
\x2e\x31\x36\x34\x34\x36\x30\x2c\x20\x32\x30\x32\x30\x2f\x30\x35\
\x2f\x31\x32\x2d\x31\x36\x3a\x30\x34\x3a\x31\x37\x20\x20\x20\x20\
\x20\x20\x20\x20\x22\x3e\x20\x3c\x72\x64\x66\x3a\x52\x44\x46\x20\
\x78\x6d\x6c\x6e\x73\x3a\x72\x64\x66\x3d\x22\x68\x74\x74\x70\x3a\
\x2f\x2f\x77\x77\x77\x2e\x77\x33\x2e\x6f\x72\x67\x2f\x31\x39\x39\
\x39\x2f\x30\x32\x2f\x32\x32\x2d\x72\x64\x66\x2d\x73\x79\x6e\x74\
\x61\x78\x2d\x6e\x73\x23\x22\x3e\x20\x3c\x72\x64\x66\x3a\x44\x65\
\x73\x63\x72\x69\x70\x74\x69\x6f\x6e\x20\x72\x64\x66\x3a\x61\x62\
\x6f\x75\x74\x3d\x22\x22\x20\x78\x6d\x6c\x6e\x73\x3a\x78\x6d\x70\
\x3d\x22\x68\x74\x74\x70\x3a\x2f\x2f\x6e\x73\x2e\x61\x64\x6f\x62\
\x65\x2e\x63\x6f\x6d\x2f\x78\x61\x70\x2f\x31\x2e\x30\x2f\x22\x20\
\x78\x6d\x6c\x6e\x73\x3a\x64\x63\x3d\x22\x68\x74\x74\x70\x3a\x2f\
\x2f\x70\x75\x72\x6c\x2e\x6f\x72\x67\x2f\x64\x63\x2f\x65\x6c\x65\
\x6d\x65\x6e\x74\x73\x2f\x31\x2e\x31\x2f\x22\x20\x78\x6d\x6c\x6e\
\x73\x3a\x70\x68\x6f\x74\x6f\x73\x68\x6f\x70\x3d\x22\x68\x74\x74\
\x70\x3a\x2f\x2f\x6e\x73\x2e\x61\x64\x6f\x62\x65\x2e\x63\x6f\x6d\
\x2f\x70\x68\x6f\x74\x6f\x73\x68\x6f\x70\x2f\x31\x2e\x30\x2f\x22\
\x20\x78\x6d\x6c\x6e\x73\x3a\x78\x6d\x70\x4d\x4d\x3d\x22\x68\x74\
\x74\x70\x3a\x2f\x2f\x6e\x73\x2e\x61\x64\x6f\x62\x65\x2e\x63\x6f\
\x6d\x2f\x78\x61\x70\x2f\x31\x2e\x30\x2f\x6d\x6d\x2f\x22\x20\x78\
\x6d\x6c\x6e\x73\x3a\x73\x74\x45\x76\x74\x3d\x22\x68\x74\x74\x70\
\x3a\x2f\x2f\x6e\x73\x2e\x61\x64\x6f\x62\x65\x2e\x63\x6f\x6d\x2f\
\x78\x61\x70\x2f\x31\x2e\x30\x2f\x73\x54\x79\x70\x65\x2f\x52\x65\
\x73\x6f\x75\x72\x63\x65\x45\x76\x65\x6e\x74\x23\x22\x20\x78\x6d\
\x70\x3a\x43\x72\x65\x61\x74\x6f\x72\x54\x6f\x6f\x6c\x3d\x22\x41\
\x64\x6f\x62\x65\x20\x50\x68\x6f\x74\x6f\x73\x68\x6f\x70\x20\x32\
\x31\x2e\x32\x20\x28\x57\x69\x6e\x64\x6f\x77\x73\x29\x22\x20\x78\
\x6d\x70\x3a\x43\x72\x65\x61\x74\x65\x44\x61\x74\x65\x3d\x22\x32\
\x30\x32\x31\x2d\x30\x32\x2d\x32\x34\x54\x31\x39\x3a\x33\x33\x3a\
\x34\x31\x2b\x30\x34\x3a\x30\x30\x22\x20\x78\x6d\x70\x3a\x4d\x6f\
\x64\x69\x66\x79\x44\x61\x74\x65\x3d\x22\x32\x30\x32\x31\x2d\x30\
\x33\x2d\x32\x37\x54\x31\x36\x3a\x34\x34\x3a\x35\x37\x2b\x30\x34\
\x3a\x30\x30\x22\x20\x78\x6d\x70\x3a\x4d\x65\x74\x61\x64\x61\x74\
\x61\x44\x61\x74\x65\x3d\x22\x32\x30\x32\x31\x2d\x30\x33\x2d\x32\
\x37\x54\x31\x36\x3a\x34\x34\x3a\x35\x37\x2b\x30\x34\x3a\x30\x30\
\x22\x20\x64\x63\x3a\x66\x6f\x72\x6d\x61\x74\x3d\x22\x69\x6d\x61\
\x67\x65\x2f\x70\x6e\x67\x22\x20\x70\x68\x6f\x74\x6f\x73\x68\x6f\
\x70\x3a\x43\x6f\x6c\x6f\x72\x4d\x6f\x64\x65\x3d\x22\x33\x22\x20\
\x70\x68\x6f\x74\x6f\x73\x68\x6f\x70\x3a\x49\x43\x43\x50\x72\x6f\
\x66\x69\x6c\x65\x3d\x22\x73\x52\x47\x42\x20\x49\x45\x43\x36\x31\
\x39\x36\x36\x2d\x32\x2e\x31\x22\x20\x78\x6d\x70\x4d\x4d\x3a\x49\
\x6e\x73\x74\x61\x6e\x63\x65\x49\x44\x3d\x22\x78\x6d\x70\x2e\x69\
\x69\x64\x3a\x64\x37\x65\x36\x36\x63\x33\x62\x2d\x39\x63\x62\x66\
\x2d\x64\x34\x34\x38\x2d\x62\x34\x32\x30\x2d\x39\x62\x62\x35\x38\
\x36\x66\x63\x66\x62\x36\x35\x22\x20\x78\x6d\x70\x4d\x4d\x3a\x44\
\x6f\x63\x75\x6d\x65\x6e\x74\x49\x44\x3d\x22\x61\x64\x6f\x62\x65\
\x3a\x64\x6f\x63\x69\x64\x3a\x70\x68\x6f\x74\x6f\x73\x68\x6f\x70\
\x3a\x37\x63\x38\x62\x31\x30\x61\x34\x2d\x34\x39\x39\x61\x2d\x34\
\x35\x34\x62\x2d\x38\x66\x30\x37\x2d\x31\x61\x37\x32\x36\x61\x63\
\x64\x31\x63\x32\x34\x22\x20\x78\x6d\x70\x4d\x4d\x3a\x4f\x72\x69\
\x67\x69\x6e\x61\x6c\x44\x6f\x63\x75\x6d\x65\x6e\x74\x49\x44\x3d\
\x22\x78\x6d\x70\x2e\x64\x69\x64\x3a\x36\x66\x31\x63\x61\x34\x37\
\x65\x2d\x63\x61\x63\x66\x2d\x64\x33\x34\x65\x2d\x61\x39\x62\x62\
\x2d\x65\x66\x32\x30\x35\x62\x31\x66\x38\x34\x63\x39\x22\x3e\x20\
\x3c\x70\x68\x6f\x74\x6f\x73\x68\x6f\x70\x3a\x44\x6f\x63\x75\x6d\
\x65\x6e\x74\x41\x6e\x63\x65\x73\x74\x6f\x72\x73\x3e\x20\x3c\x72\
\x64\x66\x3a\x42\x61\x67\x3e\x20\x3c\x72\x64\x66\x3a\x6c\x69\x3e\
\x61\x64\x6f\x62\x65\x3a\x64\x6f\x63\x69\x64\x3a\x70\x68\x6f\x74\
\x6f\x73\x68\x6f\x70\x3a\x32\x35\x66\x39\x65\x30\x64\x38\x2d\x31\
\x33\x66\x63\x2d\x36\x63\x34\x30\x2d\x61\x66\x64\x32\x2d\x65\x38\
\x62\x63\x31\x38\x30\x34\x64\x37\x36\x64\x3c\x2f\x72\x64\x66\x3a\
\x6c\x69\x3e\x20\x3c\x72\x64\x66\x3a\x6c\x69\x3e\x61\x64\x6f\x62\
\x65\x3a\x64\x6f\x63\x69\x64\x3a\x70\x68\x6f\x74\x6f\x73\x68\x6f\
\x70\x3a\x34\x61\x38\x36\x61\x37\x39\x37\x2d\x37\x36\x32\x65\x2d\
\x37\x31\x34\x63\x2d\x39\x32\x63\x63\x2d\x66\x34\x63\x63\x62\x62\
\x61\x30\x39\x33\x30\x35\x3c\x2f\x72\x64\x66\x3a\x6c\x69\x3e\x20\
\x3c\x72\x64\x66\x3a\x6c\x69\x3e\x61\x64\x6f\x62\x65\x3a\x64\x6f\
\x63\x69\x64\x3a\x70\x68\x6f\x74\x6f\x73\x68\x6f\x70\x3a\x36\x61\
\x35\x33\x36\x39\x38\x33\x2d\x31\x32\x32\x31\x2d\x34\x36\x34\x66\
\x2d\x38\x63\x36\x30\x2d\x31\x32\x38\x36\x66\x34\x63\x36\x37\x66\
\x32\x34\x3c\x2f\x72\x64\x66\x3a\x6c\x69\x3e\x20\x3c\x72\x64\x66\
\x3a\x6c\x69\x3e\x61\x64\x6f\x62\x65\x3a\x64\x6f\x63\x69\x64\x3a\
\x70\x68\x6f\x74\x6f\x73\x68\x6f\x70\x3a\x36\x65\x31\x38\x62\x31\
\x31\x61\x2d\x63\x64\x32\x65\x2d\x34\x32\x34\x35\x2d\x62\x39\x63\
\x63\x2d\x33\x62\x33\x66\x39\x34\x32\x37\x66\x63\x32\x62\x3c\x2f\
\x72\x64\x66\x3a\x6c\x69\x3e\x20\x3c\x72\x64\x66\x3a\x6c\x69\x3e\
\x61\x64\x6f\x62\x65\x3a\x64\x6f\x63\x69\x64\x3a\x70\x68\x6f\x74\
\x6f\x73\x68\x6f\x70\x3a\x38\x36\x34\x62\x36\x61\x35\x31\x2d\x32\
\x34\x33\x33\x2d\x62\x62\x34\x63\x2d\x62\x62\x36\x32\x2d\x38\x37\
\x34\x62\x62\x66\x63\x61\x61\x62\x35\x35\x3c\x2f\x72\x64\x66\x3a\
\x6c\x69\x3e\x20\x3c\x72\x64\x66\x3a\x6c\x69\x3e\x61\x64\x6f\x62\
\x65\x3a\x64\x6f\x63\x69\x64\x3a\x70\x68\x6f\x74\x6f\x73\x68\x6f\
\x70\x3a\x38\x65\x38\x64\x30\x66\x35\x64\x2d\x37\x30\x37\x35\x2d\
\x65\x31\x34\x39\x2d\x61\x64\x61\x66\x2d\x64\x61\x35\x33\x62\x37\
\x38\x33\x65\x38\x34\x31\x3c\x2f\x72\x64\x66\x3a\x6c\x69\x3e\x20\
\x3c\x72\x64\x66\x3a\x6c\x69\x3e\x61\x64\x6f\x62\x65\x3a\x64\x6f\
\x63\x69\x64\x3a\x70\x68\x6f\x74\x6f\x73\x68\x6f\x70\x3a\x39\x63\
\x63\x37\x61\x36\x31\x37\x2d\x30\x37\x66\x39\x2d\x31\x31\x34\x66\
\x2d\x62\x61\x34\x35\x2d\x35\x63\x38\x66\x34\x34\x36\x37\x33\x66\
\x31\x35\x3c\x2f\x72\x64\x66\x3a\x6c\x69\x3e\x20\x3c\x72\x64\x66\
\x3a\x6c\x69\x3e\x61\x64\x6f\x62\x65\x3a\x64\x6f\x63\x69\x64\x3a\
\x70\x68\x6f\x74\x6f\x73\x68\x6f\x70\x3a\x65\x33\x36\x35\x38\x38\
\x35\x31\x2d\x31\x64\x65\x33\x2d\x38\x37\x34\x32\x2d\x62\x36\x31\
\x39\x2d\x33\x61\x61\x32\x38\x34\x34\x38\x33\x38\x61\x39\x3c\x2f\
\x72\x64\x66\x3a\x6c\x69\x3e\x20\x3c\x72\x64\x66\x3a\x6c\x69\x3e\
\x61\x64\x6f\x62\x65\x3a\x64\x6f\x63\x69\x64\x3a\x70\x68\x6f\x74\
\x6f\x73\x68\x6f\x70\x3a\x65\x66\x34\x39\x36\x38\x36\x35\x2d\x31\
\x34\x31\x66\x2d\x30\x36\x34\x32\x2d\x38\x31\x66\x66\x2d\x35\x65\
\x36\x31\x33\x34\x64\x66\x64\x33\x61\x65\x3c\x2f\x72\x64\x66\x3a\
\x6c\x69\x3e\x20\x3c\x2f\x72\x64\x66\x3a\x42\x61\x67\x3e\x20\x3c\
\x2f\x70\x68\x6f\x74\x6f\x73\x68\x6f\x70\x3a\x44\x6f\x63\x75\x6d\
\x65\x6e\x74\x41\x6e\x63\x65\x73\x74\x6f\x72\x73\x3e\x20\x3c\x78\
\x6d\x70\x4d\x4d\x3a\x48\x69\x73\x74\x6f\x72\x79\x3e\x20\x3c\x72\
\x64\x66\x3a\x53\x65\x71\x3e\x20\x3c\x72\x64\x66\x3a\x6c\x69\x20\
\x73\x74\x45\x76\x74\x3a\x61\x63\x74\x69\x6f\x6e\x3d\x22\x63\x72\
\x65\x61\x74\x65\x64\x22\x20\x73\x74\x45\x76\x74\x3a\x69\x6e\x73\
\x74\x61\x6e\x63\x65\x49\x44\x3d\x22\x78\x6d\x70\x2e\x69\x69\x64\
\x3a\x36\x66\x31\x63\x61\x34\x37\x65\x2d\x63\x61\x63\x66\x2d\x64\
\x33\x34\x65\x2d\x61\x39\x62\x62\x2d\x65\x66\x32\x30\x35\x62\x31\
\x66\x38\x34\x63\x39\x22\x20\x73\x74\x45\x76\x74\x3a\x77\x68\x65\
\x6e\x3d\x22\x32\x30\x32\x31\x2d\x30\x32\x2d\x32\x34\x54\x31\x39\
\x3a\x33\x33\x3a\x34\x31\x2b\x30\x34\x3a\x30\x30\x22\x20\x73\x74\
\x45\x76\x74\x3a\x73\x6f\x66\x74\x77\x61\x72\x65\x41\x67\x65\x6e\
\x74\x3d\x22\x41\x64\x6f\x62\x65\x20\x50\x68\x6f\x74\x6f\x73\x68\
\x6f\x70\x20\x32\x31\x2e\x32\x20\x28\x57\x69\x6e\x64\x6f\x77\x73\
\x29\x22\x2f\x3e\x20\x3c\x72\x64\x66\x3a\x6c\x69\x20\x73\x74\x45\
\x76\x74\x3a\x61\x63\x74\x69\x6f\x6e\x3d\x22\x73\x61\x76\x65\x64\
\x22\x20\x73\x74\x45\x76\x74\x3a\x69\x6e\x73\x74\x61\x6e\x63\x65\
\x49\x44\x3d\x22\x78\x6d\x70\x2e\x69\x69\x64\x3a\x30\x65\x35\x66\
\x31\x35\x62\x66\x2d\x38\x37\x31\x63\x2d\x35\x34\x34\x31\x2d\x62\
\x63\x65\x37\x2d\x36\x64\x36\x35\x36\x33\x35\x34\x62\x31\x34\x36\
\x22\x20\x73\x74\x45\x76\x74\x3a\x77\x68\x65\x6e\x3d\x22\x32\x30\
\x32\x31\x2d\x30\x32\x2d\x32\x34\x54\x31\x39\x3a\x34\x30\x3a\x31\
\x39\x2b\x30\x34\x3a\x30\x30\x22\x20\x73\x74\x45\x76\x74\x3a\x73\
\x6f\x66\x74\x77\x61\x72\x65\x41\x67\x65\x6e\x74\x3d\x22\x41\x64\
\x6f\x62\x65\x20\x50\x68\x6f\x74\x6f\x73\x68\x6f\x70\x20\x32\x31\
\x2e\x32\x20\x28\x57\x69\x6e\x64\x6f\x77\x73\x29\x22\x20\x73\x74\
\x45\x76\x74\x3a\x63\x68\x61\x6e\x67\x65\x64\x3d\x22\x2f\x22\x2f\
\x3e\x20\x3c\x72\x64\x66\x3a\x6c\x69\x20\x73\x74\x45\x76\x74\x3a\
\x61\x63\x74\x69\x6f\x6e\x3d\x22\x73\x61\x76\x65\x64\x22\x20\x73\
\x74\x45\x76\x74\x3a\x69\x6e\x73\x74\x61\x6e\x63\x65\x49\x44\x3d\
\x22\x78\x6d\x70\x2e\x69\x69\x64\x3a\x64\x37\x65\x36\x36\x63\x33\
\x62\x2d\x39\x63\x62\x66\x2d\x64\x34\x34\x38\x2d\x62\x34\x32\x30\
\x2d\x39\x62\x62\x35\x38\x36\x66\x63\x66\x62\x36\x35\x22\x20\x73\
\x74\x45\x76\x74\x3a\x77\x68\x65\x6e\x3d\x22\x32\x30\x32\x31\x2d\
\x30\x33\x2d\x32\x37\x54\x31\x36\x3a\x34\x34\x3a\x35\x37\x2b\x30\
\x34\x3a\x30\x30\x22\x20\x73\x74\x45\x76\x74\x3a\x73\x6f\x66\x74\
\x77\x61\x72\x65\x41\x67\x65\x6e\x74\x3d\x22\x41\x64\x6f\x62\x65\
\x20\x50\x68\x6f\x74\x6f\x73\x68\x6f\x70\x20\x32\x31\x2e\x32\x20\
\x28\x57\x69\x6e\x64\x6f\x77\x73\x29\x22\x20\x73\x74\x45\x76\x74\
\x3a\x63\x68\x61\x6e\x67\x65\x64\x3d\x22\x2f\x22\x2f\x3e\x20\x3c\
\x2f\x72\x64\x66\x3a\x53\x65\x71\x3e\x20\x3c\x2f\x78\x6d\x70\x4d\
\x4d\x3a\x48\x69\x73\x74\x6f\x72\x79\x3e\x20\x3c\x2f\x72\x64\x66\
\x3a\x44\x65\x73\x63\x72\x69\x70\x74\x69\x6f\x6e\x3e\x20\x3c\x2f\
\x72\x64\x66\x3a\x52\x44\x46\x3e\x20\x3c\x2f\x78\x3a\x78\x6d\x70\
\x6d\x65\x74\x61\x3e\x20\x3c\x3f\x78\x70\x61\x63\x6b\x65\x74\x20\
\x65\x6e\x64\x3d\x22\x72\x22\x3f\x3e\x75\x91\x7f\xde\x00\x00\x12\
\x1a\x49\x44\x41\x54\x78\xda\xed\x5d\x09\x78\x4c\x67\x17\x1e\x4b\
\x12\xd9\x64\x9f\xd2\x96\x96\xb4\x55\x4a\x55\x4b\xed\x4b\x24\xb2\
\xa0\x8b\x2a\xdd\xa8\x16\x2d\x4a\x8b\xaa\xdd\x4f\xa8\x8a\xbd\x68\
\xed\x64\xa3\x96\x16\xb1\x84\x96\x68\x68\x90\x65\xb2\xaf\x96\x52\
\x4b\xa9\xb5\xf8\xed\x82\x9c\xff\x9c\x73\xbf\x3b\x46\xcc\x24\x99\
\xc9\x9d\xc9\x88\xff\x3e\xcf\xfb\xdc\x2c\x93\xc9\xbd\xef\x3d\xdf\
\xd9\xbf\x33\x2a\x55\xd9\x1f\xf6\x88\xa7\x11\xcd\x11\x1f\x22\xc6\
\x23\x42\x11\xbf\x22\x12\x11\x39\x88\x23\x88\xa3\xe2\x9c\x8b\x48\
\x42\xfc\x86\x08\x47\x4c\x40\xf4\x44\xb4\x42\xd4\x40\x38\xa8\x1e\
\xd3\xc3\x13\xe1\x83\x18\x89\xd8\x88\x38\x65\xf3\x9c\x1b\xd8\xb5\
\x78\x12\x1c\xba\x3c\x0f\xce\x9f\xbd\x0c\x2e\xc3\x9b\x80\x6b\x70\
\x0b\x70\x9b\xda\x06\xdc\x67\xb5\x03\xf7\xef\x7d\xa4\x33\x7e\xef\
\x86\x3f\x77\x19\xd1\x04\x9c\x3f\x7f\x99\x5f\x5f\xa5\xe5\x53\x60\
\xf3\x82\x1b\xe0\xfb\x9c\x41\x44\x23\xc6\x20\x7c\x11\x4f\x94\x77\
\x22\x2b\x20\x02\x10\xd3\x49\x02\x6d\xea\x79\x80\x43\x67\x6f\xa8\
\x3a\xf4\x35\xf0\x98\xd7\x1e\xbc\x56\x74\x2c\x35\x3c\x7e\xf4\x05\
\x97\x61\x8d\xc1\xe1\x4d\x6f\xb0\x7d\xc9\x83\x48\x4e\x45\xcc\x46\
\x74\x42\xd8\x94\x27\x32\x1d\x11\x43\x10\xb1\xb6\x0d\xbc\xc0\xf1\
\xfd\x17\x59\x02\x95\x20\xb1\x38\xb8\x7d\xdb\x12\x9c\x3e\xaa\x0b\
\xb6\xaf\xa8\x89\xe0\x38\xc4\x08\x84\xfb\xa3\x4c\xa6\x9b\x58\x86\
\xb9\xf6\x81\xb5\xc0\x75\x74\x53\x8b\x10\x69\x08\xae\xe3\x9a\x81\
\x43\xa7\xda\x44\xee\x01\x44\xf0\xa3\xa6\x1a\xc8\x50\xf4\x45\x1c\
\xa6\x65\x48\x3a\xb0\x2c\xc9\x2c\x0c\xf7\xe9\x6d\xc1\xf1\x9d\xe7\
\x89\xdc\x93\x88\x41\x08\x27\x6b\x27\xb4\x29\xe2\xf7\x2a\xed\x6a\
\xf0\xd2\xb3\x26\x32\x1f\x22\x17\x1f\xb6\x7d\x87\x67\x88\xdc\x78\
\x44\x1b\x6b\x24\xd3\x0e\xf1\x0d\xe2\x36\x59\x64\x6b\x26\xb3\x30\
\xaa\x0e\x7c\x85\x88\x2d\x40\x4c\x44\x38\x5b\x0b\xa1\x2f\x22\x76\
\x90\xde\x24\x97\xe7\x51\x22\x54\xeb\x35\x2c\xf0\x93\xf5\x2d\x19\
\xb3\x86\x65\x4d\x28\xb9\x48\x27\x9c\x7a\xd6\x7b\x24\xc9\x2c\x0c\
\xe7\x4f\xeb\xcb\xbe\x6e\xd7\xb2\x22\xb4\x3f\xe2\x2a\xf9\x99\xe5\
\x81\x50\x19\x2e\xa3\x9a\x12\xb1\xb7\x84\x3a\xb3\xe8\x31\x96\xf4\
\x90\xdb\x94\xd6\xe5\x8a\x50\xad\x11\x43\x35\x66\xef\x5b\x93\xc8\
\x9d\x66\x29\x42\x27\xd0\x3f\x54\x2a\x0a\xb2\x56\x78\x2e\xf5\x97\
\x89\x9d\x6d\x76\x09\x65\x42\x31\x1c\x2c\xcf\x84\x6a\x89\x0d\x0d\
\x94\x89\x9d\x69\x2e\x42\xfb\x54\x69\x5b\xa3\xdc\x4b\xe8\x43\xc4\
\x2e\x0f\x90\x89\x1d\xa6\x34\xa1\x9d\x58\x87\x4e\x6a\xf9\x58\x11\
\xaa\xab\x63\xed\x9a\x56\x27\x62\xbb\x2b\x45\xe8\x4b\x14\xd2\x51\
\xf6\xe7\x71\x24\x54\x9b\x3b\x18\xc3\x5e\xc1\x65\x11\x35\x96\xfa\
\xd8\xe2\xd4\xeb\xa5\xc7\x9a\x50\xad\x1f\x8b\xd1\x22\x65\xdb\x10\
\x95\x4b\x43\xe8\x68\xd2\x27\xff\x27\xf4\x3e\xec\xfd\x9f\x2d\x95\
\xe1\xa2\x70\xed\x96\xc7\x1c\xe3\x0c\x93\x7a\x45\x27\xa8\x1a\xee\
\x0f\x95\x97\xf9\x40\x25\x44\x65\x2b\x44\x25\x46\x3b\x70\x0c\xeb\
\xc0\xd7\x6b\xac\xe1\x12\x55\x86\x56\xa6\x64\xe9\xf7\x50\xd8\x66\
\xb4\x52\x8f\x08\x84\xfa\xeb\xde\x83\xb7\x77\x7c\x01\x5d\x63\x06\
\xf2\xd9\xda\xf0\x0e\x5e\x57\xd7\x9d\x03\xa1\x71\xd4\x47\xe0\x16\
\x19\x68\x7c\x12\x66\x00\x27\x61\xa8\x76\x66\x6b\x0c\xa9\x7d\x29\
\x7d\x67\xca\xf2\xb0\x5d\xde\x1e\x82\x53\x27\xc3\x95\xfc\x3d\x70\
\x15\x71\x25\xff\x0f\xab\xc3\xd5\xfc\x38\xb8\x76\x27\x11\x56\x1c\
\x5a\x00\x15\x97\x99\x96\x04\xb2\x0f\x60\x35\x30\xc2\x98\x24\xf3\
\x09\x53\xf3\xa1\xb6\xa1\x12\xa9\x00\xe9\x88\x4c\x44\x9a\x15\x22\
\x03\x91\xc3\xa4\x56\x58\x6a\x1a\xa9\x54\x88\x44\x9e\x4e\x23\xbc\
\x4a\x42\xea\x28\xfb\x8e\xb5\x4c\x56\xe4\x76\xa1\xbe\x30\x42\x33\
\x01\x0a\x20\x11\x2f\x3c\x19\x91\x68\x85\xd0\x20\x52\x61\x41\xde\
\xf7\xac\x5f\x4d\xbd\x57\xaa\xe4\x22\x5f\x53\x8b\x23\x94\x4a\x0b\
\x47\x4a\x93\x17\x25\x52\x47\x3e\x22\xa4\x2e\xcc\x9b\x53\x2a\x52\
\x29\xba\x14\x65\x19\xb7\xa2\x48\x1d\x42\xc9\xe6\xd2\xb8\x1c\x25\
\x23\x35\xc9\x04\x22\x94\xfc\x1b\x65\x48\x65\x69\x7d\xd3\x9b\x88\
\x9d\x54\x54\x49\x64\x8f\xeb\x7f\x9a\x9b\x91\xd4\x14\xa1\xcf\xd2\
\x84\xce\x4d\x2a\xa1\x54\xa5\x33\x09\xd2\x39\xa5\x84\x84\xea\xea\
\xcf\x54\xb3\x91\x4a\xe9\x4f\xe4\x2d\x13\xe1\xa2\x8f\x54\x3f\xc4\
\x5d\xaf\x88\x20\x33\x91\x9a\x06\xbb\xfe\xf9\x09\x3e\x88\x1d\x0c\
\xbe\x5b\xfb\xc0\xe2\xbc\xb9\x82\xd4\xa2\x48\x4a\x85\x73\x37\x77\
\xc2\xd7\x89\xe3\xa0\xf5\x96\x5e\xd0\x27\xee\x1b\x38\x74\x79\xab\
\x1e\x92\x1e\x7e\x08\xeb\x8e\x2e\x83\x0e\xdb\xfa\x40\x17\x74\xa1\
\x36\x1e\x0b\x2d\xf4\x37\xca\x91\xea\x15\xd9\x51\xae\x71\x75\xd1\
\x47\xea\x14\xc7\xee\x75\x4a\x1d\x71\xe8\x27\x35\x03\xf6\x9c\x5e\
\x03\x75\xd6\x76\x05\xd5\xd2\x36\x7c\x23\x15\x17\xb7\x82\xe9\x99\
\xd3\xe0\x5e\x41\xa6\xb8\xc9\xc2\xe4\x24\xa3\xdb\xb3\x87\xfd\x4a\
\x3b\x74\xd3\xc8\x59\xb7\x5d\xee\x03\x2d\x37\xf7\x82\x8b\xb7\x76\
\x17\xf1\x30\xb2\x61\xd5\xe1\xc5\x50\x25\xcc\x17\x2d\x7b\x5b\x50\
\x2d\x69\x03\xd5\x56\x76\x82\x35\xf8\x33\x80\x2c\xe5\x49\x45\x50\
\x39\x09\xf9\x9b\x57\x98\x50\xea\xda\x48\x77\x9b\xdc\xca\x0c\xa4\
\x6a\xf8\x66\xde\x8f\xfd\x12\x54\x0b\x9b\x83\xe7\x0a\x69\x25\xd8\
\x20\x51\xcf\xaf\x7d\x07\x0e\x5e\x8e\x16\xae\x57\xe2\x43\xaa\x22\
\xf9\xfc\x3a\x70\xc3\x60\xc2\x35\x42\x72\xd0\xe9\x6b\x97\xf0\x00\
\x58\x7f\x74\xa9\x01\x52\xd3\xe1\xfc\xcd\x58\xf0\x89\xfe\x94\xc9\
\xe4\x08\x08\xa1\x5a\xd4\x12\x02\xb6\xf5\x85\xdb\xf7\x64\x15\xa4\
\x2c\xa9\x64\xd8\xa9\xcf\x01\xf1\x94\x2e\xa9\x3e\xd4\xdb\xa4\x44\
\x6c\x6c\x88\xd4\xce\xdb\xfb\x33\xa9\x14\x16\xaa\xf1\x75\x8e\x61\
\x7e\x50\xed\xa7\xce\x90\x7b\x31\x8a\xa5\x4b\x1f\xa9\x71\xa7\x57\
\xf3\xeb\x3c\x23\xa5\x07\xe1\x81\x67\x27\x0c\x2d\x23\xd0\xbf\xd4\
\x6f\x04\x33\x51\x5d\xc4\x70\xa4\x54\x11\xa5\x94\xfe\xd7\x13\x28\
\xa5\x44\x6a\xd3\x4d\x3d\x50\xf2\xe3\x85\x1a\x50\x96\x54\xf6\xcf\
\x1b\x7a\x11\xb1\x1d\x75\x49\x1d\x4e\x25\x5a\xf3\x90\x2a\x2d\xc9\
\xa8\x63\xcb\xf0\x77\xed\x39\x82\x71\x0a\xf7\x07\xd5\x8f\x4d\x60\
\x44\xd2\x78\xc8\xbf\x97\x66\x80\xa0\x14\xf8\x6f\xfe\x6e\x78\x2d\
\xea\x43\x5e\xc6\x24\xa5\x36\xb8\xfc\x6b\xaf\xed\x02\xa7\xaf\xc7\
\x18\x90\x54\x0d\xff\xaf\xf9\xb9\xb3\xf9\x01\xda\xe3\x03\x21\xd5\
\x51\x01\xa5\x76\x5e\xce\x2c\x76\xf8\xcd\xb1\xfc\x09\x8e\xef\xbe\
\x40\xa4\x4e\x96\x09\xad\x42\xe9\x3d\x97\xaf\x1b\x9b\x91\x54\xc9\
\x50\xad\x3a\xbc\x88\x75\xe2\x8b\x3f\x77\x83\x31\xc9\xc1\x18\x2e\
\x26\x0a\xeb\x9c\x60\xc0\x1d\x4a\x41\x49\xde\xc4\xb1\xba\x37\xaa\
\x8a\xc0\x6d\x9f\xc1\xbe\x33\x6b\x85\x55\xd7\xe7\x39\x24\xf0\xef\
\xf2\xef\xa5\xc0\xcc\xac\x19\x50\xf7\x97\x6e\xf0\x2a\x3e\x94\xf9\
\x48\x5e\x41\x81\x46\x47\x77\x2b\x4f\x2a\x79\x4d\xe4\x3d\xc9\x6d\
\x44\xa4\x07\xce\x7a\xcc\xf7\x33\x23\xa9\x09\xe2\xeb\x54\x34\x32\
\xbb\xe0\xd4\xf5\x1d\xe2\xfb\x74\x03\x84\xde\x37\x56\x24\x79\xf7\
\x0a\x12\x50\x57\xfe\x8e\x3a\x71\x9f\x50\x15\x45\x79\x0c\x09\x82\
\xf4\x14\x96\xe8\x73\xf8\x77\xd2\xeb\x53\x74\xfe\x97\xf2\xa4\x52\
\x3d\x0b\x79\xbc\x89\xa8\xcd\xfd\x4f\x36\xde\xae\x8a\xe5\x1b\x8b\
\xf6\x53\x35\x3a\x3e\x6a\xb2\x1e\x42\x13\xc4\x6b\x32\xc4\x52\x95\
\x7d\xd9\x24\xf1\xf3\x24\x1d\x1f\x34\x47\x18\xb8\x64\x03\xc4\xca\
\xfe\x6d\x9a\x1e\xef\x42\x79\x52\x59\xaf\x4a\x3d\xb1\xd4\x6c\xac\
\xfa\x90\x3a\x98\x2d\x43\x6a\x51\xd2\x45\xe7\x5c\x26\xeb\xcc\x8d\
\x9d\x90\x70\xf6\x67\x58\x72\x60\x2e\x0c\x47\xbd\xfb\xf1\xee\xa1\
\xf0\xde\xef\x5f\x41\xcf\x5d\x43\x61\x68\xc2\x38\xf8\x01\x75\xe6\
\x1f\xff\xac\x82\xbf\xaf\xed\x10\x0f\x20\x4f\x10\x9e\x60\xd1\x30\
\xf5\xa1\xcc\x55\x7b\x2e\x10\x52\x93\x89\x6a\x3c\x25\x06\xca\x96\
\xd4\x34\x26\x34\xeb\xdf\x2d\xf0\x5d\x46\x08\x3a\xfa\x9f\x80\x33\
\x19\xb3\xc5\xad\xd9\x3f\xad\x82\xef\x69\x8f\xa0\x73\x65\x34\x56\
\xaa\x25\xad\xf9\x6b\xb2\xe8\x63\x34\xc1\x10\x7f\xe6\x17\x41\x6c\
\x46\x99\x92\x4a\x0d\xc6\x72\x9f\x40\xb8\x92\x9d\x7a\xc6\x93\x9a\
\x06\x37\xee\xec\x63\xeb\x5c\x7b\xcd\xdb\x68\xb5\x5b\x30\x91\x6e\
\x11\x45\x27\x8f\xdd\x23\x03\x39\x77\xab\x5a\xd0\x9c\x9d\xfb\x6f\
\xd3\xbe\x43\x09\x8f\x2d\x81\x9e\x36\x1f\xa9\xd4\x02\x25\xf6\x30\
\xa8\x7e\xa3\x4d\x09\x96\x27\x55\xc3\x3a\x31\xf5\xfc\x06\xf0\xc3\
\x70\x92\x6e\x8e\x48\x92\x4a\x32\x46\x2e\xbb\x50\x3f\x96\x5e\x92\
\xdc\x9d\x27\x57\x89\xc8\x49\x63\x71\x52\x5d\x27\x34\x97\xfb\x5d\
\x55\x1a\xb7\x89\x2d\x2d\x4c\xaa\x64\xd5\xb7\x1c\x0f\x87\x17\x7e\
\xee\xca\xd1\x0f\xd5\xb5\x48\xfa\xe4\x88\xcb\xe8\x1b\x8a\x08\xc0\
\xf7\x69\x0b\xd5\x57\x76\x86\xd0\x03\xf3\x05\xb1\x29\x16\x25\x55\
\x24\x57\xb2\x88\xd4\x3c\xf7\x69\x6d\x2c\x48\xaa\x44\x68\xd8\xc1\
\xf9\x1c\x1d\x91\x83\x4e\x67\x15\x3a\xf8\x55\x30\x38\x20\x82\x49\
\x9f\x52\x24\x64\xb4\x5b\x43\xa9\x38\x94\x5a\xaa\x3e\x84\xa4\x4f\
\x15\xc4\xa6\x5a\x8c\x54\x9d\x70\xb5\x74\x49\x69\xe3\x49\xcd\x82\
\x1c\x74\xe8\x49\x22\x9d\xc2\x3b\xb0\x84\x11\x3e\x88\xfd\x0a\xa6\
\x66\xcc\x84\xfe\x7b\x47\xb2\x11\xa2\xe8\xc9\x14\x62\x65\xa9\xa5\
\xf7\xd8\x79\x6a\xa5\xf0\x6b\x93\x2c\x42\x2a\x55\x9e\xa9\x14\x45\
\xa4\x1e\xa3\x7a\x8b\x65\x48\x4d\x85\x3b\xf7\x12\xc0\x1f\x23\x23\
\xd2\x9f\x5c\xce\x8e\xf0\x87\xe5\x07\x7f\x10\x3e\xe7\x9f\xec\x05\
\xac\x3d\xb2\x98\xa5\x97\x24\x4e\x6d\x02\xb1\xa4\x93\x9d\xc2\xfd\
\xa0\xd1\x86\x0f\xe0\xd2\xed\x58\xb3\xe6\x53\x0d\x54\x02\x54\x7f\
\xb9\xcf\x6e\x67\x31\x52\xe7\xa2\x95\xa7\xf4\xdf\x13\x48\x28\xc5\
\xe5\xbd\xff\x18\x26\x5c\xa1\x0c\x9d\xc8\x6b\x3f\xfc\xfa\x77\x24\
\x78\x10\x39\x48\xae\x29\xd7\x41\x0f\x83\x92\x2a\x43\x12\xc6\xe8\
\xd1\xad\xe6\x97\xd4\xfd\x96\xd1\xa9\xc9\x70\xf6\x46\x0c\x1b\x26\
\xd2\x99\xf4\x5a\xb2\xd8\xe1\x07\xe7\x0b\x29\xd5\x14\x8a\xfb\x25\
\x43\x46\xe4\x3b\x71\xd3\x83\x09\x2e\x0e\xaa\x01\xca\x84\xa5\x5f\
\x58\x5f\x88\x58\xf3\xeb\x54\x0b\x59\xff\x4c\x18\x97\x32\x91\x9d\
\x78\x77\x91\xca\x23\x49\xed\x17\x37\x42\xdc\x70\x9a\x1e\x83\x96\
\x09\x1b\x8f\x85\x69\xfb\x09\x8c\xd5\xb1\xa4\xb7\x29\x6f\xdb\x73\
\xd7\x90\x42\x39\x5b\x33\x59\xff\x10\xb6\xfe\xd9\x44\xea\x0e\x97\
\x91\xaf\x9b\x99\x54\x0d\x27\x88\x9b\x6d\xea\xc9\x6d\x37\xda\x9b\
\x46\x72\x29\x01\xbd\xfe\xaf\x65\x3a\x69\xb9\xc2\xc4\x66\xc1\xe6\
\xe3\x91\x9c\x57\xad\x84\xcb\xd9\x58\x62\xe9\x61\x34\x58\xff\x1e\
\x86\xb4\xdb\x75\x74\xab\xb9\xfc\xd4\x16\x44\x6a\x02\x91\x1a\xe9\
\xdc\xbf\xa1\x99\x49\xcd\x80\x5d\xa7\x7e\x82\x67\x57\xbf\xcd\xfd\
\x4b\x0f\x5a\xea\x40\x4e\x3e\x47\x1f\x0f\x63\x5d\x0a\x10\xaf\x27\
\x05\x98\x0b\xdb\xff\x5e\x09\xf6\xcb\x7d\x39\x1f\x6b\x0c\xb1\x2e\
\xa8\x6a\x3c\xd0\xff\x95\x12\xdb\xd9\x66\x25\x95\xd2\xa7\xc8\xe7\
\x66\xee\xe1\x37\x7f\xec\x9f\x0b\xdf\x67\xcf\x04\x47\xe1\x42\x3d\
\x2c\x4d\x52\xbb\x7b\xda\xf9\x4d\x22\xa9\x92\xa0\x87\xd8\xfd\x10\
\x83\x2e\x92\x0b\xfe\x3d\xf9\xb6\x25\xd5\xb1\x1e\x91\x1d\x39\x49\
\x3d\x2c\x69\x1c\xbe\xc7\x81\x07\x48\x5d\xb4\x7f\x2e\x87\xc4\x8a\
\xc5\xfe\x52\xad\x6a\x2e\x91\xda\x93\xf6\xcb\x2b\x49\xea\xe8\xe4\
\x60\x9d\xe5\x9b\xc8\x84\x0c\x8e\x1f\xc3\x86\xc9\x50\xc4\x44\x12\
\x43\x46\x4c\x73\x7e\xa3\x20\x36\x49\xaf\xc4\x6e\x3a\x1e\xca\xc4\
\x1a\xe3\x15\xa8\x16\xb7\x82\x77\x62\xbe\x10\x79\x01\x39\x59\x9d\
\xc2\x92\x5a\x59\xc9\x2c\x95\x1f\x6f\xcb\x1c\x48\xa4\xb6\xb0\x79\
\xde\x4d\xb1\x37\x26\xa7\x7b\x44\x12\x4a\x6a\x41\x82\x4e\x8d\x2a\
\x03\xba\xed\xfc\x92\x6f\xae\x28\xa3\x52\x19\xa5\xe6\xc9\x9f\x3a\
\xc1\x86\xa3\x61\x42\xc7\x26\xeb\x21\x36\x03\xa2\x8e\x2e\x87\xea\
\x68\xd5\x1d\x58\x62\x8b\x57\x05\x14\xad\x51\x7e\xe1\xd6\xdd\xbd\
\x3a\x35\xaa\x64\x98\x83\xab\x87\x82\x0c\xc5\xf2\xa9\x0d\x3c\x89\
\x54\x7f\x95\x18\x91\x71\xc1\x63\xa1\x32\x99\x7f\x4a\x6e\x50\x54\
\x94\xcf\x59\xfa\x64\x2d\xde\xdc\x3e\x80\x25\xb5\x28\x87\x5d\xf6\
\x08\xbc\x90\x60\xa9\x56\x9f\xa3\x27\x31\x22\x1b\xaf\x08\xce\x15\
\xd8\x2c\x2b\x3e\xf2\x22\x52\x7d\xa3\x7b\xc3\xf5\x3b\x71\x3a\xa4\
\x6a\x60\x4a\x7a\x88\x36\x89\x53\x6a\x84\x07\x11\xa1\xf9\x08\x6f\
\x79\x86\xc9\x36\x97\x6f\x94\xc9\x54\x91\x21\xa2\x9a\xd2\xb5\xfc\
\x38\xe1\x2a\x49\x65\x93\x77\x77\x0e\x2a\x52\x52\x1f\x50\xf8\xb8\
\xbc\xc9\x3f\xdd\x7c\x3c\xd4\x80\x8e\xd5\x30\xe1\xd1\x27\x56\xe0\
\x43\x6c\x5f\xac\x57\xc0\x92\xba\x95\x24\x75\x8f\x20\x35\x19\xee\
\x16\xc4\xc3\xe0\x84\xb1\xbc\xb2\x14\xb6\xfc\x55\xb5\x6d\xe8\x0e\
\x6f\x78\x2b\xf3\xe6\x48\x48\xc3\xf5\xef\xc3\xe5\xdb\xbb\x75\x7c\
\xcf\x3c\xe8\xb7\x67\x78\x89\x49\x65\xa5\x8f\x46\x8d\x88\xca\xe4\
\x12\x76\x9e\x01\xe3\x95\x07\x3b\x4e\xae\x00\x07\x91\xbc\x36\x14\
\xd2\x52\xb2\xbb\xd3\xf6\x7e\xda\x65\x4f\x0f\xfb\x1a\x4a\xed\x1b\
\xdb\xfb\x6b\x03\x91\x52\x0b\x53\xf7\x3a\x44\x6a\x88\x6e\x89\xda\
\x97\xea\x2b\x8a\x14\xc0\xc8\x09\xc6\x65\x99\xf1\x6f\x94\x8e\x5f\
\x98\x07\x21\x19\x53\xd9\xca\x17\x97\x7c\x7e\xc0\xe8\x51\xc3\x05\
\x1a\xaf\xc4\xb3\x1b\x0c\xf4\x06\x48\x5e\xc1\x6f\x27\x22\x38\x87\
\x40\x19\x2a\xb5\x9e\xeb\xa1\x87\x39\x60\xef\x28\xf1\x70\xa4\xc4\
\xf8\x49\xf4\x5b\xc9\xc5\x73\x37\xa1\x93\x5a\xaf\x3e\x6d\xc4\x23\
\x45\x3a\x17\x9e\xbe\x93\xe3\xa6\xc0\x14\x09\x4f\x0e\x0f\xfd\x61\
\x5a\xe6\x34\x9d\x62\x5d\x26\x4b\x54\x8d\x55\x6f\x1a\x65\xb5\xc9\
\x78\x49\x2e\x4f\x10\xac\x3b\x2a\xab\x02\x8d\x1e\x62\xb3\xd8\xcf\
\x7d\x12\x8d\x17\xe5\x65\xd5\x0f\xf8\xa9\x01\xac\x4e\x42\x39\x69\
\x93\xab\xed\x29\x58\xf7\xd7\x52\x96\x52\x4f\x25\xc2\x53\xa9\x01\
\xf8\x18\xa2\x66\xe1\xd6\x9f\xe9\x34\x34\x46\x91\xad\x31\x78\xb1\
\xed\xb7\xf6\xd6\xb9\x69\xa9\x2f\xaa\xc9\xc6\x8f\x70\x99\x1a\x6f\
\x18\x2a\x2e\x6d\xc7\x6a\x65\xfd\xd1\x50\x03\x5e\x81\x64\xbc\x36\
\x1e\x5b\xce\x2b\xc1\xa3\x90\xb4\x53\xfd\xff\xcf\xff\xca\x8d\x6d\
\xd2\xf5\xf4\xda\x3d\x54\xb1\xa5\x2f\xb6\xb4\x2f\xd2\xd7\xa0\x16\
\x84\xb8\xe7\x15\x19\x54\xfa\x5a\x0d\x5e\x2c\x49\x25\xf5\x42\xdd\
\x57\x01\x99\x30\x28\x7e\x34\x7b\x07\x9e\x46\xfe\x0f\xb5\x30\x80\
\xea\x95\x1d\x61\xf3\xb1\x50\x03\x7e\x6c\x2a\x4b\x20\x55\x5f\x75\
\x7d\x4f\xf2\x0e\xde\x8a\x19\xa0\x13\xfb\x6b\xb8\x17\x80\xfa\xb8\
\x94\x22\xb5\xa8\xdd\x80\x0e\x4a\x25\x57\x28\x8a\x21\xab\xfa\x05\
\xba\x56\xf7\x8d\x4c\x0a\x27\xa7\x3d\x04\xe9\x26\x85\x81\x11\xd2\
\xc3\xca\xb8\xb0\x41\x84\xb4\x85\x8d\x17\x19\xae\x48\xee\x9d\x92\
\xbd\x08\x52\x37\x5b\x4f\x84\x0b\xd2\xe3\x85\x7e\x0f\xe1\x6b\xf0\
\x50\x40\x80\x68\x16\x8b\x98\xea\x66\x70\x34\xd3\x28\x1a\xc0\xa5\
\x54\x10\x50\x73\xf5\x5b\x90\x7d\x71\xa3\x4e\x0b\x63\x1a\x4b\x2b\
\x45\x4f\x6a\x13\xb3\xfa\x94\x58\xa9\xb7\xae\x3b\x86\xb4\x1b\x74\
\x74\xa4\x1c\x68\xe4\xc0\x12\x0c\x3d\x2b\x70\xc7\x5f\x27\x8e\xee\
\xa8\x15\xf3\xbe\x6e\x47\x03\x75\x3d\x16\xea\xaf\xef\xce\xd9\x2b\
\xb5\x12\x56\x5f\x9a\x1c\x14\x52\x54\x7b\x3a\xf9\x58\xc7\x3d\xe6\
\x28\x13\x65\x90\x2b\x43\xfe\xa9\x94\x80\x4e\xd6\x36\x9d\xb5\xd9\
\xf2\x29\xe7\x01\xd4\x26\x19\xc2\x20\x7e\x28\xd5\x56\x76\x86\xd5\
\x87\x97\x0a\xaf\x20\x83\xcf\x7b\xcf\xac\x82\x5a\xab\xbb\xb0\xf7\
\x41\x52\x5a\x07\x3d\x87\x23\x57\xa2\x75\xba\x54\x72\x60\xd0\xbe\
\x91\x7c\x5d\x4a\x48\x29\x6d\xd1\x17\x3b\x54\x8a\x9d\x71\x15\xac\
\x84\xcf\x2a\xeb\x41\x92\xd8\x68\x76\xe2\x0f\x0a\x69\xc9\xe1\x26\
\x33\xfa\x9d\x73\x98\xbf\xd1\x3b\xee\x74\x73\x05\xb4\xb4\x3f\x8b\
\x1b\x09\xe1\x87\x16\xc2\x98\xe4\x89\xf0\x1c\xea\xc9\x2a\x28\x81\
\xe4\x26\x51\xa7\x20\x85\xb3\xf7\xf5\x6f\x1e\xc4\x9f\xfd\x85\xc9\
\xb4\x53\x4a\x4a\xa5\x4e\xbf\x39\x25\xd9\xf2\x43\xbd\xeb\x27\x95\
\xa8\x06\xa8\xf9\xe6\xdb\x71\xad\xe8\xd8\x95\xed\xc2\x72\xa7\xb0\
\xd1\x98\x8a\x7e\x2b\x35\x4e\xd0\x72\x36\xad\x0e\x25\x55\x04\xd8\
\x37\x5d\x29\x6d\xdd\xa4\x80\x81\xce\xaa\x45\x2d\xb8\xa5\x5d\xd2\
\xa3\x69\xac\x7e\x6e\xdc\x8d\x87\xa0\x5f\x3f\xd3\x36\x03\x2b\x24\
\xa5\xe7\x0a\x37\xfa\x16\x75\x7c\x49\x83\xb0\x94\x4a\x34\x90\xd4\
\xd0\xb6\x45\x29\xa1\x91\xa3\x0d\x15\x47\x27\x4f\xc0\xa5\xd8\x92\
\x6f\xd4\xd3\x64\xa3\x18\x24\xb9\x51\x78\xe6\x76\xf4\x05\xcd\xe1\
\x73\x8c\xde\x6e\xde\x8d\x17\x59\xa9\x2c\x3e\x0f\x40\xa3\x59\x54\
\xee\xc1\xe8\x1c\x47\x50\x2d\x10\x63\x46\x4b\x7c\x54\xa2\x89\x8e\
\x4a\xb5\x03\x51\xb8\x49\x37\x4c\x65\x68\xa9\x35\x27\x5b\xdb\x01\
\xb8\x64\xff\x3c\xa8\xfb\xf3\xbb\x2c\x5d\x55\xd1\x51\x37\x56\x1d\
\xa8\xe5\x46\x8a\x45\xad\xd0\x33\x78\x83\x77\x1b\x16\xf0\x72\x4f\
\xe5\x15\x71\x25\x7f\x1f\x17\xff\x28\xfe\x37\xd5\x38\x3e\xe4\x32\
\x0e\x7e\x95\x08\xfd\x53\xe4\x4d\x8c\x1e\x31\x57\xe0\xb9\xb8\x83\
\x22\x17\xa2\x16\x85\xbe\x96\x9b\x3e\x86\xb4\x0b\x51\x3a\xba\x2e\
\x17\x4e\x5c\x8d\x81\x91\x9a\xf1\x5c\x05\x20\xa9\x2d\x49\x28\xab\
\x16\xfd\x54\x15\xc5\x6e\x68\x72\xdf\xf2\x2e\x45\xeb\x3c\xb0\x4c\
\x74\xf8\xb7\x61\xcc\xff\xb9\xa2\x12\x4a\xbb\x51\x6c\x5f\xe2\x14\
\x9f\x9f\xa9\xdb\xd3\xa7\x50\xe2\x55\xb1\x79\x24\xb8\x44\xe9\x06\
\xbd\xd7\x76\x81\xdf\xfe\x5e\xa5\xd3\xc0\x9b\xcd\xcb\x34\xfe\xec\
\x5a\x18\x8c\x52\x45\x8e\x39\x19\x38\x22\x8b\x74\x24\x81\xac\xb9\
\xfc\x35\xb5\xb7\x53\xca\xee\x69\xf4\x59\xfb\xc6\x0d\xe7\xad\x44\
\xf7\x7b\x56\x53\xf8\x41\x25\x9f\x8f\x82\x46\x51\x1f\x70\xdc\xaf\
\x54\x7c\xcf\x9b\xd1\x3a\xf2\xa4\xb5\xf9\xa5\x19\xa2\x50\x11\x11\
\xe3\xdc\x57\xb9\xae\x40\xa9\xc2\xe9\x83\x37\x1a\x80\xd1\x4f\x30\
\x5c\xbc\xbd\x4b\x10\x92\xad\x95\x5e\x2a\xd2\x6d\x41\x87\x7d\x52\
\xda\x64\xe8\xb1\x6b\x08\x1a\x98\xcf\xd1\x0d\xfb\x04\x02\xf1\x4c\
\xfb\xb0\xc6\xa2\xa5\x5f\x7b\x64\x09\x1c\xc6\xd0\xf3\xce\xbd\x78\
\xf1\x77\xd9\xac\x3b\xaf\x63\x38\x3c\x23\x6b\x16\x3c\xbb\xe6\x2d\
\x96\x62\xd2\xb5\x6a\x85\xae\xbd\xea\xa0\x46\x72\x7a\xcf\xb1\xb4\
\xe3\x3e\x1a\x23\x2e\xd2\x64\x31\x25\x27\x3c\x90\x14\x52\xe6\xbe\
\xd9\xa6\x1e\xb0\x20\x6f\x2e\xfc\xc3\x9b\x23\x52\x45\xa4\x74\x40\
\x48\x9d\x94\x3a\xcc\x47\xe2\xc8\xc8\x49\x89\x6f\x39\x24\xcd\x16\
\xaf\x3b\xc0\x64\x9e\x43\x5d\xbd\xf2\xf0\x42\xf0\xd9\xda\x9b\xbd\
\x00\x7a\x6f\x4f\x13\x3a\x08\x8b\xe9\xe8\xbb\x8d\x68\xa7\xd4\x70\
\x9a\xae\x76\x4d\xaa\x81\xfb\x8c\xb6\xca\x0e\x2e\x44\x29\xa2\x8c\
\x16\xe5\x03\x1a\xac\x7f\x1f\x26\xa7\x87\xa0\x03\xbf\x06\x8e\x5f\
\xdd\x0e\xff\xde\x8a\xd5\xe6\x0c\xa4\x50\x77\xbf\x80\xd4\x26\x79\
\x09\x25\xfc\x04\x4a\x74\x0a\x46\x56\xf3\x72\x66\xc3\xeb\x1b\x7b\
\x80\x7d\x98\x2f\xbf\x9f\x12\x8e\x7d\xe1\x01\x8b\x54\xc7\x13\x03\
\xc5\x15\x3d\x86\xd2\x3c\x15\xcf\x65\x01\xe6\x99\xb1\xc7\xad\x90\
\xad\x59\xca\x28\x9b\xe5\xbf\xad\x2f\xf4\xda\xfd\x35\x57\x66\xa9\
\xec\x31\x3b\x6b\x06\x4c\x43\xdf\x96\x8a\x8a\xa4\x47\x49\x15\x34\
\x45\x22\xa5\x4e\x97\x36\xfc\x77\x66\x9b\x9b\x22\xcd\xa5\x9a\x64\
\xae\x81\x5f\x33\x98\xd8\xd0\x40\xb3\x5c\xbc\x5a\xec\xea\xe3\x36\
\xf4\x65\x3e\x4c\x16\x25\x47\x28\x48\x90\xd0\x5c\xfa\x7e\x89\xd4\
\xb6\x4e\xb1\xbd\x4b\x44\x80\xd9\xc8\xd4\x21\x74\x91\xb9\x47\xd3\
\xcd\x66\x62\x97\xfa\x9b\xf5\x66\xf4\x25\xbf\x2d\x3a\xd9\x27\x52\
\x5b\x72\x36\x3b\xa1\xf2\x31\x8d\x88\x55\xb2\x05\xd3\xaa\x86\xd4\
\x2e\xf4\x93\x25\x74\xbe\xf0\x80\x2c\x76\xd0\x50\x96\xdb\x65\x3d\
\x15\x5d\xf1\x31\xf6\xc1\x2d\xe4\xad\xe6\xdf\x96\xd5\x60\xda\x77\
\x29\xa9\xe0\xdc\xa7\x41\xf9\x98\x90\xd6\xaf\x21\x11\x7a\x09\xf1\
\x49\x59\x8f\x50\x7e\x95\x76\x64\x50\xba\x50\xa9\x90\xd6\xe2\x08\
\x0b\x94\x87\xcc\xd0\x27\x58\x34\xb3\x96\x61\xdf\x94\x2e\x9c\x42\
\xdb\xdb\xab\x7e\xd9\xe8\xd1\x9a\x9e\x3e\xf4\x35\xa0\x4f\xca\x10\
\x79\x51\x2f\x95\x15\x1e\xf4\x21\x33\xa9\x34\x82\xc9\xda\x27\xa9\
\x53\x7f\xbe\x18\x2a\x93\x27\x06\x96\x5b\xf5\xe1\x2c\x06\xb8\x9e\
\xa6\xae\x0d\xf7\x99\xd6\x45\x2e\x79\x2c\x4e\x1f\xd6\x95\x13\xcc\
\x63\x8b\x1b\x7f\x64\x6d\x07\x35\xbe\x4d\xa1\xbc\x23\xe9\x2b\x4b\
\x7d\x08\x4d\x51\x1f\x4e\x23\x5a\x73\xe8\x73\xad\x66\x21\x9e\x53\
\x3d\xc2\x47\x35\x95\xf4\xc1\x5d\x89\x76\x8d\xab\x01\xcd\x62\xa5\
\xcf\x2f\xb1\xd4\x84\x5e\xe7\xde\xf5\xc1\xee\xf5\xea\xb2\x11\xa2\
\x87\xfc\x8c\xaa\x1c\x1d\x8e\x62\xcc\xd0\x8f\x88\x03\x34\x73\xc4\
\xb1\x5b\x1d\x70\x1d\xdb\x0c\xa3\x33\x65\x42\x4d\x1a\xc3\x49\x13\
\x22\xa8\xd3\x46\xf4\x36\xd1\x4e\x91\xc5\x88\x6e\x08\x57\x55\x39\
\x3f\x6a\x8a\x8e\x98\xef\x10\x7f\xd0\x87\x30\xd8\xd6\xf7\xe4\x28\
\x86\xf4\x1d\x95\x2b\x88\x1c\xda\xeb\x49\x99\x31\x2a\x99\x93\x61\
\xa1\x33\xe9\x68\xda\x05\xe2\x3a\xbe\x39\x5b\x6e\xa7\x1e\xf5\x38\
\x9c\x14\x16\xfc\x3a\x62\xaf\x98\xcf\x4f\xcd\x62\xb5\x54\x8f\xe9\
\xe1\x22\x6e\xbe\x03\x62\x80\xd0\x77\x1b\x04\x39\xb4\x79\xf6\x10\
\xf5\x22\x88\x9d\x74\xc7\x45\x6d\x88\xb6\xd5\xec\x13\xdb\xc0\xe7\
\x88\x96\xf0\x00\x31\x6a\xa3\xcc\x25\xf2\x7f\xfa\xb6\x14\x96\x7f\
\x8e\x20\x50\x00\x00\x00\x00\x49\x45\x4e\x44\xae\x42\x60\x82\
\x00\x00\x14\x34\
\x89\
\x50\x4e\x47\x0d\x0a\x1a\x0a\x00\x00\x00\x0d\x49\x48\x44\x52\x00\
\x00\x00\x55\x00\x00\x00\x55\x08\x06\x00\x00\x00\x38\xf5\xa8\x5a\
\x00\x00\x00\x09\x70\x48\x59\x73\x00\x00\x0b\x13\x00\x00\x0b\x13\
\x01\x00\x9a\x9c\x18\x00\x00\x09\x24\x69\x54\x58\x74\x58\x4d\x4c\
\x3a\x63\x6f\x6d\x2e\x61\x64\x6f\x62\x65\x2e\x78\x6d\x70\x00\x00\
\x00\x00\x00\x3c\x3f\x78\x70\x61\x63\x6b\x65\x74\x20\x62\x65\x67\
\x69\x6e\x3d\x22\xef\xbb\xbf\x22\x20\x69\x64\x3d\x22\x57\x35\x4d\
\x30\x4d\x70\x43\x65\x68\x69\x48\x7a\x72\x65\x53\x7a\x4e\x54\x63\
\x7a\x6b\x63\x39\x64\x22\x3f\x3e\x20\x3c\x78\x3a\x78\x6d\x70\x6d\
\x65\x74\x61\x20\x78\x6d\x6c\x6e\x73\x3a\x78\x3d\x22\x61\x64\x6f\
\x62\x65\x3a\x6e\x73\x3a\x6d\x65\x74\x61\x2f\x22\x20\x78\x3a\x78\
\x6d\x70\x74\x6b\x3d\x22\x41\x64\x6f\x62\x65\x20\x58\x4d\x50\x20\
\x43\x6f\x72\x65\x20\x36\x2e\x30\x2d\x63\x30\x30\x32\x20\x37\x39\
\x2e\x31\x36\x34\x34\x36\x30\x2c\x20\x32\x30\x32\x30\x2f\x30\x35\
\x2f\x31\x32\x2d\x31\x36\x3a\x30\x34\x3a\x31\x37\x20\x20\x20\x20\
\x20\x20\x20\x20\x22\x3e\x20\x3c\x72\x64\x66\x3a\x52\x44\x46\x20\
\x78\x6d\x6c\x6e\x73\x3a\x72\x64\x66\x3d\x22\x68\x74\x74\x70\x3a\
\x2f\x2f\x77\x77\x77\x2e\x77\x33\x2e\x6f\x72\x67\x2f\x31\x39\x39\
\x39\x2f\x30\x32\x2f\x32\x32\x2d\x72\x64\x66\x2d\x73\x79\x6e\x74\
\x61\x78\x2d\x6e\x73\x23\x22\x3e\x20\x3c\x72\x64\x66\x3a\x44\x65\
\x73\x63\x72\x69\x70\x74\x69\x6f\x6e\x20\x72\x64\x66\x3a\x61\x62\
\x6f\x75\x74\x3d\x22\x22\x20\x78\x6d\x6c\x6e\x73\x3a\x78\x6d\x70\
\x3d\x22\x68\x74\x74\x70\x3a\x2f\x2f\x6e\x73\x2e\x61\x64\x6f\x62\
\x65\x2e\x63\x6f\x6d\x2f\x78\x61\x70\x2f\x31\x2e\x30\x2f\x22\x20\
\x78\x6d\x6c\x6e\x73\x3a\x64\x63\x3d\x22\x68\x74\x74\x70\x3a\x2f\
\x2f\x70\x75\x72\x6c\x2e\x6f\x72\x67\x2f\x64\x63\x2f\x65\x6c\x65\
\x6d\x65\x6e\x74\x73\x2f\x31\x2e\x31\x2f\x22\x20\x78\x6d\x6c\x6e\
\x73\x3a\x70\x68\x6f\x74\x6f\x73\x68\x6f\x70\x3d\x22\x68\x74\x74\
\x70\x3a\x2f\x2f\x6e\x73\x2e\x61\x64\x6f\x62\x65\x2e\x63\x6f\x6d\
\x2f\x70\x68\x6f\x74\x6f\x73\x68\x6f\x70\x2f\x31\x2e\x30\x2f\x22\
\x20\x78\x6d\x6c\x6e\x73\x3a\x78\x6d\x70\x4d\x4d\x3d\x22\x68\x74\
\x74\x70\x3a\x2f\x2f\x6e\x73\x2e\x61\x64\x6f\x62\x65\x2e\x63\x6f\
\x6d\x2f\x78\x61\x70\x2f\x31\x2e\x30\x2f\x6d\x6d\x2f\x22\x20\x78\
\x6d\x6c\x6e\x73\x3a\x73\x74\x45\x76\x74\x3d\x22\x68\x74\x74\x70\
\x3a\x2f\x2f\x6e\x73\x2e\x61\x64\x6f\x62\x65\x2e\x63\x6f\x6d\x2f\
\x78\x61\x70\x2f\x31\x2e\x30\x2f\x73\x54\x79\x70\x65\x2f\x52\x65\
\x73\x6f\x75\x72\x63\x65\x45\x76\x65\x6e\x74\x23\x22\x20\x78\x6d\
\x70\x3a\x43\x72\x65\x61\x74\x6f\x72\x54\x6f\x6f\x6c\x3d\x22\x41\
\x64\x6f\x62\x65\x20\x50\x68\x6f\x74\x6f\x73\x68\x6f\x70\x20\x32\
\x31\x2e\x32\x20\x28\x57\x69\x6e\x64\x6f\x77\x73\x29\x22\x20\x78\
\x6d\x70\x3a\x43\x72\x65\x61\x74\x65\x44\x61\x74\x65\x3d\x22\x32\
\x30\x32\x31\x2d\x30\x32\x2d\x32\x34\x54\x31\x39\x3a\x33\x33\x3a\
\x34\x31\x2b\x30\x34\x3a\x30\x30\x22\x20\x78\x6d\x70\x3a\x4d\x6f\
\x64\x69\x66\x79\x44\x61\x74\x65\x3d\x22\x32\x30\x32\x31\x2d\x30\
\x33\x2d\x32\x37\x54\x31\x36\x3a\x34\x35\x3a\x31\x31\x2b\x30\x34\
\x3a\x30\x30\x22\x20\x78\x6d\x70\x3a\x4d\x65\x74\x61\x64\x61\x74\
\x61\x44\x61\x74\x65\x3d\x22\x32\x30\x32\x31\x2d\x30\x33\x2d\x32\
\x37\x54\x31\x36\x3a\x34\x35\x3a\x31\x31\x2b\x30\x34\x3a\x30\x30\
\x22\x20\x64\x63\x3a\x66\x6f\x72\x6d\x61\x74\x3d\x22\x69\x6d\x61\
\x67\x65\x2f\x70\x6e\x67\x22\x20\x70\x68\x6f\x74\x6f\x73\x68\x6f\
\x70\x3a\x43\x6f\x6c\x6f\x72\x4d\x6f\x64\x65\x3d\x22\x33\x22\x20\
\x70\x68\x6f\x74\x6f\x73\x68\x6f\x70\x3a\x49\x43\x43\x50\x72\x6f\
\x66\x69\x6c\x65\x3d\x22\x73\x52\x47\x42\x20\x49\x45\x43\x36\x31\
\x39\x36\x36\x2d\x32\x2e\x31\x22\x20\x78\x6d\x70\x4d\x4d\x3a\x49\
\x6e\x73\x74\x61\x6e\x63\x65\x49\x44\x3d\x22\x78\x6d\x70\x2e\x69\
\x69\x64\x3a\x37\x38\x66\x30\x36\x66\x62\x39\x2d\x38\x66\x65\x38\
\x2d\x33\x35\x34\x66\x2d\x38\x31\x65\x66\x2d\x63\x31\x36\x38\x38\
\x64\x62\x31\x36\x38\x64\x64\x22\x20\x78\x6d\x70\x4d\x4d\x3a\x44\
\x6f\x63\x75\x6d\x65\x6e\x74\x49\x44\x3d\x22\x61\x64\x6f\x62\x65\
\x3a\x64\x6f\x63\x69\x64\x3a\x70\x68\x6f\x74\x6f\x73\x68\x6f\x70\
\x3a\x33\x30\x33\x30\x38\x39\x37\x36\x2d\x33\x62\x31\x63\x2d\x62\
\x35\x34\x61\x2d\x38\x39\x36\x35\x2d\x31\x35\x33\x37\x32\x35\x61\
\x34\x32\x64\x61\x34\x22\x20\x78\x6d\x70\x4d\x4d\x3a\x4f\x72\x69\
\x67\x69\x6e\x61\x6c\x44\x6f\x63\x75\x6d\x65\x6e\x74\x49\x44\x3d\
\x22\x78\x6d\x70\x2e\x64\x69\x64\x3a\x36\x66\x31\x63\x61\x34\x37\
\x65\x2d\x63\x61\x63\x66\x2d\x64\x33\x34\x65\x2d\x61\x39\x62\x62\
\x2d\x65\x66\x32\x30\x35\x62\x31\x66\x38\x34\x63\x39\x22\x3e\x20\
\x3c\x70\x68\x6f\x74\x6f\x73\x68\x6f\x70\x3a\x44\x6f\x63\x75\x6d\
\x65\x6e\x74\x41\x6e\x63\x65\x73\x74\x6f\x72\x73\x3e\x20\x3c\x72\
\x64\x66\x3a\x42\x61\x67\x3e\x20\x3c\x72\x64\x66\x3a\x6c\x69\x3e\
\x61\x64\x6f\x62\x65\x3a\x64\x6f\x63\x69\x64\x3a\x70\x68\x6f\x74\
\x6f\x73\x68\x6f\x70\x3a\x32\x35\x66\x39\x65\x30\x64\x38\x2d\x31\
\x33\x66\x63\x2d\x36\x63\x34\x30\x2d\x61\x66\x64\x32\x2d\x65\x38\
\x62\x63\x31\x38\x30\x34\x64\x37\x36\x64\x3c\x2f\x72\x64\x66\x3a\
\x6c\x69\x3e\x20\x3c\x72\x64\x66\x3a\x6c\x69\x3e\x61\x64\x6f\x62\
\x65\x3a\x64\x6f\x63\x69\x64\x3a\x70\x68\x6f\x74\x6f\x73\x68\x6f\
\x70\x3a\x34\x61\x38\x36\x61\x37\x39\x37\x2d\x37\x36\x32\x65\x2d\
\x37\x31\x34\x63\x2d\x39\x32\x63\x63\x2d\x66\x34\x63\x63\x62\x62\
\x61\x30\x39\x33\x30\x35\x3c\x2f\x72\x64\x66\x3a\x6c\x69\x3e\x20\
\x3c\x72\x64\x66\x3a\x6c\x69\x3e\x61\x64\x6f\x62\x65\x3a\x64\x6f\
\x63\x69\x64\x3a\x70\x68\x6f\x74\x6f\x73\x68\x6f\x70\x3a\x36\x61\
\x35\x33\x36\x39\x38\x33\x2d\x31\x32\x32\x31\x2d\x34\x36\x34\x66\
\x2d\x38\x63\x36\x30\x2d\x31\x32\x38\x36\x66\x34\x63\x36\x37\x66\
\x32\x34\x3c\x2f\x72\x64\x66\x3a\x6c\x69\x3e\x20\x3c\x72\x64\x66\
\x3a\x6c\x69\x3e\x61\x64\x6f\x62\x65\x3a\x64\x6f\x63\x69\x64\x3a\
\x70\x68\x6f\x74\x6f\x73\x68\x6f\x70\x3a\x36\x65\x31\x38\x62\x31\
\x31\x61\x2d\x63\x64\x32\x65\x2d\x34\x32\x34\x35\x2d\x62\x39\x63\
\x63\x2d\x33\x62\x33\x66\x39\x34\x32\x37\x66\x63\x32\x62\x3c\x2f\
\x72\x64\x66\x3a\x6c\x69\x3e\x20\x3c\x72\x64\x66\x3a\x6c\x69\x3e\
\x61\x64\x6f\x62\x65\x3a\x64\x6f\x63\x69\x64\x3a\x70\x68\x6f\x74\
\x6f\x73\x68\x6f\x70\x3a\x38\x36\x34\x62\x36\x61\x35\x31\x2d\x32\
\x34\x33\x33\x2d\x62\x62\x34\x63\x2d\x62\x62\x36\x32\x2d\x38\x37\
\x34\x62\x62\x66\x63\x61\x61\x62\x35\x35\x3c\x2f\x72\x64\x66\x3a\
\x6c\x69\x3e\x20\x3c\x72\x64\x66\x3a\x6c\x69\x3e\x61\x64\x6f\x62\
\x65\x3a\x64\x6f\x63\x69\x64\x3a\x70\x68\x6f\x74\x6f\x73\x68\x6f\
\x70\x3a\x39\x63\x63\x37\x61\x36\x31\x37\x2d\x30\x37\x66\x39\x2d\
\x31\x31\x34\x66\x2d\x62\x61\x34\x35\x2d\x35\x63\x38\x66\x34\x34\
\x36\x37\x33\x66\x31\x35\x3c\x2f\x72\x64\x66\x3a\x6c\x69\x3e\x20\
\x3c\x72\x64\x66\x3a\x6c\x69\x3e\x61\x64\x6f\x62\x65\x3a\x64\x6f\
\x63\x69\x64\x3a\x70\x68\x6f\x74\x6f\x73\x68\x6f\x70\x3a\x65\x66\
\x34\x39\x36\x38\x36\x35\x2d\x31\x34\x31\x66\x2d\x30\x36\x34\x32\
\x2d\x38\x31\x66\x66\x2d\x35\x65\x36\x31\x33\x34\x64\x66\x64\x33\
\x61\x65\x3c\x2f\x72\x64\x66\x3a\x6c\x69\x3e\x20\x3c\x2f\x72\x64\
\x66\x3a\x42\x61\x67\x3e\x20\x3c\x2f\x70\x68\x6f\x74\x6f\x73\x68\
\x6f\x70\x3a\x44\x6f\x63\x75\x6d\x65\x6e\x74\x41\x6e\x63\x65\x73\
\x74\x6f\x72\x73\x3e\x20\x3c\x78\x6d\x70\x4d\x4d\x3a\x48\x69\x73\
\x74\x6f\x72\x79\x3e\x20\x3c\x72\x64\x66\x3a\x53\x65\x71\x3e\x20\
\x3c\x72\x64\x66\x3a\x6c\x69\x20\x73\x74\x45\x76\x74\x3a\x61\x63\
\x74\x69\x6f\x6e\x3d\x22\x63\x72\x65\x61\x74\x65\x64\x22\x20\x73\
\x74\x45\x76\x74\x3a\x69\x6e\x73\x74\x61\x6e\x63\x65\x49\x44\x3d\
\x22\x78\x6d\x70\x2e\x69\x69\x64\x3a\x36\x66\x31\x63\x61\x34\x37\
\x65\x2d\x63\x61\x63\x66\x2d\x64\x33\x34\x65\x2d\x61\x39\x62\x62\
\x2d\x65\x66\x32\x30\x35\x62\x31\x66\x38\x34\x63\x39\x22\x20\x73\
\x74\x45\x76\x74\x3a\x77\x68\x65\x6e\x3d\x22\x32\x30\x32\x31\x2d\
\x30\x32\x2d\x32\x34\x54\x31\x39\x3a\x33\x33\x3a\x34\x31\x2b\x30\
\x34\x3a\x30\x30\x22\x20\x73\x74\x45\x76\x74\x3a\x73\x6f\x66\x74\
\x77\x61\x72\x65\x41\x67\x65\x6e\x74\x3d\x22\x41\x64\x6f\x62\x65\
\x20\x50\x68\x6f\x74\x6f\x73\x68\x6f\x70\x20\x32\x31\x2e\x32\x20\
\x28\x57\x69\x6e\x64\x6f\x77\x73\x29\x22\x2f\x3e\x20\x3c\x72\x64\
\x66\x3a\x6c\x69\x20\x73\x74\x45\x76\x74\x3a\x61\x63\x74\x69\x6f\
\x6e\x3d\x22\x73\x61\x76\x65\x64\x22\x20\x73\x74\x45\x76\x74\x3a\
\x69\x6e\x73\x74\x61\x6e\x63\x65\x49\x44\x3d\x22\x78\x6d\x70\x2e\
\x69\x69\x64\x3a\x33\x31\x33\x63\x33\x63\x34\x39\x2d\x30\x66\x30\
\x38\x2d\x30\x39\x34\x31\x2d\x39\x65\x61\x64\x2d\x35\x35\x64\x66\
\x38\x65\x30\x33\x38\x36\x30\x31\x22\x20\x73\x74\x45\x76\x74\x3a\
\x77\x68\x65\x6e\x3d\x22\x32\x30\x32\x31\x2d\x30\x32\x2d\x32\x34\
\x54\x31\x39\x3a\x33\x39\x3a\x32\x38\x2b\x30\x34\x3a\x30\x30\x22\
\x20\x73\x74\x45\x76\x74\x3a\x73\x6f\x66\x74\x77\x61\x72\x65\x41\
\x67\x65\x6e\x74\x3d\x22\x41\x64\x6f\x62\x65\x20\x50\x68\x6f\x74\
\x6f\x73\x68\x6f\x70\x20\x32\x31\x2e\x32\x20\x28\x57\x69\x6e\x64\
\x6f\x77\x73\x29\x22\x20\x73\x74\x45\x76\x74\x3a\x63\x68\x61\x6e\
\x67\x65\x64\x3d\x22\x2f\x22\x2f\x3e\x20\x3c\x72\x64\x66\x3a\x6c\
\x69\x20\x73\x74\x45\x76\x74\x3a\x61\x63\x74\x69\x6f\x6e\x3d\x22\
\x73\x61\x76\x65\x64\x22\x20\x73\x74\x45\x76\x74\x3a\x69\x6e\x73\
\x74\x61\x6e\x63\x65\x49\x44\x3d\x22\x78\x6d\x70\x2e\x69\x69\x64\
\x3a\x37\x38\x66\x30\x36\x66\x62\x39\x2d\x38\x66\x65\x38\x2d\x33\
\x35\x34\x66\x2d\x38\x31\x65\x66\x2d\x63\x31\x36\x38\x38\x64\x62\
\x31\x36\x38\x64\x64\x22\x20\x73\x74\x45\x76\x74\x3a\x77\x68\x65\
\x6e\x3d\x22\x32\x30\x32\x31\x2d\x30\x33\x2d\x32\x37\x54\x31\x36\
\x3a\x34\x35\x3a\x31\x31\x2b\x30\x34\x3a\x30\x30\x22\x20\x73\x74\
\x45\x76\x74\x3a\x73\x6f\x66\x74\x77\x61\x72\x65\x41\x67\x65\x6e\
\x74\x3d\x22\x41\x64\x6f\x62\x65\x20\x50\x68\x6f\x74\x6f\x73\x68\
\x6f\x70\x20\x32\x31\x2e\x32\x20\x28\x57\x69\x6e\x64\x6f\x77\x73\
\x29\x22\x20\x73\x74\x45\x76\x74\x3a\x63\x68\x61\x6e\x67\x65\x64\
\x3d\x22\x2f\x22\x2f\x3e\x20\x3c\x2f\x72\x64\x66\x3a\x53\x65\x71\
\x3e\x20\x3c\x2f\x78\x6d\x70\x4d\x4d\x3a\x48\x69\x73\x74\x6f\x72\
\x79\x3e\x20\x3c\x2f\x72\x64\x66\x3a\x44\x65\x73\x63\x72\x69\x70\
\x74\x69\x6f\x6e\x3e\x20\x3c\x2f\x72\x64\x66\x3a\x52\x44\x46\x3e\
\x20\x3c\x2f\x78\x3a\x78\x6d\x70\x6d\x65\x74\x61\x3e\x20\x3c\x3f\
\x78\x70\x61\x63\x6b\x65\x74\x20\x65\x6e\x64\x3d\x22\x72\x22\x3f\
\x3e\xc0\x26\x2d\xe2\x00\x00\x0a\xb6\x49\x44\x41\x54\x78\xda\xed\
\x9d\x07\x58\x15\x57\x16\xc7\xdf\x16\x40\x9a\xf0\x28\x46\xd7\xd5\
\xc4\x10\x2b\xd6\x28\x16\xd4\xd8\x50\x10\xd4\xc4\xee\xaa\x7c\x69\
\xc6\x12\x75\x03\x11\x10\x45\x41\x45\xb1\x13\x62\xc4\x12\x4b\x90\
\xb8\x76\x0d\xbb\x1a\x0b\x60\x01\x04\x35\xab\x21\x1b\x4b\x8c\x86\
\xa8\x04\xa3\xae\xc6\x35\x05\x14\xdb\xdd\xf3\xbf\xcc\x8c\x2f\x0f\
\x85\x19\xda\x0c\x03\xf7\xfb\xfe\x1f\x86\xbc\x3b\xef\xce\x8f\x3b\
\xb7\x9c\x73\xee\x19\x83\x41\xfd\x62\x4d\xfa\x2b\xa9\x13\x69\x24\
\x29\x9c\xb4\x9e\xb4\x8f\x74\x9c\x74\x86\x94\x45\xba\x24\xfc\x3c\
\x4b\x3a\x41\xda\x4f\x8a\x23\x45\x90\xfc\x49\x5d\x48\xf5\x48\x36\
\x86\x2a\x5a\x5c\x48\x3d\x48\x53\x49\x09\xa4\xab\x16\x2f\x19\x99\
\x95\xe7\x5f\x98\xcd\xc0\x86\xcc\xfe\x9d\x96\xcc\x21\xd8\x83\x39\
\xce\xf2\x64\xc6\x05\xaf\x30\xa7\xa5\xdd\x99\xd3\x07\x3d\x0a\x7e\
\xd2\x7f\x1b\xe9\xf7\x0e\x21\x1e\xcc\x7e\x6c\x4b\xfe\xf9\x1a\x9d\
\xeb\x32\x8b\x46\x46\x46\xd7\xb9\x4e\xda\x43\x9a\x4e\xea\x45\x7a\
\x4e\xef\x20\xff\x40\xf2\x26\x2d\x42\x0f\xb4\x68\xe6\xcc\x6c\xfa\
\xb9\xb1\x9a\x81\x6d\x99\xf3\xb2\x9e\xcc\xf5\x53\xdf\x52\xcb\x79\
\x79\x2f\xe6\x30\xa5\x1d\xb3\x19\xe0\xc6\x2c\xdd\x9d\x01\xf9\x14\
\x29\x9a\xe4\x47\xb2\xd0\x13\x4c\x5b\x52\x00\xe9\x90\x65\x0b\x57\
\x66\x3b\xa2\x09\xef\x81\x65\x01\xb1\x38\x19\x23\x3b\x33\xbb\x51\
\x4d\x99\x65\xeb\x5a\x00\x9c\x4a\x0a\x21\x39\x55\x66\x98\x46\xe1\
\x31\x3c\x6b\xed\xd3\x80\x39\x4e\xeb\x50\x21\x20\x9f\x25\xc7\x19\
\x1d\x99\x8d\xdf\x8b\x80\x7b\x9e\x34\xab\xb2\x0d\x0d\x98\x28\xc6\
\x90\xbe\xc3\x63\x88\x31\x50\x4d\x98\xe6\x72\x5a\xd4\x8d\xd9\x0e\
\x6a\x08\xb8\x39\xa4\x49\x24\x3b\xad\x03\xed\x40\x3a\x58\xa3\x7b\
\x3d\xfe\xe8\x69\x09\x66\x21\xb8\xf4\xc7\xb6\xee\xfd\x3c\xe0\x66\
\x90\x5e\xd1\x22\x4c\x2b\x52\x10\x29\x1f\x33\xb2\x96\x61\x9a\xab\
\xe6\xc4\xd6\x00\xfb\x98\x34\x9b\x64\xaf\x15\xa0\x4d\x48\x89\x18\
\x37\xb1\xe4\xa9\x4c\x40\xa5\x55\xc3\x0a\x2f\x71\xbc\xc5\x64\xd6\
\x4a\x6d\xa0\x58\x22\x65\xdb\xf9\x37\xab\x94\x30\xcd\x65\xff\x66\
\x73\x71\xad\x3b\x58\x2d\xa0\xe3\x49\xbf\x62\x9d\xa9\x07\xa0\xa2\
\x1c\x42\x3b\x00\xec\x3d\x61\x38\xab\xd0\x12\x86\x71\xc8\x18\xd5\
\x55\x57\x40\xa5\x49\x8c\x86\x31\xeb\x5e\xf5\x01\x77\x61\x45\x01\
\x8d\xc0\x17\x96\xd5\x2e\x48\xab\x72\x59\xd3\x47\x04\x1b\x5d\xee\
\x3d\x94\x03\xa5\xed\xa0\x9e\x81\x4a\x60\xd7\xfb\x88\x60\x97\x94\
\x17\xd0\xb7\x6b\x74\xab\xa7\xfb\x1e\x5a\x08\xec\x3a\x6f\x11\xec\
\x94\xb2\x06\xea\xc7\xc7\xd0\x39\x9d\xab\x14\x50\xd3\x31\xd6\xaa\
\x43\x1d\x80\x1d\x56\x56\x40\xdd\xb1\xa5\x83\xf5\xa7\x2a\x02\x95\
\x6c\x07\xd3\xf9\xaa\xe0\x8e\xb0\x6b\x2c\x75\xd9\x6d\xf7\xba\x7b\
\x95\x06\x2a\xad\x63\x69\xb7\x08\x6b\x1b\xe9\xcf\xa5\x01\x3a\x0d\
\xe3\x49\x35\xd0\x27\xb2\xee\xf3\x42\xa9\x26\x2e\x6c\xd7\xee\x39\
\xc7\xf4\xac\x86\x69\x36\x71\x09\x5e\x86\x2e\x25\xb1\xd2\xa7\x61\
\xdb\x26\xf7\xcb\xa6\x7e\x11\xc1\x4e\xde\xdc\xc1\xae\xe5\x25\xb1\
\x5b\x77\x0f\xb1\x9b\x77\x0f\x72\xe1\xdf\x3f\xe6\x26\xb1\x09\x47\
\xa7\xaa\x0a\x63\x68\xf2\x64\xf6\xc3\x6f\x07\x0a\xb5\xed\x7a\x5e\
\x32\xfb\xea\xa7\xcf\x58\xe4\x97\xf3\x58\xed\x8d\x7e\xf2\x8c\x30\
\x13\xb8\x11\x06\xbe\x33\x4b\x25\x50\xc7\xc0\x7c\x27\xe7\x0b\x5e\
\xd8\xfc\x1a\x3b\x75\x73\x27\x63\xec\x78\x91\x5a\x71\x2e\x46\x55\
\xa8\xf8\xa3\x17\xd7\xc6\x8b\x3f\x7f\xce\x5a\xee\x1c\x2e\x6f\x18\
\xf0\xe6\xc3\x40\x88\x12\x23\x73\xb6\x5c\x7b\x68\xe6\xad\x5d\x52\
\xa3\xe2\x2f\xae\x60\x13\xd3\x43\xd9\x3b\xa9\xc1\xbf\xd3\xeb\x47\
\xde\x97\xdd\x0b\xca\x53\xa3\x0e\x05\x14\x6a\x1b\x9e\xa0\x55\xdf\
\x7c\x28\xdd\x43\x4e\x6e\x22\x7b\x4e\x46\x5b\xe1\x88\x24\x4e\xd7\
\x48\xae\x72\xa0\x86\x5a\xfb\x36\x90\xd5\x48\xc0\x12\x1b\xa3\xf6\
\xe3\x5d\x5a\x0d\x49\x9e\x24\xdd\xcb\xcc\x93\x73\x64\xd5\x81\x27\
\x97\x78\x2d\x28\x0e\x28\x5c\x0b\x59\x72\xed\xa2\xa9\xd7\x36\xf3\
\x46\x1c\xc8\x89\xd7\xc5\x24\x14\xf7\x6d\x2c\xbf\x9f\xef\x68\x18\
\x90\x65\x87\xa5\xdd\xa5\xe0\x96\x31\x16\x05\x35\x00\xc6\x66\xb9\
\x8d\xc8\x7b\x90\xc6\x1b\x11\x74\x62\xa6\x2e\xa0\xbe\x95\x12\xc4\
\xef\x27\xff\x61\xba\xec\x3a\xf0\xc3\x11\xb7\x39\x45\xb9\x44\xd2\
\x1c\x67\x76\x92\x7d\x41\x7c\x39\x1a\x11\xf6\xef\xd9\xba\x80\x8a\
\x21\x0c\xf7\x73\xef\xe1\x51\xf9\x6e\xf0\xa8\xae\x80\xfa\x1f\x92\
\xc3\xd3\xa0\x7a\x91\x1e\xba\x6e\xe8\x2b\xfb\x82\xbf\x3d\x48\xe5\
\x8d\x08\x97\x39\x06\x69\x5d\x98\x64\x71\x3f\xb9\xf4\x04\xca\xae\
\x17\xef\x2b\xfa\xb8\x06\x3e\x0d\x6a\x94\xed\xb0\xc6\x8a\x1a\x51\
\x0d\xb5\x40\x70\x27\x11\xbf\x65\xe6\x40\x11\xb5\x91\x69\x9c\xdb\
\x45\xd1\xc5\xc4\xd9\x72\x5e\x66\x94\x2e\xa0\x06\x1d\x9f\xc9\xef\
\xe7\x31\x49\xa9\x15\x0b\x71\x0e\xa4\xba\xa6\x50\x7b\x20\xb6\x49\
\x69\x23\x6e\xe7\x1f\xe6\x8d\xc0\xc2\x5a\x0f\x50\xdf\x4c\x99\x22\
\x75\x14\xa5\x75\x2d\x5b\xb9\x02\xac\xaf\x29\xd4\x60\xb8\x68\x95\
\x5e\xa8\xeb\xee\x37\xf8\xcc\x8f\x5d\x95\x1e\xa0\xd6\xd9\xd8\x8f\
\x4d\x39\x3e\x83\xbd\x9a\x38\x41\x71\x5d\xdb\x21\x8d\x00\x75\xae\
\x08\xb4\x06\xcc\x7b\x0e\xef\xb7\xab\x36\x98\x94\xc6\xde\x4a\xab\
\x26\xac\x9e\xc4\x30\x22\x8c\x03\x37\x9c\x63\xbd\x34\xd9\xd8\x86\
\x5b\x07\x31\xbf\xfd\xe3\xd8\x88\x83\x7f\x67\x03\x0e\x4c\x60\x4d\
\xb6\x0f\xd1\xac\x3f\x8b\x38\xde\x25\xbd\xc8\xe3\x9f\x2c\xdc\x1c\
\x35\xd7\x48\xff\xc3\x81\x6c\x6f\x76\x1c\x9f\x89\x4d\x8d\x1e\xf9\
\x8f\xd2\xd9\xc1\xab\x1b\x35\xb9\x2d\x16\x62\x62\x11\x6c\x6c\x18\
\x89\x08\x66\xad\x34\xac\xfe\xe6\x57\xd9\x9e\x2b\x9f\x14\xb2\x20\
\xdd\xa5\x05\xb9\xf9\xef\xd2\xae\x6f\x61\xcd\x77\x0c\xd3\x8e\x01\
\xbb\x27\x77\x10\x22\xc8\xc4\x10\x0e\xc3\x80\x16\x1a\xd5\x60\xcb\
\x6b\x2c\xeb\x97\xbd\xbf\x83\x16\x78\x2c\x8c\xb5\x4f\x18\xcd\xff\
\x5f\x9b\x5d\x7f\x63\xe3\xd3\x42\xd8\xbe\x1f\x36\x48\x9f\xb9\x7d\
\xef\x30\xff\xbd\x16\xda\x8f\x00\x63\x31\x4e\x20\x4e\x2b\x91\x7a\
\xa6\x66\xc4\xe2\xec\x09\x63\x52\x83\xa4\xcf\x5e\xcd\x4d\x64\xb5\
\xb4\x10\x41\x18\xd8\x96\x09\x67\x18\x0c\xfb\x71\x28\x41\xed\x06\
\x85\x9c\x08\x97\x20\x8d\xa3\xde\x28\xa7\xce\xc0\xc4\x77\xa5\x3a\
\xcb\xcf\x46\xab\xbf\x02\x88\xe8\x24\xc6\xbb\x1a\xbe\x30\xce\x56\
\xd7\x9f\x0f\x03\xb6\xb8\x91\xf8\xec\xf2\x3a\x45\x75\x3f\x3a\x13\
\x2d\xed\x82\x1a\x6d\x1d\xac\xea\x7d\x08\xc6\x95\xaf\x01\xf5\x9c\
\xd3\x42\x75\x43\xc8\x87\xd3\x72\x49\xec\x71\xad\x77\x8e\x50\x54\
\xb7\xee\x3f\xfa\x4b\x93\xd8\xe4\x8c\x69\xaa\x07\x5d\x08\xdb\x55\
\xf9\x46\xe9\xf2\xd2\xdc\xcc\x28\x0e\xe5\xdb\x3b\x7b\x4a\x54\xff\
\x28\x4d\x68\xa8\x0f\xb7\x88\xaa\xc1\xc3\x31\xdc\x68\x9d\x0d\xa8\
\x97\xe1\x6f\x51\xb3\x31\xb1\xe7\x3e\xe0\x50\xb0\xfe\x2c\x49\x7d\
\xf8\xc6\x50\x7f\x37\x2d\xc5\x54\x85\xfa\xc4\x13\x60\xf8\xde\x29\
\x5a\xdd\x9e\xba\xec\xcc\x52\x0e\x25\xe5\xc7\x4d\x25\xaa\xbf\x25\
\x6b\x35\xaf\xbf\xeb\xd2\x3a\xcd\xf4\xd4\x6f\xd4\x1e\x53\xe1\x68\
\x13\x3d\x99\x25\xa9\xff\xf5\x4f\x09\xbc\x7e\xcc\xe9\x25\x9a\x19\
\x53\x55\x9f\xfd\x7b\xef\x1d\x23\x4d\x54\x3e\xfb\xc6\x2a\xaa\x0b\
\x3f\xfd\x63\xa1\xee\xe8\xc3\x01\xea\xce\xfe\xf3\xf9\xec\x7f\x1a\
\x50\x13\x1d\xa6\xb6\x57\x7d\x8d\x77\xe1\xe7\x3d\x1c\x0c\x36\x00\
\x4a\xea\x25\xe6\x7c\x5a\xb0\xb3\xa2\x25\x99\xda\xb1\x05\x8e\x11\
\x9e\x80\x7a\x0c\x50\xe3\xed\xc7\xb7\x52\x1d\xea\x60\x13\xbf\xbb\
\xdc\x59\x7c\xf6\x97\x73\xa5\x3a\x93\xd2\xa7\xa9\x7e\x0f\x30\x9f\
\x12\xcf\x7f\xf1\x18\x7e\xad\xec\xfd\x37\x5c\x58\x21\x41\xda\x96\
\xf5\x31\x6b\xbc\x6d\xc8\x33\x8d\x2e\xab\x4d\xa2\x4a\x92\xa8\xb7\
\x6a\x62\xef\x5f\xe0\xab\xfa\x10\x50\xfd\x71\x5e\x5e\x2b\x96\x9e\
\x9d\x97\xd6\x4a\xb0\xe0\x58\xc4\xcc\xfe\x6e\x7a\x28\x1b\x94\x34\
\x91\x8d\x4d\x0b\xe6\x01\x0f\x08\x2e\x13\x3f\x83\x80\x0e\xcd\x58\
\xa9\xbc\xf8\xb1\xcc\x89\x80\xea\x69\xd1\xd0\xa8\x29\xbb\x64\xc4\
\xc9\xc8\x42\x76\xd4\xa7\x29\xfa\xf4\x62\x6d\xd9\x53\x5b\xb8\x00\
\x6a\x1f\x83\x90\x22\xe3\x96\xf3\x4a\x6d\x59\xfe\xdd\x77\x0c\xe3\
\x70\xd1\x13\x61\xde\xbb\xff\x28\x83\xdd\xc9\x3f\xc2\x8e\xdd\xd8\
\xc6\xa2\x32\xe7\x33\x8f\x84\x51\xda\x32\x52\xc7\xf5\x05\xd0\xfb\
\x24\x37\x31\x87\xc9\x5e\x87\x20\x0f\x6d\x35\xd2\x74\x7f\xbf\xa9\
\x3f\x37\x96\xd4\xdb\x34\x40\xbb\x3e\xaa\x27\x33\x7f\x4d\x29\x0c\
\xdd\xa6\xbf\x5b\xb5\x03\xaf\x14\x42\x20\x0a\x71\x9c\x6f\xea\xa2\
\xee\x05\xff\x8a\xd2\x0b\x61\x02\xd9\xfe\xfd\x1a\xed\x3d\x8a\x25\
\x54\xd3\xed\x43\xf9\xfd\x44\x9c\x8a\x54\x3e\x9e\xb6\xe1\x29\x45\
\xfa\x99\x67\xdf\x39\x63\x54\x98\x45\x42\x9c\x30\x30\xc6\xe9\x01\
\x6a\xc0\xb1\xb0\x12\x05\x53\x08\x01\xc0\x97\x49\xf5\xcd\x43\x7f\
\x16\x21\x69\x8c\x92\x8b\x3d\x78\x9c\xc1\x1b\x80\x45\xb8\x1e\xa0\
\xbe\x97\x31\x5d\x71\x28\xa5\xc9\x91\xf6\x55\x4f\x0b\x50\xeb\x4b\
\x7a\xe4\x1a\x5f\x1d\xf5\xa7\x34\x40\xad\xa8\xd3\x80\x36\x4a\x8d\
\x2b\xd5\x50\x0b\x72\xb1\x08\x59\xdd\x9e\x99\x9a\x29\x14\x09\xb8\
\xe4\x5e\x10\x6b\x47\x34\x22\x54\x27\x01\x6a\x70\x38\x2a\x7d\xfc\
\x85\xcc\x41\xf3\x8b\x0a\x4f\xc7\x1a\xeb\x8a\x73\x8c\x3c\x4f\x00\
\x16\xe5\x68\xc4\x0c\x9d\x44\x52\x63\x1b\x8c\xfb\xc9\x93\xd9\x53\
\x71\x44\x5f\x38\xa1\x52\x6c\x8e\xab\x59\x72\xd7\xac\xe2\x3e\xfd\
\xf4\xed\x04\x5d\x40\x4d\xbe\xba\x91\xdf\x0f\x0e\xd9\x29\x88\xf4\
\x8b\x91\x73\xe4\x07\xb1\xeb\x39\x72\xbc\x01\xa6\xc6\xe5\xb5\xe7\
\x3f\xaa\xd4\x40\x17\x7c\xb5\x40\xba\x17\xff\x23\x81\x72\x7b\xe9\
\x7f\xcd\x03\x7d\x8b\x2a\x93\x91\x08\x4b\xd6\x31\x99\x0b\xb1\x52\
\x63\x6e\xe4\x25\xb3\xcf\xb3\xe3\xb8\xaf\xc8\x54\x5b\xb3\x3e\x66\
\x9d\xfe\xe9\xaf\x2a\xb4\x16\x3b\x86\xb3\x8d\x17\x57\x16\x6a\x1b\
\x9c\x85\x97\x7f\xdd\x27\xdd\x83\xdc\xe3\x4b\xd6\x7d\x1b\x30\x21\
\xcd\xa8\xec\xf2\x27\x64\x74\x94\x1b\x0e\x04\xdb\xe6\x2f\xf7\x53\
\x8a\xb4\x28\xc1\xb9\xa7\x26\xd4\x60\x93\x08\x98\xa7\x09\x33\x3e\
\x6c\xb8\xb2\xc2\x7b\xde\x7b\x19\x40\x2f\x0a\x76\x13\xc5\x29\xe6\
\x1e\xbb\xac\xee\x5d\xbd\xb7\x37\x3b\x8d\x62\xe9\xce\x4d\x7c\x5e\
\x25\x3d\x9e\x1e\x05\xc3\x6b\x71\x5f\x54\xab\x0a\x41\xb5\xf1\xe5\
\x99\xd6\x62\x4b\x93\x44\xe1\x8f\xa4\x24\xfb\x31\x2d\xab\x7b\x28\
\x1e\xfb\x49\x6d\x44\xf3\x9e\x6d\x69\xd3\x7d\xb4\x23\xdd\x46\x66\
\xb1\x2a\x1d\xd3\x5f\x10\xd1\x97\x4f\xea\x5e\x56\xc9\x69\x06\x5b\
\x79\xd4\x66\x4e\x8b\xbb\x55\x49\xa0\x48\xb0\x08\x3f\x9e\x90\x50\
\xbc\x4c\x4b\x20\xf2\xa9\xb8\xac\xf5\xae\x7a\x79\x53\x0a\xf2\x52\
\xcd\x29\xaf\x84\x5f\x8b\x39\xd8\xf5\x3e\x55\x0d\xe8\xaa\xf2\x4e\
\x4d\x17\xcd\xc1\xae\xe9\xa3\xfb\xa5\x93\xe0\x72\x2e\x77\xa0\x62\
\x59\x08\xb0\x6a\x87\x60\x96\xdb\x18\xba\xd2\x4b\xec\xa1\xb1\xc2\
\x0a\xa8\xc2\x0a\x92\xb2\xe4\xab\x9d\x15\xbd\xcc\x83\xcc\x66\x79\
\x8a\x47\xcd\x23\xd5\x4a\x4c\x3b\x04\x46\x05\xfb\xb7\x5b\xe8\x23\
\x43\xda\xb8\x56\x00\xfa\x3f\xd2\x1b\x6a\xa7\x50\x7e\x19\x27\x32\
\x60\x2e\xac\xb4\x5b\xda\x4f\x7c\xc4\x24\x33\x78\x83\x45\x47\xad\
\x24\xfb\x86\xb9\x30\x0a\xc7\xdb\x6b\x4e\x6e\x53\xb9\x76\x49\x81\
\x6d\x19\xde\x94\x21\xd8\x45\x5d\x0d\x1a\x2c\x78\xc9\xcc\x29\xa4\
\x60\xd2\x7a\x26\x75\xc4\xe7\x0b\x49\x65\xce\x09\x09\xcb\x35\x5d\
\xec\x85\x04\xae\xd7\x10\xb5\xe1\xb4\x44\x5b\x70\xb1\x62\xb1\x1b\
\xd9\x54\x34\x30\x87\x15\x97\xfe\x48\x6b\x05\x81\x6f\x51\xb0\x3b\
\x62\xbc\xaa\xa8\x97\xd0\x3c\x73\x56\x8f\xec\x2c\x86\xe6\xe0\xbd\
\x56\x4b\x49\x2f\x19\x2a\x71\xa9\x6d\x28\x78\x71\xd7\x71\xab\x76\
\xb5\x19\x72\xb1\xe2\xfd\x25\x15\x75\xb0\xc1\xfe\xad\xe6\xcc\xaa\
\x7d\x1d\x71\x12\xc2\x1f\xf9\x79\x83\x8e\x8a\xad\x90\x66\x68\x39\
\xe9\x3c\x72\x8e\xd8\x0e\x6d\xcc\x1c\xc3\x3a\xd2\xee\xac\x6c\xec\
\x09\x48\xc3\x89\x0c\x11\x88\xb4\x11\x62\x9b\x70\x52\x64\x35\x69\
\x28\xc9\xd1\xa0\xf3\x52\x5f\x88\x88\x99\x47\x4a\xc1\x4b\x18\x2c\
\x9b\xbb\xf0\x5d\x0c\xc6\x3b\xb8\x2b\x00\x07\x67\x3d\x61\x19\x83\
\xcb\x1c\x13\x0b\x7e\x62\x8c\xc6\x29\x10\xc7\xf0\x4e\x7c\xe6\xb6\
\x1b\xdd\x8c\x6f\x27\x85\x19\x3c\x97\x74\x54\xc8\xcf\x8f\x60\xb1\
\x06\x86\x2a\x5a\x1c\x84\x9b\xef\x4d\x9a\x20\x8c\x77\xbb\x04\x38\
\x38\x3c\x7b\x01\xb1\x08\xc2\x49\xba\x2b\x82\x6f\x08\xc7\x6a\xd2\
\x85\x63\xe0\x31\x42\x48\xb8\xb7\x90\x6a\x43\xf5\x1e\xf9\x7f\xfa\
\xfc\x3e\x52\x79\x86\x0b\x2b\x00\x00\x00\x00\x49\x45\x4e\x44\xae\
\x42\x60\x82\
\x00\x00\x1a\x9c\
\x89\
\x50\x4e\x47\x0d\x0a\x1a\x0a\x00\x00\x00\x0d\x49\x48\x44\x52\x00\
\x00\x00\x55\x00\x00\x00\x55\x08\x06\x00\x00\x00\x38\xf5\xa8\x5a\
\x00\x00\x00\x09\x70\x48\x59\x73\x00\x00\x0b\x13\x00\x00\x0b\x13\
\x01\x00\x9a\x9c\x18\x00\x00\x09\x24\x69\x54\x58\x74\x58\x4d\x4c\
\x3a\x63\x6f\x6d\x2e\x61\x64\x6f\x62\x65\x2e\x78\x6d\x70\x00\x00\
\x00\x00\x00\x3c\x3f\x78\x70\x61\x63\x6b\x65\x74\x20\x62\x65\x67\
\x69\x6e\x3d\x22\xef\xbb\xbf\x22\x20\x69\x64\x3d\x22\x57\x35\x4d\
\x30\x4d\x70\x43\x65\x68\x69\x48\x7a\x72\x65\x53\x7a\x4e\x54\x63\
\x7a\x6b\x63\x39\x64\x22\x3f\x3e\x20\x3c\x78\x3a\x78\x6d\x70\x6d\
\x65\x74\x61\x20\x78\x6d\x6c\x6e\x73\x3a\x78\x3d\x22\x61\x64\x6f\
\x62\x65\x3a\x6e\x73\x3a\x6d\x65\x74\x61\x2f\x22\x20\x78\x3a\x78\
\x6d\x70\x74\x6b\x3d\x22\x41\x64\x6f\x62\x65\x20\x58\x4d\x50\x20\
\x43\x6f\x72\x65\x20\x36\x2e\x30\x2d\x63\x30\x30\x32\x20\x37\x39\
\x2e\x31\x36\x34\x34\x36\x30\x2c\x20\x32\x30\x32\x30\x2f\x30\x35\
\x2f\x31\x32\x2d\x31\x36\x3a\x30\x34\x3a\x31\x37\x20\x20\x20\x20\
\x20\x20\x20\x20\x22\x3e\x20\x3c\x72\x64\x66\x3a\x52\x44\x46\x20\
\x78\x6d\x6c\x6e\x73\x3a\x72\x64\x66\x3d\x22\x68\x74\x74\x70\x3a\
\x2f\x2f\x77\x77\x77\x2e\x77\x33\x2e\x6f\x72\x67\x2f\x31\x39\x39\
\x39\x2f\x30\x32\x2f\x32\x32\x2d\x72\x64\x66\x2d\x73\x79\x6e\x74\
\x61\x78\x2d\x6e\x73\x23\x22\x3e\x20\x3c\x72\x64\x66\x3a\x44\x65\
\x73\x63\x72\x69\x70\x74\x69\x6f\x6e\x20\x72\x64\x66\x3a\x61\x62\
\x6f\x75\x74\x3d\x22\x22\x20\x78\x6d\x6c\x6e\x73\x3a\x78\x6d\x70\
\x3d\x22\x68\x74\x74\x70\x3a\x2f\x2f\x6e\x73\x2e\x61\x64\x6f\x62\
\x65\x2e\x63\x6f\x6d\x2f\x78\x61\x70\x2f\x31\x2e\x30\x2f\x22\x20\
\x78\x6d\x6c\x6e\x73\x3a\x64\x63\x3d\x22\x68\x74\x74\x70\x3a\x2f\
\x2f\x70\x75\x72\x6c\x2e\x6f\x72\x67\x2f\x64\x63\x2f\x65\x6c\x65\
\x6d\x65\x6e\x74\x73\x2f\x31\x2e\x31\x2f\x22\x20\x78\x6d\x6c\x6e\
\x73\x3a\x70\x68\x6f\x74\x6f\x73\x68\x6f\x70\x3d\x22\x68\x74\x74\
\x70\x3a\x2f\x2f\x6e\x73\x2e\x61\x64\x6f\x62\x65\x2e\x63\x6f\x6d\
\x2f\x70\x68\x6f\x74\x6f\x73\x68\x6f\x70\x2f\x31\x2e\x30\x2f\x22\
\x20\x78\x6d\x6c\x6e\x73\x3a\x78\x6d\x70\x4d\x4d\x3d\x22\x68\x74\
\x74\x70\x3a\x2f\x2f\x6e\x73\x2e\x61\x64\x6f\x62\x65\x2e\x63\x6f\
\x6d\x2f\x78\x61\x70\x2f\x31\x2e\x30\x2f\x6d\x6d\x2f\x22\x20\x78\
\x6d\x6c\x6e\x73\x3a\x73\x74\x45\x76\x74\x3d\x22\x68\x74\x74\x70\
\x3a\x2f\x2f\x6e\x73\x2e\x61\x64\x6f\x62\x65\x2e\x63\x6f\x6d\x2f\
\x78\x61\x70\x2f\x31\x2e\x30\x2f\x73\x54\x79\x70\x65\x2f\x52\x65\
\x73\x6f\x75\x72\x63\x65\x45\x76\x65\x6e\x74\x23\x22\x20\x78\x6d\
\x70\x3a\x43\x72\x65\x61\x74\x6f\x72\x54\x6f\x6f\x6c\x3d\x22\x41\
\x64\x6f\x62\x65\x20\x50\x68\x6f\x74\x6f\x73\x68\x6f\x70\x20\x32\
\x31\x2e\x32\x20\x28\x57\x69\x6e\x64\x6f\x77\x73\x29\x22\x20\x78\
\x6d\x70\x3a\x43\x72\x65\x61\x74\x65\x44\x61\x74\x65\x3d\x22\x32\
\x30\x32\x31\x2d\x30\x32\x2d\x32\x34\x54\x31\x39\x3a\x33\x33\x3a\
\x34\x31\x2b\x30\x34\x3a\x30\x30\x22\x20\x78\x6d\x70\x3a\x4d\x6f\
\x64\x69\x66\x79\x44\x61\x74\x65\x3d\x22\x32\x30\x32\x31\x2d\x30\
\x33\x2d\x32\x37\x54\x31\x36\x3a\x34\x34\x3a\x30\x39\x2b\x30\x34\
\x3a\x30\x30\x22\x20\x78\x6d\x70\x3a\x4d\x65\x74\x61\x64\x61\x74\
\x61\x44\x61\x74\x65\x3d\x22\x32\x30\x32\x31\x2d\x30\x33\x2d\x32\
\x37\x54\x31\x36\x3a\x34\x34\x3a\x30\x39\x2b\x30\x34\x3a\x30\x30\
\x22\x20\x64\x63\x3a\x66\x6f\x72\x6d\x61\x74\x3d\x22\x69\x6d\x61\
\x67\x65\x2f\x70\x6e\x67\x22\x20\x70\x68\x6f\x74\x6f\x73\x68\x6f\
\x70\x3a\x43\x6f\x6c\x6f\x72\x4d\x6f\x64\x65\x3d\x22\x33\x22\x20\
\x70\x68\x6f\x74\x6f\x73\x68\x6f\x70\x3a\x49\x43\x43\x50\x72\x6f\
\x66\x69\x6c\x65\x3d\x22\x73\x52\x47\x42\x20\x49\x45\x43\x36\x31\
\x39\x36\x36\x2d\x32\x2e\x31\x22\x20\x78\x6d\x70\x4d\x4d\x3a\x49\
\x6e\x73\x74\x61\x6e\x63\x65\x49\x44\x3d\x22\x78\x6d\x70\x2e\x69\
\x69\x64\x3a\x38\x38\x34\x62\x33\x63\x39\x33\x2d\x33\x32\x61\x61\
\x2d\x36\x61\x34\x38\x2d\x62\x63\x64\x38\x2d\x34\x34\x38\x35\x66\
\x61\x39\x32\x38\x64\x39\x66\x22\x20\x78\x6d\x70\x4d\x4d\x3a\x44\
\x6f\x63\x75\x6d\x65\x6e\x74\x49\x44\x3d\x22\x61\x64\x6f\x62\x65\
\x3a\x64\x6f\x63\x69\x64\x3a\x70\x68\x6f\x74\x6f\x73\x68\x6f\x70\
\x3a\x62\x34\x34\x65\x64\x63\x39\x39\x2d\x63\x35\x37\x63\x2d\x31\
\x38\x34\x64\x2d\x39\x39\x61\x39\x2d\x66\x65\x62\x33\x31\x61\x36\
\x33\x38\x61\x30\x32\x22\x20\x78\x6d\x70\x4d\x4d\x3a\x4f\x72\x69\
\x67\x69\x6e\x61\x6c\x44\x6f\x63\x75\x6d\x65\x6e\x74\x49\x44\x3d\
\x22\x78\x6d\x70\x2e\x64\x69\x64\x3a\x36\x66\x31\x63\x61\x34\x37\
\x65\x2d\x63\x61\x63\x66\x2d\x64\x33\x34\x65\x2d\x61\x39\x62\x62\
\x2d\x65\x66\x32\x30\x35\x62\x31\x66\x38\x34\x63\x39\x22\x3e\x20\
\x3c\x70\x68\x6f\x74\x6f\x73\x68\x6f\x70\x3a\x44\x6f\x63\x75\x6d\
\x65\x6e\x74\x41\x6e\x63\x65\x73\x74\x6f\x72\x73\x3e\x20\x3c\x72\
\x64\x66\x3a\x42\x61\x67\x3e\x20\x3c\x72\x64\x66\x3a\x6c\x69\x3e\
\x61\x64\x6f\x62\x65\x3a\x64\x6f\x63\x69\x64\x3a\x70\x68\x6f\x74\
\x6f\x73\x68\x6f\x70\x3a\x32\x35\x66\x39\x65\x30\x64\x38\x2d\x31\
\x33\x66\x63\x2d\x36\x63\x34\x30\x2d\x61\x66\x64\x32\x2d\x65\x38\
\x62\x63\x31\x38\x30\x34\x64\x37\x36\x64\x3c\x2f\x72\x64\x66\x3a\
\x6c\x69\x3e\x20\x3c\x72\x64\x66\x3a\x6c\x69\x3e\x61\x64\x6f\x62\
\x65\x3a\x64\x6f\x63\x69\x64\x3a\x70\x68\x6f\x74\x6f\x73\x68\x6f\
\x70\x3a\x34\x61\x38\x36\x61\x37\x39\x37\x2d\x37\x36\x32\x65\x2d\
\x37\x31\x34\x63\x2d\x39\x32\x63\x63\x2d\x66\x34\x63\x63\x62\x62\
\x61\x30\x39\x33\x30\x35\x3c\x2f\x72\x64\x66\x3a\x6c\x69\x3e\x20\
\x3c\x72\x64\x66\x3a\x6c\x69\x3e\x61\x64\x6f\x62\x65\x3a\x64\x6f\
\x63\x69\x64\x3a\x70\x68\x6f\x74\x6f\x73\x68\x6f\x70\x3a\x36\x61\
\x35\x33\x36\x39\x38\x33\x2d\x31\x32\x32\x31\x2d\x34\x36\x34\x66\
\x2d\x38\x63\x36\x30\x2d\x31\x32\x38\x36\x66\x34\x63\x36\x37\x66\
\x32\x34\x3c\x2f\x72\x64\x66\x3a\x6c\x69\x3e\x20\x3c\x72\x64\x66\
\x3a\x6c\x69\x3e\x61\x64\x6f\x62\x65\x3a\x64\x6f\x63\x69\x64\x3a\
\x70\x68\x6f\x74\x6f\x73\x68\x6f\x70\x3a\x36\x65\x31\x38\x62\x31\
\x31\x61\x2d\x63\x64\x32\x65\x2d\x34\x32\x34\x35\x2d\x62\x39\x63\
\x63\x2d\x33\x62\x33\x66\x39\x34\x32\x37\x66\x63\x32\x62\x3c\x2f\
\x72\x64\x66\x3a\x6c\x69\x3e\x20\x3c\x72\x64\x66\x3a\x6c\x69\x3e\
\x61\x64\x6f\x62\x65\x3a\x64\x6f\x63\x69\x64\x3a\x70\x68\x6f\x74\
\x6f\x73\x68\x6f\x70\x3a\x38\x36\x34\x62\x36\x61\x35\x31\x2d\x32\
\x34\x33\x33\x2d\x62\x62\x34\x63\x2d\x62\x62\x36\x32\x2d\x38\x37\
\x34\x62\x62\x66\x63\x61\x61\x62\x35\x35\x3c\x2f\x72\x64\x66\x3a\
\x6c\x69\x3e\x20\x3c\x72\x64\x66\x3a\x6c\x69\x3e\x61\x64\x6f\x62\
\x65\x3a\x64\x6f\x63\x69\x64\x3a\x70\x68\x6f\x74\x6f\x73\x68\x6f\
\x70\x3a\x39\x63\x63\x37\x61\x36\x31\x37\x2d\x30\x37\x66\x39\x2d\
\x31\x31\x34\x66\x2d\x62\x61\x34\x35\x2d\x35\x63\x38\x66\x34\x34\
\x36\x37\x33\x66\x31\x35\x3c\x2f\x72\x64\x66\x3a\x6c\x69\x3e\x20\
\x3c\x72\x64\x66\x3a\x6c\x69\x3e\x61\x64\x6f\x62\x65\x3a\x64\x6f\
\x63\x69\x64\x3a\x70\x68\x6f\x74\x6f\x73\x68\x6f\x70\x3a\x65\x66\
\x34\x39\x36\x38\x36\x35\x2d\x31\x34\x31\x66\x2d\x30\x36\x34\x32\
\x2d\x38\x31\x66\x66\x2d\x35\x65\x36\x31\x33\x34\x64\x66\x64\x33\
\x61\x65\x3c\x2f\x72\x64\x66\x3a\x6c\x69\x3e\x20\x3c\x2f\x72\x64\
\x66\x3a\x42\x61\x67\x3e\x20\x3c\x2f\x70\x68\x6f\x74\x6f\x73\x68\
\x6f\x70\x3a\x44\x6f\x63\x75\x6d\x65\x6e\x74\x41\x6e\x63\x65\x73\
\x74\x6f\x72\x73\x3e\x20\x3c\x78\x6d\x70\x4d\x4d\x3a\x48\x69\x73\
\x74\x6f\x72\x79\x3e\x20\x3c\x72\x64\x66\x3a\x53\x65\x71\x3e\x20\
\x3c\x72\x64\x66\x3a\x6c\x69\x20\x73\x74\x45\x76\x74\x3a\x61\x63\
\x74\x69\x6f\x6e\x3d\x22\x63\x72\x65\x61\x74\x65\x64\x22\x20\x73\
\x74\x45\x76\x74\x3a\x69\x6e\x73\x74\x61\x6e\x63\x65\x49\x44\x3d\
\x22\x78\x6d\x70\x2e\x69\x69\x64\x3a\x36\x66\x31\x63\x61\x34\x37\
\x65\x2d\x63\x61\x63\x66\x2d\x64\x33\x34\x65\x2d\x61\x39\x62\x62\
\x2d\x65\x66\x32\x30\x35\x62\x31\x66\x38\x34\x63\x39\x22\x20\x73\
\x74\x45\x76\x74\x3a\x77\x68\x65\x6e\x3d\x22\x32\x30\x32\x31\x2d\
\x30\x32\x2d\x32\x34\x54\x31\x39\x3a\x33\x33\x3a\x34\x31\x2b\x30\
\x34\x3a\x30\x30\x22\x20\x73\x74\x45\x76\x74\x3a\x73\x6f\x66\x74\
\x77\x61\x72\x65\x41\x67\x65\x6e\x74\x3d\x22\x41\x64\x6f\x62\x65\
\x20\x50\x68\x6f\x74\x6f\x73\x68\x6f\x70\x20\x32\x31\x2e\x32\x20\
\x28\x57\x69\x6e\x64\x6f\x77\x73\x29\x22\x2f\x3e\x20\x3c\x72\x64\
\x66\x3a\x6c\x69\x20\x73\x74\x45\x76\x74\x3a\x61\x63\x74\x69\x6f\
\x6e\x3d\x22\x73\x61\x76\x65\x64\x22\x20\x73\x74\x45\x76\x74\x3a\
\x69\x6e\x73\x74\x61\x6e\x63\x65\x49\x44\x3d\x22\x78\x6d\x70\x2e\
\x69\x69\x64\x3a\x33\x31\x33\x63\x33\x63\x34\x39\x2d\x30\x66\x30\
\x38\x2d\x30\x39\x34\x31\x2d\x39\x65\x61\x64\x2d\x35\x35\x64\x66\
\x38\x65\x30\x33\x38\x36\x30\x31\x22\x20\x73\x74\x45\x76\x74\x3a\
\x77\x68\x65\x6e\x3d\x22\x32\x30\x32\x31\x2d\x30\x32\x2d\x32\x34\
\x54\x31\x39\x3a\x33\x39\x3a\x32\x38\x2b\x30\x34\x3a\x30\x30\x22\
\x20\x73\x74\x45\x76\x74\x3a\x73\x6f\x66\x74\x77\x61\x72\x65\x41\
\x67\x65\x6e\x74\x3d\x22\x41\x64\x6f\x62\x65\x20\x50\x68\x6f\x74\
\x6f\x73\x68\x6f\x70\x20\x32\x31\x2e\x32\x20\x28\x57\x69\x6e\x64\
\x6f\x77\x73\x29\x22\x20\x73\x74\x45\x76\x74\x3a\x63\x68\x61\x6e\
\x67\x65\x64\x3d\x22\x2f\x22\x2f\x3e\x20\x3c\x72\x64\x66\x3a\x6c\
\x69\x20\x73\x74\x45\x76\x74\x3a\x61\x63\x74\x69\x6f\x6e\x3d\x22\
\x73\x61\x76\x65\x64\x22\x20\x73\x74\x45\x76\x74\x3a\x69\x6e\x73\
\x74\x61\x6e\x63\x65\x49\x44\x3d\x22\x78\x6d\x70\x2e\x69\x69\x64\
\x3a\x38\x38\x34\x62\x33\x63\x39\x33\x2d\x33\x32\x61\x61\x2d\x36\
\x61\x34\x38\x2d\x62\x63\x64\x38\x2d\x34\x34\x38\x35\x66\x61\x39\
\x32\x38\x64\x39\x66\x22\x20\x73\x74\x45\x76\x74\x3a\x77\x68\x65\
\x6e\x3d\x22\x32\x30\x32\x31\x2d\x30\x33\x2d\x32\x37\x54\x31\x36\
\x3a\x34\x34\x3a\x30\x39\x2b\x30\x34\x3a\x30\x30\x22\x20\x73\x74\
\x45\x76\x74\x3a\x73\x6f\x66\x74\x77\x61\x72\x65\x41\x67\x65\x6e\
\x74\x3d\x22\x41\x64\x6f\x62\x65\x20\x50\x68\x6f\x74\x6f\x73\x68\
\x6f\x70\x20\x32\x31\x2e\x32\x20\x28\x57\x69\x6e\x64\x6f\x77\x73\
\x29\x22\x20\x73\x74\x45\x76\x74\x3a\x63\x68\x61\x6e\x67\x65\x64\
\x3d\x22\x2f\x22\x2f\x3e\x20\x3c\x2f\x72\x64\x66\x3a\x53\x65\x71\
\x3e\x20\x3c\x2f\x78\x6d\x70\x4d\x4d\x3a\x48\x69\x73\x74\x6f\x72\
\x79\x3e\x20\x3c\x2f\x72\x64\x66\x3a\x44\x65\x73\x63\x72\x69\x70\
\x74\x69\x6f\x6e\x3e\x20\x3c\x2f\x72\x64\x66\x3a\x52\x44\x46\x3e\
\x20\x3c\x2f\x78\x3a\x78\x6d\x70\x6d\x65\x74\x61\x3e\x20\x3c\x3f\
\x78\x70\x61\x63\x6b\x65\x74\x20\x65\x6e\x64\x3d\x22\x72\x22\x3f\
\x3e\x26\xe7\xcf\xbe\x00\x00\x11\x1e\x49\x44\x41\x54\x78\xda\xe5\
\x5d\x09\x78\x4c\xe7\x1a\x1e\x4b\x42\xf6\x99\x6c\xb6\x4b\xaf\x6a\
\xab\x45\x69\x8b\x22\x62\x89\x44\x36\x54\xad\xb7\x4f\x50\xfb\x56\
\x5c\x94\xda\xaa\x76\xb1\xd5\x7a\xab\x68\x2c\x49\x48\xd1\x22\x48\
\x42\x2c\x15\x1a\x31\x59\x65\x12\x82\x5a\x6a\xb9\xb4\xd7\xbe\x6f\
\x49\xe4\xbb\xdf\xf7\xcf\x7f\xc6\xc9\x31\x88\x9c\x33\x27\x11\xe7\
\x79\xde\x67\x64\x31\x93\x79\xcf\xf7\x7f\xdf\xfb\x2d\xff\x3f\x1a\
\x4d\xd1\x5f\x36\x88\x7f\x20\x9a\x20\x82\x10\x93\x10\xab\x11\x3b\
\x11\x89\x88\xa3\x88\x33\x88\xb3\xfc\x31\x0b\x91\x84\x88\x45\x84\
\x22\x26\x23\x7a\x20\x3c\x11\x55\x11\xb6\x9a\x37\xf4\x72\x45\x78\
\x21\xc6\x22\xb6\x22\x2e\x59\xbd\xa3\x83\x72\x1e\x95\xc1\xb6\xc3\
\xbb\xe0\xd0\xbf\x2e\x38\x7d\xd3\x10\xb4\x53\x3c\x40\x37\xbb\x39\
\x38\xcf\x6f\x09\xce\x0b\xbd\x8c\x8f\xf8\xb5\x0e\xbf\xef\x34\xa6\
\x21\x38\x0c\xa8\xcb\x7e\xbf\x7c\xd3\x2a\x60\xf5\x9e\x0e\xf0\x79\
\xfe\x87\x88\x46\x4c\x40\x78\x23\x2a\x94\x74\x22\x4b\x21\xfc\x10\
\x73\xc9\x02\xad\x6a\xb9\x80\x6d\xdb\x1a\xe0\x38\xb2\x3e\xb8\x2c\
\x69\x05\x6e\x6b\x03\x65\xc3\xe5\x07\x6f\x70\x1a\xd5\x00\x6c\x3f\
\xab\x01\xd6\xb5\x5d\x88\xe4\x34\xc4\x02\x44\x1b\x84\x55\x49\x22\
\xd3\x0e\x31\x02\xb1\xcf\xfa\x43\x37\xb0\xfb\xe2\x7d\x66\x81\x4a\
\x90\xf8\x32\xe8\xa6\x37\x05\xfb\x6e\x1f\x80\xf5\x47\xee\x44\xf0\
\xef\x88\x31\x08\xe7\xd7\x99\x4c\x1d\x5f\x86\x59\x36\xfe\xd5\x41\
\x3b\xbe\x91\x2a\x44\x3e\x0f\xda\x89\x8d\xc1\xb6\xcd\xdb\x44\xee\
\x09\xc4\x94\xd7\xcd\x35\x50\xa0\xe8\x87\x38\x4d\xcb\x90\x7c\x60\
\x51\x92\x29\x85\xf3\xdc\x16\x60\xd7\xf1\x5d\x22\xf7\x22\x62\x28\
\xc2\xbe\xb8\x13\xda\x08\xf1\x5b\xf9\x96\x55\xd9\xd2\x2b\x4e\x64\
\x3e\x43\x2e\xde\x6c\x9b\xd6\x6f\x11\xb9\x87\x10\xcd\x8b\x23\x99\
\xe5\x10\xa3\x11\x8f\x29\x22\x17\x67\x32\xa5\x70\x1c\xf2\x11\x11\
\x9b\x87\x98\x8a\x70\x28\x2e\x84\xbe\x8f\xd8\x4d\x7e\x93\x24\xcf\
\xeb\x44\xa8\x49\x35\xfc\xe8\x23\xf8\x5b\x0a\x66\xf5\x8a\x9a\x50\
\x92\x48\x17\xec\x7b\xd4\x7a\x2d\xc9\x94\xc2\xa1\x77\x1d\x41\xeb\
\x76\x2a\x2a\x42\x07\x21\xee\x92\xce\x2c\x09\x84\x0a\x70\x1a\xd7\
\x88\x88\x7d\xc4\xdd\x99\xaa\xd7\xb7\xe4\x87\x74\xc1\xcd\x4a\x14\
\xa1\xa6\x20\x86\x6e\xcc\xc6\xbb\x1a\x91\x3b\x47\x2d\x42\x27\xd3\
\x0b\x2a\x95\x05\x15\x57\xb8\x86\xf8\x0a\xc4\x2e\xb0\xb8\x85\x32\
\x42\x31\x1d\x2c\xc9\x84\x9a\x88\x5d\xed\x2f\x10\xfb\xbd\xa5\x08\
\xed\x5b\xbe\x45\xd5\x12\x6f\xa1\xcf\x10\xbb\xca\x4f\x20\x76\x94\
\xd2\x84\xb6\x61\x3e\x74\x5a\xd3\x37\x8a\x50\xb1\x8f\x2d\xd7\xa8\
\x12\x11\xdb\x55\x29\x42\x6b\x53\x4a\x47\xd5\x9f\x62\x63\x3d\xa4\
\x2d\xc3\x03\xc0\x19\x41\x8f\xae\x6a\xd4\x0e\x26\x30\x55\x70\x8b\
\x67\x8d\xb2\xaf\x28\xfb\x9e\xb5\x8b\x8c\x40\x77\x21\xf3\x09\xf5\
\x05\xeb\x55\xad\xa0\x54\x48\x0b\xd0\x20\xca\xac\x44\xeb\x59\xe5\
\x0d\x65\x57\x79\xb1\xaf\x09\x56\xf8\x73\xfb\xd0\xd6\x8c\x68\x77\
\x4b\xe8\x58\xcc\x16\xa9\xda\x86\x28\x2b\x87\xd0\xf1\xe4\x4f\x8a\
\xac\xb2\x14\xe6\x07\xa5\x43\x5a\x82\x66\x79\x53\x70\x0a\xf3\x85\
\xba\x9b\xfe\x05\xde\x31\x7d\xa1\x5b\xdc\x08\x18\x7e\x68\x02\x4c\
\x48\x9e\x02\x5f\x27\x4e\x84\xde\xfb\xbf\x06\xbf\x1d\xfd\xe1\x93\
\xc8\x20\xa8\xb0\x2e\x10\x34\x2b\x3c\x41\xf3\x53\x73\xfc\x3f\x7e\
\x8a\xff\x4d\x36\xbe\xff\x94\x15\xb8\x28\x5d\x7b\xe4\xb2\xa8\x68\
\x02\x53\x69\xb4\x44\xeb\x95\xad\xa0\x41\x64\x37\x46\xe0\x86\x33\
\x21\x70\xfc\xe6\x76\x78\x94\x9b\x00\x00\x99\x88\x2c\xc4\x51\xfe\
\x78\x04\xf2\xf2\xf4\x70\xf6\xce\x0e\x88\x3a\x1f\x06\x93\xd3\xa6\
\x43\xf3\xa8\x5e\x60\xbf\xc6\x87\x91\xab\x0b\xf3\x57\x34\x70\xf1\
\x2e\x83\x67\x61\xaa\xf4\xf1\x94\xb6\xa9\xbb\xd4\xdb\x30\xeb\xa4\
\xa5\xdd\x6e\xd7\x40\x88\x39\x1f\x0a\x17\xef\xed\x61\xa4\x01\x9c\
\x40\x18\x10\xa9\x88\x24\x44\xa2\x08\xf4\x75\x0a\x22\x1d\x71\x9c\
\xe1\xc6\xa3\x38\xd8\x73\x31\x02\xfa\xfe\x3e\x1a\xec\x90\x5c\x72\
\x0b\x4a\xb9\x04\xc7\xc1\xac\x08\x43\xbd\x33\xeb\x57\x21\xb5\x1f\
\x95\xef\x54\x0d\x3e\xe8\x07\xcb\x22\x99\x35\x36\x74\x80\xb5\xa7\
\x96\xc1\x9d\x6c\x3d\x27\x28\x03\x91\x8c\xd0\x4b\x88\x7c\x1e\xf4\
\x9c\x64\x23\xc1\x4f\xf2\x52\x60\xef\xa5\x08\xf0\x8c\xea\xc9\xfc\
\xaf\x52\xfe\xd6\xc6\x8f\xb9\x81\x31\xaf\x52\x64\xbe\xa0\x66\x3d\
\x94\xa2\xb8\x26\xa4\x39\x78\x45\xf7\x86\xa3\x37\xb6\x71\xcb\x34\
\x98\x21\x8c\xc8\x4d\xe3\x3f\xcb\x10\x81\xbe\x3e\xcc\x7f\x2e\xfd\
\x3f\x87\x99\x8b\xb8\x86\x96\xdb\x13\x7d\xaf\x66\x45\x33\xe6\x6b\
\x69\x55\xc8\xfa\x9b\x17\x7a\x11\xa9\x7f\x23\xdc\x0a\x42\xea\x38\
\x9b\xc0\xea\xaa\xca\x23\x0a\x44\xde\x31\x7d\xe0\xea\xc3\x7d\xdc\
\xc2\x92\xcd\x10\x73\x8c\x11\x78\x3f\x27\x1e\x2e\xdc\x8d\x85\x13\
\xb7\xa2\x21\xe3\x7a\x24\x1c\x43\x3f\x7b\xee\xee\x4e\xb8\x9d\x7d\
\x40\xf4\x7b\x06\x6e\xad\x7a\x91\x7b\x30\xa0\xdf\x4d\x42\x77\x30\
\x0a\x34\xcb\x9a\x80\x23\x23\x56\xde\xdf\x4e\x9d\x5c\xe4\x6b\xf6\
\xcb\x08\xa5\xd6\xc2\x19\xb5\xea\xa2\x15\xd7\xb5\x65\x96\xe3\x8d\
\x16\x7a\xfe\xee\x2e\x4e\x8a\xd4\x32\x8f\x32\x22\x93\xae\x44\xc2\
\x8f\x59\x0b\xa1\xeb\x6f\xc3\x98\x0a\xa8\x1c\xd1\x16\x2d\xdc\x1f\
\xa3\x7d\x1b\xa8\xf5\x6b\x17\x68\xbf\x7b\x30\x04\xa7\xcf\x86\x03\
\x7f\x6f\x80\x2b\x0f\x7f\xe3\x41\x2c\x4d\xe2\x36\xd2\xe0\xf1\x93\
\x43\xd0\x0f\xfd\x2c\x29\x04\x72\x05\xb2\xea\xb0\x98\x5d\xf2\xb6\
\x8c\xee\x45\xa4\x8e\xa0\x62\xb3\x1a\x84\x12\x19\xa5\xd0\x87\xb6\
\x8c\xe9\x0d\xd7\x1e\xee\x37\xb3\xdc\x53\x19\x31\x91\x67\x57\x41\
\x40\xec\x00\x70\xe7\x52\x89\x82\x98\x03\x6a\x56\x8a\xe8\xe4\x36\
\xe8\x51\xd0\xb0\xf4\x73\xbb\x35\xad\xa1\xd1\xd6\xee\xb0\xf4\xd8\
\x42\x91\x7b\xd0\x8b\xfc\x6d\x2a\xbb\x59\x83\x0e\x8e\x85\x32\x21\
\x5e\xf8\xbc\xf2\xdc\x00\xf5\xe1\x90\xb7\x69\x2f\x6a\x89\xc4\x6b\
\xbf\x6b\xa2\x0a\xa9\xb6\x18\x91\xdf\x5a\xff\x39\x9c\xba\x1d\xc5\
\x03\x92\x98\xd0\x14\x0c\x30\x49\x30\xdb\x30\x0b\x65\x51\x6b\x66\
\xcd\x44\xa4\x38\x19\x10\x67\x54\x52\x6d\x4b\x32\x8a\x24\xd9\x60\
\x24\xee\xca\xc3\x03\x66\x56\x80\x01\xa5\x59\x3c\xb4\x8a\xee\xc3\
\x6e\x82\x1c\x37\x40\xe5\x4f\xe4\x2d\x03\xe1\x64\x8e\x54\x1f\x44\
\xae\x5b\x58\x80\x0a\x81\xc9\x9f\x11\x15\x72\x62\x31\x97\x4a\xc9\
\x22\x4b\x3a\x0c\x0f\x72\x0f\x42\x8f\xfd\x23\x91\x9c\x66\x66\xdf\
\xb4\x0b\x5a\x27\xa9\x05\xb2\x32\xd7\xb5\x64\xad\x7e\xf9\x52\x55\
\xfa\xbe\x40\x6e\xcb\xe8\x5e\x70\xfa\xf6\x4e\x4e\xac\xd8\x15\x64\
\x81\xfe\xf2\x46\x93\xd5\x17\xfa\xfd\x84\x07\x0a\x3d\xae\x0e\xe6\
\x48\x0d\xb6\xeb\x5a\x53\x15\x2b\x25\xb2\x02\x76\xf6\x67\xd6\x68\
\x5c\xf6\x7a\x0e\x03\x0b\x54\xbd\x88\xd0\x65\x1e\x6c\x59\xbb\xbf\
\x82\x24\x33\x7b\xf3\xf0\xb5\x3c\xb7\x7f\x09\x37\x1f\xef\xe7\x49\
\x83\x5e\xe4\x5e\x0c\x30\x0a\x33\x32\x0a\x94\x72\xde\x0f\xb5\x93\
\x90\xbf\x25\x52\x42\x69\x6a\x23\x5d\x37\xc3\xd3\xf2\xed\x0a\xb4\
\x20\xb2\x8e\xf0\x53\x3f\x72\x2b\x15\xfb\xd0\x63\x30\x27\x63\x0e\
\x7b\x93\xba\x42\x44\x67\xf3\xc4\x06\x30\x5f\xdb\x6d\xdf\x70\x5c\
\xf2\x06\x89\xc5\x1e\x87\x84\xcb\xeb\xf1\xe6\xf9\x61\x72\xe0\x2b\
\xab\x8a\x45\x73\x0e\x88\x2a\x62\x52\xbd\x68\xb6\x49\x9d\xf4\xb3\
\x05\xd4\xdf\x12\x04\x37\x1f\xed\xe7\xd1\x59\x90\x3c\x99\x98\x01\
\x85\x43\xf9\xd5\xde\xb8\x74\xfd\x15\x7d\x4d\x1d\x77\x37\xf3\x33\
\xe7\x70\x55\x90\x6c\x52\x03\x0f\x73\x93\xe0\xf3\xdd\x5f\xb1\x1b\
\x29\xc7\xb7\x5a\xd7\x73\x23\x62\x03\xc5\xa4\x7e\x43\x2d\x5a\x35\
\x34\x69\xd9\x95\x5e\x4c\x84\x1b\xdf\xdc\x53\x1d\x7a\x17\x75\x26\
\x15\x4b\xac\x56\xc9\x8f\xc8\xe6\xd2\xdf\x32\x21\x2d\xa1\xd6\xa6\
\xae\x70\xe9\x7e\x2c\x57\x04\x82\x0f\x3f\x05\x8b\x8f\x7c\x0f\x65\
\xd0\x4d\x38\xcb\x90\x58\x76\x9d\xdf\x23\x52\x67\x08\x84\x96\xa7\
\xf2\x9e\xd3\xd7\x0d\x54\xa8\x3a\xa1\xae\xc4\x37\xb8\x0e\xd3\xd0\
\xfc\x12\xca\xc0\x32\x29\xb2\x52\x8b\xf5\xf6\xc9\x97\xa3\xb5\x6e\
\x3d\xb7\x9a\x27\x08\xc2\x6b\x67\x42\xea\xd5\x4d\x50\x63\x63\x47\
\x59\xaf\x4f\xaa\x89\xd4\x93\x30\x46\x44\x7e\xe0\xb2\xcb\x52\x1f\
\x8b\x93\x4a\xf2\xe8\xbd\x8d\x9d\x30\x1b\x8a\xe2\x05\x90\xa7\xc5\
\x90\x90\xe3\x4b\xc0\x06\xdf\x94\x92\x75\x50\x97\x70\xff\x7c\xd6\
\x4a\xa4\x8e\xd0\x4f\x84\x27\xec\x35\x53\x4d\xbe\x9c\x2a\x5f\xad\
\x30\xa3\xa3\x5a\xad\x9c\x7e\x16\xf2\xf8\x10\xf1\x36\x9b\x7f\xb2\
\xaa\xa1\x55\xc5\x9f\x52\xb5\xe8\x53\x14\xe6\xc6\xf2\x5d\x92\x29\
\x6b\xca\xcd\x3b\x04\xdd\xf7\x8d\x60\xd1\x5e\x20\x40\xa9\x6a\xbe\
\xb3\x48\x6e\x09\xaf\x7f\xf9\xc1\x5e\x9e\x0e\x0b\x37\xf5\x28\x97\
\x70\xf2\x86\xe9\xf8\x4c\x2c\x0d\x1b\x6b\x82\x68\x82\x59\x0d\x7f\
\xea\x10\xda\x1a\xba\xee\x1d\xc6\xad\x34\xc9\x24\xf4\xef\xa0\x3f\
\xad\xb7\xf9\x0b\x53\x51\x59\x6e\xfa\xe8\x26\xd1\xac\x82\x0e\x75\
\x41\x4d\xeb\x18\xe6\x0b\x86\x6b\x91\x22\xbf\x9a\xc8\x48\xa5\x1a\
\x6c\x79\x24\x5d\x8e\x5f\xb5\x69\xc5\x1a\x84\x34\x64\xa2\x99\x44\
\x85\x01\x35\x48\x25\x4b\x1c\x18\x3f\x46\x52\x30\x49\xc1\xac\x2a\
\x06\xaa\xfd\xdc\x9e\x09\x76\xc1\xf7\x2a\xdd\x92\x71\xe1\xcf\x49\
\x69\x6e\xcc\x85\x50\x91\xa5\x1a\xfd\xea\x7c\x0c\x56\x54\x64\xd1\
\xca\xe8\x16\xd0\x80\xb1\x30\x27\x10\xaa\xc6\xa4\x1e\x65\x3e\x4e\
\xa8\x07\x87\x25\x4c\x78\x86\x54\xc3\xb5\x2d\x50\x95\x91\xea\xcf\
\xac\x54\x69\x52\x2b\xac\x6b\x6b\xb2\x56\xaa\x11\x6c\x39\xbb\x92\
\xeb\xd5\x24\x13\xa9\x54\xac\x71\xc6\xdf\x91\x43\x2a\x8d\x40\xf1\
\x3d\x0c\x9a\x58\xda\x94\xa0\x96\xa5\x0e\x30\x63\xa9\x27\x6f\x45\
\x73\x52\x8d\xfe\xcf\x49\x71\x4b\x6d\x63\x72\x29\x24\xd9\xa2\x2f\
\xac\xe1\x96\x2a\x90\x7a\x04\x65\xd5\x7c\x76\xd3\xe5\xa4\xac\xda\
\xc9\x4d\x84\x79\x57\x4d\xb2\x6e\x6a\x53\x95\x7c\xaa\x2f\x7c\xb1\
\xef\xdf\xa2\xc8\x6f\x24\xf5\xe6\xe3\x38\xa8\x83\x1a\x52\xf0\xa9\
\x3a\x85\x49\x15\x32\x2d\x22\xd6\x6e\xb5\x0f\xa4\x5e\xd9\x2c\xf1\
\xa9\x59\x30\x35\x6d\x06\xaa\x0f\x1f\x96\xda\xca\x2c\xae\x64\x12\
\xa9\xc7\x9c\xe7\x34\x57\x2d\xfa\x7b\x6c\xfb\x12\x72\xe1\x50\xbe\
\xe8\x9f\x83\xd1\xbf\xf3\xde\xa1\xa2\xe8\x6f\x3e\xe5\x94\x2d\xe9\
\xf0\xf9\x3f\xc2\x80\xf8\xd7\xbd\x5d\x12\x9d\x9c\x05\x7d\x0e\x8c\
\x62\xdd\x07\x72\x53\x0a\xa4\xab\xea\x15\xa5\x49\xa7\xd6\xfc\xa5\
\x13\x06\xa6\xe8\x67\x74\xea\x92\xa3\x0b\xc0\x16\x7f\x2e\xb5\x6e\
\x25\x83\x55\x29\xcc\x9a\xa8\x1c\x98\xf3\x24\x31\x9f\x4e\xcd\xcd\
\xd3\x43\xeb\x1d\xfd\x50\xa7\xca\x33\x2e\xea\x3c\x53\x2b\x8a\x48\
\x3d\x47\xfd\x16\x55\xfa\xf8\xe8\xb3\x2a\x61\xd0\x58\x7f\x66\x85\
\x24\xfa\xa6\x43\xe6\xf5\xad\xac\xc6\x6a\xc9\x40\x49\x15\xab\xcd\
\x2c\x48\x65\x89\x56\x4a\x06\x18\xae\x6f\x81\xf7\x7f\xed\x02\xe5\
\x57\x79\x2b\xd5\x09\xd0\xfc\xe9\xbc\x40\x1d\x4b\x75\x09\xc7\x40\
\xb1\xb2\x15\x2e\xb5\xd1\xcf\xe4\xfe\x77\xb2\xf7\x43\xb3\xa8\x9e\
\x16\x23\x96\xa2\xfe\x07\x48\xdc\xf9\x7b\xb1\xbc\xb1\x28\xbc\xf6\
\x29\xd6\x25\x28\x8b\x56\xea\x2c\xd3\x97\x8b\x2d\xf5\xb8\x5a\x3e\
\x55\x18\x92\x68\xb8\xb5\x1b\x06\xa7\x03\xa2\x25\x98\xc4\x2c\x66\
\xd3\x9f\x2b\x99\x5f\xd3\x2a\xd0\x94\x13\x2f\x7b\x56\x57\x5d\xd6\
\x84\x09\x7c\x23\xa1\xc9\xa2\xa5\x9f\xc2\xfa\x5e\x72\x6b\xaa\x52\
\x9f\xaa\x4a\xf4\x77\x13\xcd\x44\xe9\xd0\x0d\x6c\xfa\xf3\x27\x5e\
\x4f\xd5\x9b\xca\x70\x44\x2c\x8d\xf2\x50\x81\x5a\xab\x40\x1b\x59\
\x88\xf8\x44\x58\xfb\xdd\x83\x20\xfb\x89\x5e\xd4\x5a\x31\xce\x15\
\x64\x5c\xdf\x0c\x15\x79\x10\x95\x5d\x62\x9c\xc5\xa2\xff\x11\x22\
\x75\xb7\xd3\xd8\x4f\x55\x1d\x9c\x28\xb5\xc2\x13\xdf\xe4\x57\x18\
\xf5\xd3\x24\x45\x63\x03\xdc\xcb\x4e\x80\x2e\x7b\x87\x88\x88\x95\
\xd9\xfe\x46\x3f\x5a\x3f\x32\x08\xfe\xb8\xb5\x43\x12\xf1\x53\x98\
\x0b\x9a\x9e\x3e\x93\xbd\x96\x12\x2b\x43\x3b\xd9\x83\x48\xd5\x13\
\xa9\xe1\x0e\x83\xea\xa9\x4a\x2a\x2b\x1a\xe3\x32\x0f\x3b\xb9\x94\
\x37\xfd\x92\x44\xd6\x63\x80\xff\x3d\x88\x83\x0e\x7b\xa8\x70\xec\
\xf1\x8c\x66\x75\x7f\x41\x8e\x2f\x15\xfc\x9a\xe5\x9e\xd0\x00\x09\
\x3d\x8c\x19\xdb\xd3\xb6\x4d\xa2\x49\xf0\x1f\xbd\x11\xc9\x72\x7d\
\xa5\x06\xd9\xa8\x7c\x8a\x7c\x6e\x67\x33\xfc\x6a\xe4\xfe\xd2\x37\
\xcc\x96\x1b\x12\x96\x72\xf5\x57\xde\x3b\x4a\xcc\x47\xec\x9d\xec\
\x78\x36\x98\xa6\xf9\xa9\x05\x93\x62\xae\xd2\x5c\x9e\xb7\xa7\xa9\
\xbc\x27\x75\x13\x44\x12\x95\xf9\x3a\xe2\x8d\x39\x7b\x67\x97\x24\
\x30\x19\x5d\x0d\x0d\x56\x04\xee\x1c\xc0\xc6\x2f\x2b\x28\x54\x14\
\xe7\xbd\xaa\xc5\x44\x6a\x0f\xda\x2f\xaf\xf6\x54\x5f\x19\x4c\x17\
\xab\xaf\x6f\xcf\xad\x28\xc3\xcc\x3c\x54\x06\x0b\x24\xab\xff\xf8\
\x0f\xeb\xe3\x93\x2f\xb6\xc5\x8c\xc7\x89\x15\x3d\xfc\x19\xa1\x64\
\xf1\x0c\xf8\x6f\xfa\x3e\x75\x5e\xe9\x77\xde\xd9\xd8\x11\x66\xa6\
\x07\xc3\x83\xdc\x44\x4e\x68\x92\x64\x40\x23\x1d\x26\xa5\x4c\x63\
\x33\xad\x15\x14\xec\x32\xd8\xf8\xb0\x6d\x99\x43\x88\x54\x0f\xab\
\x77\x75\xea\xed\xae\xe3\x8d\xb8\xb6\xbb\x06\xc2\xd5\x87\x71\xa2\
\x3e\x95\x39\xa4\x31\x02\xa8\x77\x9f\x70\x79\x23\x8c\x4b\x9e\x0c\
\x5e\xd1\x7d\xa0\xda\xfa\xcf\xa0\x32\xea\xdd\x4a\x11\x6d\xa1\x72\
\x44\x3b\xa8\xf2\x73\x3b\x68\xb2\xad\x07\x0c\x49\x18\x0f\x51\x98\
\xd7\xff\x97\x4d\x0a\xa6\x4a\xb4\xb0\xde\xf4\x7c\x13\x53\xa6\xb2\
\x82\xb8\xd2\xe9\xb0\xf5\x87\xae\x44\xaa\xaf\x86\x1f\x91\x71\xcd\
\x65\x99\x8f\x4a\x84\x36\x83\x66\xdb\xbf\x84\xbf\xee\xef\x95\x58\
\x91\xde\xa4\x00\xf2\xcf\x41\x25\x73\x72\x8c\x51\xfb\x41\x6e\x3c\
\xeb\x1c\xec\xbb\x14\xc1\x4a\x78\x7b\x2e\xae\x65\x33\x55\x77\xb3\
\x7f\x87\x27\x79\x4f\x6f\xc4\xb3\xf3\x58\x99\x2c\x30\x4d\x48\x9e\
\xca\xfa\x64\x34\x5a\xa9\xe8\xfb\x0b\x0d\x20\x42\xb3\x11\x35\x84\
\x33\x4c\x76\x38\x8d\x6e\x68\x61\x3f\x1a\xc8\x2a\xeb\x0d\x23\xbb\
\xc1\x91\xeb\xdb\xcc\x5a\xd1\xa3\xdc\x83\x70\xe6\xce\x0e\x4e\xf6\
\x61\x33\xe3\x93\xc9\x1c\x29\xdc\x12\x05\xa4\x70\x24\x9b\x99\x5d\
\x4d\x61\x19\xd4\xdd\xec\x14\x66\xe9\x94\x04\x38\xca\x68\x47\x17\
\x20\xf2\x3b\x9a\xc6\xd0\x6d\xdb\xd5\xb0\xec\x20\x5a\x88\xb1\x35\
\x7d\xfc\x66\x94\x99\x48\x9c\xce\xbe\x47\x45\x8d\xea\x1b\x3a\xc0\
\xcf\xa7\x97\x73\xcb\x3a\x26\x4a\x10\x5e\x05\x7a\x4e\xb0\x71\xe2\
\x5a\x7f\x65\x13\x04\xc4\xf6\x67\x8a\xc3\xd9\x42\xfb\x01\x68\x10\
\x05\x79\x9c\x25\x6e\x51\x7b\x53\x7f\xc5\x52\x83\x68\xa4\x15\x1b\
\x6f\xeb\x8e\x91\x78\xe7\x73\x02\x47\x1a\xcc\x36\xcc\x66\xc4\x53\
\xf3\x8d\x94\x41\xf7\xb8\x11\x10\x73\x3e\x9c\x4d\xe9\x3d\x9d\xe0\
\x4b\x7e\x09\x99\x42\x43\xcf\x98\x35\x1d\xba\xfc\x0b\x8c\x4e\x9c\
\xc8\x26\x04\xe9\x6f\x70\x7f\x81\x24\x93\xed\x4f\x3f\x66\x47\x8a\
\xb4\x95\x9e\xbe\x73\x54\xa7\xf0\x29\x12\xac\x88\x81\x41\xa9\xdd\
\xee\x81\x70\xf9\xc1\x01\x33\x84\x62\x9a\x88\x8f\x83\xe2\xc7\xb0\
\x65\xa9\xe3\xa3\x91\x46\x49\xe4\x89\x16\x1e\xc8\x66\xf7\xc7\x63\
\x60\xd9\x7b\x71\x1d\xdc\x7c\x14\x27\x5a\xea\xcf\xe2\x61\x4e\x3c\
\x6b\x37\xcf\xcb\x98\x0b\xfe\x28\x97\xaa\xa1\xba\x20\x97\x63\xec\
\xd2\xb6\xb1\xd8\x4a\xe4\x03\xc0\xe7\x10\xd5\xa4\xa3\x3f\x73\xe9\
\xd0\x18\xa5\xa3\x7c\x0b\x24\xe5\x1a\x23\x23\x4b\x12\x94\xd2\x31\
\xb0\x24\x43\xbf\xf8\x6f\xd8\x1b\x77\x30\x33\x93\x4f\x12\x89\x6a\
\x05\x64\xb9\x14\xf1\xa9\x39\xd8\x71\xf7\x10\x18\x95\xf8\x1d\xcc\
\x34\x04\xc3\x82\xcc\x79\x30\x07\x2d\x7c\x4c\xd2\x24\x08\xda\x37\
\x9c\x49\xaf\xb7\xd1\x7d\xb0\x5d\x2d\xf8\xff\xa8\x8f\xef\x12\x6e\
\xf9\x81\x3b\xbe\xa5\x7d\xb9\xb9\x01\xb5\x00\xc4\x13\x37\x05\xfe\
\x08\x63\x99\x8d\x82\x52\x10\x66\x2d\xdb\x25\x3a\xd4\x28\xee\x73\
\x9e\x1c\x86\xde\x54\x18\x46\x35\xf0\xb2\xbe\x10\xf9\x41\x0a\x2e\
\xc2\x86\x08\xb2\x64\xe3\x7c\xaa\x51\xa7\x6a\xf9\x7c\x16\xdd\x04\
\xd9\x53\x7c\x85\xc0\x8b\x76\x03\xda\x2a\x51\x5c\x11\x7c\x68\x7d\
\x46\xa8\xb9\x28\x6f\x60\x3e\x72\xc8\xc1\x71\x48\x68\xd3\x57\xb6\
\x24\x57\x7e\xd3\x5c\x85\xdd\x7e\x6c\xc7\x9f\x3a\xbb\xfe\x9e\x77\
\x16\x0b\x3f\xd5\xed\xb9\x47\x33\x8d\xa3\x03\xb8\x0a\x1d\xe5\x23\
\x8c\xe3\xe6\x14\x94\x4e\xde\x8e\x31\x93\x29\xa5\xb2\xef\xcd\xcd\
\x98\xc5\xd2\xcf\xa2\x22\x42\xd1\xa8\x6f\x3c\x39\x68\xd6\x8b\xc6\
\xd3\x49\x63\x9d\x77\x59\xe4\x55\xa8\x7c\x9e\x65\x4a\xb1\x03\x51\
\xd8\xc7\xf1\x88\x9d\x94\x4f\x2f\xe6\xa0\x38\x1f\x9a\x30\x16\xca\
\x51\x50\x0a\xf3\xb7\x58\x24\x56\x2d\x3b\xfc\xc1\x5b\xd8\xa1\xf2\
\xd2\x33\xae\xa6\x14\x46\xb3\x96\x46\x29\xd4\x04\x2d\xd4\x18\x94\
\x8e\x4b\x08\x4d\x83\x3c\x7c\x34\x06\x25\xe3\xa8\xb9\x7b\x49\xb0\
\x52\xe3\xa4\xdf\xa2\x82\x6c\xf9\xa1\xd9\xf5\x8b\xaf\xd2\x0d\xa0\
\x28\x5b\xf3\x97\xce\x28\x67\x22\x25\x6d\x12\x63\x94\xcf\xc9\x4b\
\x65\x3b\xef\xd8\x1e\xa6\x50\xbf\xd7\x9e\x4c\x91\x95\x5e\x91\x0e\
\xfa\xbe\xe8\x1a\x46\x07\x61\x15\x6c\x44\x31\x80\xc9\x17\xda\x78\
\x0b\x70\xd2\x4c\xa5\x29\x8b\xed\x04\x21\xd7\xa0\x76\x54\xb6\x24\
\x6c\x02\xaa\x03\x3f\x66\xb4\xc0\x57\x19\x3a\xd1\xb1\x20\xe3\x40\
\x14\x81\x69\xa7\xf3\xe8\xa4\xef\x90\xc0\xd3\xa2\x65\x6f\x8c\xf2\
\x33\x0e\xcf\x34\xa5\x87\x25\x85\x50\xc7\xe1\x9f\x10\xa1\xa7\x78\
\xdd\xe4\x95\x8f\x98\xcb\x73\x5d\xf1\xf2\x6a\x0e\x4d\x76\x54\x89\
\x68\x07\xfb\xff\x8a\x60\xdd\x49\xf2\xa9\xf7\x72\x0e\xa1\x85\x8e\
\x61\xfb\x41\x9d\xc3\xfd\x4b\x84\x0f\x15\x76\xa3\x58\xd7\x66\x25\
\x3e\x9f\xc2\x6e\x4f\x0f\xa6\xc2\x6b\x41\xb4\x29\xcd\x28\x55\x44\
\x05\x30\x31\x75\x06\x2c\xce\x5a\x04\xbe\x3b\xfb\xb1\x04\x40\x1b\
\xe6\x6f\xd1\x14\x51\x6d\xd8\x06\xb2\x93\xd6\x96\xca\x39\x44\xa1\
\x34\x62\x8f\x43\xbf\xba\x05\x22\x96\x02\x56\xf9\xd5\xad\x90\x48\
\x5f\x56\xb3\x94\x33\x97\x54\x2c\x97\xfd\xd0\x8f\x85\xf2\x9e\x9d\
\xdc\xe3\x3e\x1a\x20\x6e\xd0\xc9\x62\x05\xed\xb1\x6b\xc3\xfc\x4a\
\x14\x99\xa2\x89\xbe\xc7\x88\x96\x4a\x1d\x4e\xd3\xa9\x5c\xc3\x8a\
\xe0\x3c\xaf\x45\x89\x23\xab\xa0\x07\x2c\x52\x1f\x8f\x1f\x28\xae\
\xe8\x35\x92\xce\x53\x71\x5d\xe9\xf7\xc6\x91\xca\xcf\xa5\x9a\x66\
\xa9\x03\xbf\xe6\x31\x62\x57\xfb\xbf\x69\x84\x2e\xb7\xf4\xd1\x74\
\x0b\x18\xb1\x21\xbe\x25\x9b\xd0\x70\x53\xcb\xd9\xe2\x84\x0a\xd7\
\x1c\x22\x56\xad\x11\x4c\xd5\x7d\xe8\x32\x1f\xc1\x42\x97\x72\x05\
\xa4\xda\x45\x87\xb2\x3c\x2e\xea\x53\xd1\x15\x1f\x49\x9a\xe2\x21\
\x6c\x35\x9f\x5e\x54\x07\xd3\x76\xa6\xa2\x82\x43\xdf\x0f\x4b\xc6\
\x49\xbf\x03\xeb\x11\xa1\x37\x11\xbd\x8a\xfa\x08\xe5\x4f\x68\x47\
\x06\x95\x0b\x0b\x92\xd2\x16\x4b\xac\xf1\x17\x0e\x99\xa1\x4f\xb0\
\x68\x5c\x5c\x0e\xfb\xa6\x72\x61\x30\x6d\x6f\x77\x1c\xf6\xf1\xeb\
\x95\x25\x8d\xac\x0f\xf4\x49\x19\xbc\x2e\xea\xa6\x29\x86\x17\x7d\
\xc8\x4c\x1a\x1d\xc1\x54\xdc\x4f\x52\xa7\xf9\x7c\x7e\xa8\xcc\x31\
\x7e\x60\x79\xb1\xbe\x1c\xf8\x01\xae\x7f\xd3\xd4\x86\xf3\xf7\xc5\
\x8b\x5c\x52\x2c\xf6\x41\x1f\x08\x05\xe6\x6f\x5f\x76\xfc\x51\x71\
\xbb\x68\xf0\x2d\x98\xea\x8e\xe4\xaf\xd4\xfa\x10\x9a\x17\x7d\x38\
\x0d\x1f\xcd\xa1\xcf\xb5\x9a\x8f\x78\x47\xf3\x1a\x5f\x15\x35\xc6\
\x0f\xee\x4a\x2c\xd7\xa0\x22\xd0\x59\xac\xf4\xf9\x25\x6a\x9d\xd0\
\xeb\xd0\xa7\x0e\x94\xfb\xb4\x92\x10\x84\xe8\x26\xbf\xa5\x29\x41\
\x97\x1d\x3f\x66\xe8\x07\xc4\x09\x3a\x73\xc4\xae\x4b\x4d\xd0\x7e\
\xdb\x18\xb3\x33\x65\xea\x09\x74\x0c\x27\x9d\x10\x41\x93\x36\x7c\
\xb6\x89\x76\x8a\xac\x40\x74\x41\x68\x35\x25\xfc\xaa\xc6\x27\x62\
\x66\x22\x0e\xd0\x87\x30\x58\xd7\x71\x65\x59\x0c\xf9\x3b\x6a\x57\
\x10\x39\xb4\xd7\x93\x2a\x63\xd4\x32\xa7\xc0\x42\x8f\xe4\xa3\x69\
\x17\x88\x76\x52\x13\x16\xb9\xed\xbb\xd7\x62\xe9\x24\x8f\xe0\xf7\
\x11\x07\xf9\xf9\xfc\x34\x2c\x56\x5d\xf3\x86\x5e\x4e\xfc\xcd\xb7\
\x46\x0c\xe6\xfe\x6e\x0b\x27\x87\x36\xcf\x9e\xa4\x59\x04\xbe\x93\
\xee\x3c\xef\x0d\xd1\xb6\x9a\x04\xbe\x0d\x7c\x11\x1f\x09\xf7\xe3\
\x47\x6d\x14\xb9\x45\xfe\x1f\x69\xa9\xbd\x75\x77\xac\x8d\x83\x00\
\x00\x00\x00\x49\x45\x4e\x44\xae\x42\x60\x82\
\x00\x00\x12\x54\
\x89\
\x50\x4e\x47\x0d\x0a\x1a\x0a\x00\x00\x00\x0d\x49\x48\x44\x52\x00\
\x00\x00\x55\x00\x00\x00\x55\x08\x06\x00\x00\x00\x38\xf5\xa8\x5a\
\x00\x00\x00\x09\x70\x48\x59\x73\x00\x00\x0b\x13\x00\x00\x0b\x13\
\x01\x00\x9a\x9c\x18\x00\x00\x07\xf4\x69\x54\x58\x74\x58\x4d\x4c\
\x3a\x63\x6f\x6d\x2e\x61\x64\x6f\x62\x65\x2e\x78\x6d\x70\x00\x00\
\x00\x00\x00\x3c\x3f\x78\x70\x61\x63\x6b\x65\x74\x20\x62\x65\x67\
\x69\x6e\x3d\x22\xef\xbb\xbf\x22\x20\x69\x64\x3d\x22\x57\x35\x4d\
\x30\x4d\x70\x43\x65\x68\x69\x48\x7a\x72\x65\x53\x7a\x4e\x54\x63\
\x7a\x6b\x63\x39\x64\x22\x3f\x3e\x20\x3c\x78\x3a\x78\x6d\x70\x6d\
\x65\x74\x61\x20\x78\x6d\x6c\x6e\x73\x3a\x78\x3d\x22\x61\x64\x6f\
\x62\x65\x3a\x6e\x73\x3a\x6d\x65\x74\x61\x2f\x22\x20\x78\x3a\x78\
\x6d\x70\x74\x6b\x3d\x22\x41\x64\x6f\x62\x65\x20\x58\x4d\x50\x20\
\x43\x6f\x72\x65\x20\x36\x2e\x30\x2d\x63\x30\x30\x32\x20\x37\x39\
\x2e\x31\x36\x34\x34\x36\x30\x2c\x20\x32\x30\x32\x30\x2f\x30\x35\
\x2f\x31\x32\x2d\x31\x36\x3a\x30\x34\x3a\x31\x37\x20\x20\x20\x20\
\x20\x20\x20\x20\x22\x3e\x20\x3c\x72\x64\x66\x3a\x52\x44\x46\x20\
\x78\x6d\x6c\x6e\x73\x3a\x72\x64\x66\x3d\x22\x68\x74\x74\x70\x3a\
\x2f\x2f\x77\x77\x77\x2e\x77\x33\x2e\x6f\x72\x67\x2f\x31\x39\x39\
\x39\x2f\x30\x32\x2f\x32\x32\x2d\x72\x64\x66\x2d\x73\x79\x6e\x74\
\x61\x78\x2d\x6e\x73\x23\x22\x3e\x20\x3c\x72\x64\x66\x3a\x44\x65\
\x73\x63\x72\x69\x70\x74\x69\x6f\x6e\x20\x72\x64\x66\x3a\x61\x62\
\x6f\x75\x74\x3d\x22\x22\x20\x78\x6d\x6c\x6e\x73\x3a\x78\x6d\x70\
\x3d\x22\x68\x74\x74\x70\x3a\x2f\x2f\x6e\x73\x2e\x61\x64\x6f\x62\
\x65\x2e\x63\x6f\x6d\x2f\x78\x61\x70\x2f\x31\x2e\x30\x2f\x22\x20\
\x78\x6d\x6c\x6e\x73\x3a\x64\x63\x3d\x22\x68\x74\x74\x70\x3a\x2f\
\x2f\x70\x75\x72\x6c\x2e\x6f\x72\x67\x2f\x64\x63\x2f\x65\x6c\x65\
\x6d\x65\x6e\x74\x73\x2f\x31\x2e\x31\x2f\x22\x20\x78\x6d\x6c\x6e\
\x73\x3a\x70\x68\x6f\x74\x6f\x73\x68\x6f\x70\x3d\x22\x68\x74\x74\
\x70\x3a\x2f\x2f\x6e\x73\x2e\x61\x64\x6f\x62\x65\x2e\x63\x6f\x6d\
\x2f\x70\x68\x6f\x74\x6f\x73\x68\x6f\x70\x2f\x31\x2e\x30\x2f\x22\
\x20\x78\x6d\x6c\x6e\x73\x3a\x78\x6d\x70\x4d\x4d\x3d\x22\x68\x74\
\x74\x70\x3a\x2f\x2f\x6e\x73\x2e\x61\x64\x6f\x62\x65\x2e\x63\x6f\
\x6d\x2f\x78\x61\x70\x2f\x31\x2e\x30\x2f\x6d\x6d\x2f\x22\x20\x78\
\x6d\x6c\x6e\x73\x3a\x73\x74\x45\x76\x74\x3d\x22\x68\x74\x74\x70\
\x3a\x2f\x2f\x6e\x73\x2e\x61\x64\x6f\x62\x65\x2e\x63\x6f\x6d\x2f\
\x78\x61\x70\x2f\x31\x2e\x30\x2f\x73\x54\x79\x70\x65\x2f\x52\x65\
\x73\x6f\x75\x72\x63\x65\x45\x76\x65\x6e\x74\x23\x22\x20\x78\x6d\
\x70\x3a\x43\x72\x65\x61\x74\x6f\x72\x54\x6f\x6f\x6c\x3d\x22\x41\
\x64\x6f\x62\x65\x20\x50\x68\x6f\x74\x6f\x73\x68\x6f\x70\x20\x32\
\x31\x2e\x32\x20\x28\x57\x69\x6e\x64\x6f\x77\x73\x29\x22\x20\x78\
\x6d\x70\x3a\x43\x72\x65\x61\x74\x65\x44\x61\x74\x65\x3d\x22\x32\
\x30\x32\x31\x2d\x30\x32\x2d\x32\x34\x54\x31\x39\x3a\x33\x33\x3a\
\x34\x31\x2b\x30\x34\x3a\x30\x30\x22\x20\x78\x6d\x70\x3a\x4d\x6f\
\x64\x69\x66\x79\x44\x61\x74\x65\x3d\x22\x32\x30\x32\x31\x2d\x30\
\x33\x2d\x32\x37\x54\x31\x36\x3a\x34\x34\x3a\x32\x31\x2b\x30\x34\
\x3a\x30\x30\x22\x20\x78\x6d\x70\x3a\x4d\x65\x74\x61\x64\x61\x74\
\x61\x44\x61\x74\x65\x3d\x22\x32\x30\x32\x31\x2d\x30\x33\x2d\x32\
\x37\x54\x31\x36\x3a\x34\x34\x3a\x32\x31\x2b\x30\x34\x3a\x30\x30\
\x22\x20\x64\x63\x3a\x66\x6f\x72\x6d\x61\x74\x3d\x22\x69\x6d\x61\
\x67\x65\x2f\x70\x6e\x67\x22\x20\x70\x68\x6f\x74\x6f\x73\x68\x6f\
\x70\x3a\x43\x6f\x6c\x6f\x72\x4d\x6f\x64\x65\x3d\x22\x33\x22\x20\
\x70\x68\x6f\x74\x6f\x73\x68\x6f\x70\x3a\x49\x43\x43\x50\x72\x6f\
\x66\x69\x6c\x65\x3d\x22\x73\x52\x47\x42\x20\x49\x45\x43\x36\x31\
\x39\x36\x36\x2d\x32\x2e\x31\x22\x20\x78\x6d\x70\x4d\x4d\x3a\x49\
\x6e\x73\x74\x61\x6e\x63\x65\x49\x44\x3d\x22\x78\x6d\x70\x2e\x69\
\x69\x64\x3a\x66\x31\x63\x38\x35\x34\x37\x64\x2d\x32\x39\x38\x39\
\x2d\x39\x37\x34\x30\x2d\x38\x30\x37\x62\x2d\x33\x64\x39\x65\x39\
\x64\x30\x65\x61\x30\x61\x62\x22\x20\x78\x6d\x70\x4d\x4d\x3a\x44\
\x6f\x63\x75\x6d\x65\x6e\x74\x49\x44\x3d\x22\x61\x64\x6f\x62\x65\
\x3a\x64\x6f\x63\x69\x64\x3a\x70\x68\x6f\x74\x6f\x73\x68\x6f\x70\
\x3a\x66\x66\x36\x37\x33\x65\x33\x30\x2d\x35\x30\x62\x31\x2d\x61\
\x33\x34\x33\x2d\x38\x65\x65\x30\x2d\x39\x32\x64\x30\x31\x31\x62\
\x35\x65\x62\x31\x39\x22\x20\x78\x6d\x70\x4d\x4d\x3a\x4f\x72\x69\
\x67\x69\x6e\x61\x6c\x44\x6f\x63\x75\x6d\x65\x6e\x74\x49\x44\x3d\
\x22\x78\x6d\x70\x2e\x64\x69\x64\x3a\x36\x66\x31\x63\x61\x34\x37\
\x65\x2d\x63\x61\x63\x66\x2d\x64\x33\x34\x65\x2d\x61\x39\x62\x62\
\x2d\x65\x66\x32\x30\x35\x62\x31\x66\x38\x34\x63\x39\x22\x3e\x20\
\x3c\x70\x68\x6f\x74\x6f\x73\x68\x6f\x70\x3a\x44\x6f\x63\x75\x6d\
\x65\x6e\x74\x41\x6e\x63\x65\x73\x74\x6f\x72\x73\x3e\x20\x3c\x72\
\x64\x66\x3a\x42\x61\x67\x3e\x20\x3c\x72\x64\x66\x3a\x6c\x69\x3e\
\x61\x64\x6f\x62\x65\x3a\x64\x6f\x63\x69\x64\x3a\x70\x68\x6f\x74\
\x6f\x73\x68\x6f\x70\x3a\x32\x35\x66\x39\x65\x30\x64\x38\x2d\x31\
\x33\x66\x63\x2d\x36\x63\x34\x30\x2d\x61\x66\x64\x32\x2d\x65\x38\
\x62\x63\x31\x38\x30\x34\x64\x37\x36\x64\x3c\x2f\x72\x64\x66\x3a\
\x6c\x69\x3e\x20\x3c\x72\x64\x66\x3a\x6c\x69\x3e\x61\x64\x6f\x62\
\x65\x3a\x64\x6f\x63\x69\x64\x3a\x70\x68\x6f\x74\x6f\x73\x68\x6f\
\x70\x3a\x34\x61\x38\x36\x61\x37\x39\x37\x2d\x37\x36\x32\x65\x2d\
\x37\x31\x34\x63\x2d\x39\x32\x63\x63\x2d\x66\x34\x63\x63\x62\x62\
\x61\x30\x39\x33\x30\x35\x3c\x2f\x72\x64\x66\x3a\x6c\x69\x3e\x20\
\x3c\x72\x64\x66\x3a\x6c\x69\x3e\x61\x64\x6f\x62\x65\x3a\x64\x6f\
\x63\x69\x64\x3a\x70\x68\x6f\x74\x6f\x73\x68\x6f\x70\x3a\x38\x36\
\x34\x62\x36\x61\x35\x31\x2d\x32\x34\x33\x33\x2d\x62\x62\x34\x63\
\x2d\x62\x62\x36\x32\x2d\x38\x37\x34\x62\x62\x66\x63\x61\x61\x62\
\x35\x35\x3c\x2f\x72\x64\x66\x3a\x6c\x69\x3e\x20\x3c\x2f\x72\x64\
\x66\x3a\x42\x61\x67\x3e\x20\x3c\x2f\x70\x68\x6f\x74\x6f\x73\x68\
\x6f\x70\x3a\x44\x6f\x63\x75\x6d\x65\x6e\x74\x41\x6e\x63\x65\x73\
\x74\x6f\x72\x73\x3e\x20\x3c\x78\x6d\x70\x4d\x4d\x3a\x48\x69\x73\
\x74\x6f\x72\x79\x3e\x20\x3c\x72\x64\x66\x3a\x53\x65\x71\x3e\x20\
\x3c\x72\x64\x66\x3a\x6c\x69\x20\x73\x74\x45\x76\x74\x3a\x61\x63\
\x74\x69\x6f\x6e\x3d\x22\x63\x72\x65\x61\x74\x65\x64\x22\x20\x73\
\x74\x45\x76\x74\x3a\x69\x6e\x73\x74\x61\x6e\x63\x65\x49\x44\x3d\
\x22\x78\x6d\x70\x2e\x69\x69\x64\x3a\x36\x66\x31\x63\x61\x34\x37\
\x65\x2d\x63\x61\x63\x66\x2d\x64\x33\x34\x65\x2d\x61\x39\x62\x62\
\x2d\x65\x66\x32\x30\x35\x62\x31\x66\x38\x34\x63\x39\x22\x20\x73\
\x74\x45\x76\x74\x3a\x77\x68\x65\x6e\x3d\x22\x32\x30\x32\x31\x2d\
\x30\x32\x2d\x32\x34\x54\x31\x39\x3a\x33\x33\x3a\x34\x31\x2b\x30\
\x34\x3a\x30\x30\x22\x20\x73\x74\x45\x76\x74\x3a\x73\x6f\x66\x74\
\x77\x61\x72\x65\x41\x67\x65\x6e\x74\x3d\x22\x41\x64\x6f\x62\x65\
\x20\x50\x68\x6f\x74\x6f\x73\x68\x6f\x70\x20\x32\x31\x2e\x32\x20\
\x28\x57\x69\x6e\x64\x6f\x77\x73\x29\x22\x2f\x3e\x20\x3c\x72\x64\
\x66\x3a\x6c\x69\x20\x73\x74\x45\x76\x74\x3a\x61\x63\x74\x69\x6f\
\x6e\x3d\x22\x73\x61\x76\x65\x64\x22\x20\x73\x74\x45\x76\x74\x3a\
\x69\x6e\x73\x74\x61\x6e\x63\x65\x49\x44\x3d\x22\x78\x6d\x70\x2e\
\x69\x69\x64\x3a\x38\x35\x65\x63\x31\x38\x37\x38\x2d\x32\x63\x32\
\x66\x2d\x64\x31\x34\x39\x2d\x62\x34\x35\x33\x2d\x34\x30\x61\x66\
\x33\x62\x61\x64\x62\x30\x36\x33\x22\x20\x73\x74\x45\x76\x74\x3a\
\x77\x68\x65\x6e\x3d\x22\x32\x30\x32\x31\x2d\x30\x32\x2d\x32\x34\
\x54\x31\x39\x3a\x33\x38\x3a\x30\x35\x2b\x30\x34\x3a\x30\x30\x22\
\x20\x73\x74\x45\x76\x74\x3a\x73\x6f\x66\x74\x77\x61\x72\x65\x41\
\x67\x65\x6e\x74\x3d\x22\x41\x64\x6f\x62\x65\x20\x50\x68\x6f\x74\
\x6f\x73\x68\x6f\x70\x20\x32\x31\x2e\x32\x20\x28\x57\x69\x6e\x64\
\x6f\x77\x73\x29\x22\x20\x73\x74\x45\x76\x74\x3a\x63\x68\x61\x6e\
\x67\x65\x64\x3d\x22\x2f\x22\x2f\x3e\x20\x3c\x72\x64\x66\x3a\x6c\
\x69\x20\x73\x74\x45\x76\x74\x3a\x61\x63\x74\x69\x6f\x6e\x3d\x22\
\x73\x61\x76\x65\x64\x22\x20\x73\x74\x45\x76\x74\x3a\x69\x6e\x73\
\x74\x61\x6e\x63\x65\x49\x44\x3d\x22\x78\x6d\x70\x2e\x69\x69\x64\
\x3a\x66\x31\x63\x38\x35\x34\x37\x64\x2d\x32\x39\x38\x39\x2d\x39\
\x37\x34\x30\x2d\x38\x30\x37\x62\x2d\x33\x64\x39\x65\x39\x64\x30\
\x65\x61\x30\x61\x62\x22\x20\x73\x74\x45\x76\x74\x3a\x77\x68\x65\
\x6e\x3d\x22\x32\x30\x32\x31\x2d\x30\x33\x2d\x32\x37\x54\x31\x36\
\x3a\x34\x34\x3a\x32\x31\x2b\x30\x34\x3a\x30\x30\x22\x20\x73\x74\
\x45\x76\x74\x3a\x73\x6f\x66\x74\x77\x61\x72\x65\x41\x67\x65\x6e\
\x74\x3d\x22\x41\x64\x6f\x62\x65\x20\x50\x68\x6f\x74\x6f\x73\x68\
\x6f\x70\x20\x32\x31\x2e\x32\x20\x28\x57\x69\x6e\x64\x6f\x77\x73\
\x29\x22\x20\x73\x74\x45\x76\x74\x3a\x63\x68\x61\x6e\x67\x65\x64\
\x3d\x22\x2f\x22\x2f\x3e\x20\x3c\x2f\x72\x64\x66\x3a\x53\x65\x71\
\x3e\x20\x3c\x2f\x78\x6d\x70\x4d\x4d\x3a\x48\x69\x73\x74\x6f\x72\
\x79\x3e\x20\x3c\x2f\x72\x64\x66\x3a\x44\x65\x73\x63\x72\x69\x70\
\x74\x69\x6f\x6e\x3e\x20\x3c\x2f\x72\x64\x66\x3a\x52\x44\x46\x3e\
\x20\x3c\x2f\x78\x3a\x78\x6d\x70\x6d\x65\x74\x61\x3e\x20\x3c\x3f\
\x78\x70\x61\x63\x6b\x65\x74\x20\x65\x6e\x64\x3d\x22\x72\x22\x3f\
\x3e\xc7\x5c\x75\x4f\x00\x00\x0a\x06\x49\x44\x41\x54\x78\xda\xed\
\x9d\x0b\x70\x54\xd5\x19\x80\x6f\x85\x3c\x37\x9b\x7d\x25\x88\xb5\
\x80\x18\x40\x20\x40\x44\x08\x21\x09\x85\x84\xbc\x13\xab\x8d\x10\
\x86\x41\x53\x6a\x45\x2b\x04\x2c\x11\x03\x09\xaf\x04\xd0\xf0\x92\
\x34\x52\x11\x28\x31\x2f\x3a\x8e\xa2\x45\x68\x1d\xa5\x41\x50\x13\
\xc8\xcb\x04\xe4\x59\xa6\xad\xa2\x31\x4a\xa1\x48\x1f\x18\x81\x00\
\xf9\xfb\xff\x27\xe7\x86\x9d\x15\xb3\xaf\xbb\xbb\x77\x77\xef\x99\
\xf9\x26\x43\x86\xbd\xd9\x7c\xb9\x7b\x1e\xff\xf9\xcf\x7f\x05\xc1\
\xf5\x2d\x00\xf9\x09\x12\x8d\xcc\x42\x56\x22\xe5\xc8\x7b\x48\x23\
\x72\x12\xf9\x14\x39\xcb\xbf\x9e\x42\x9a\x90\x7d\x48\x25\x52\x88\
\x64\x23\x93\x90\x01\x48\xa0\xe0\xa5\x2d\x04\x89\x47\x96\x20\x7b\
\x90\xaf\x7c\x86\xe8\xc0\x2f\xe6\xc7\x10\x98\x39\x14\xd4\x4f\x8e\
\x01\x4d\x5e\x24\x68\x8b\x62\x40\xb7\x6e\x32\xe8\x37\xc5\x81\xfe\
\xb7\xf1\xdd\x5f\xf1\xdf\x3a\xfc\xbe\x66\x71\x24\xa8\x9f\x1a\xc3\
\xfe\xbf\x7f\xec\xdd\xe0\x33\x4c\x07\x78\x9d\x7f\x22\xef\x20\x4b\
\x91\x04\xe4\x4e\x4f\x17\xf9\x23\x24\x05\xd9\x40\x77\xa0\xcf\x48\
\x03\x04\x3e\x18\x06\xc1\xb9\xe3\xc0\xb0\x79\x2a\x84\xee\x4c\xb7\
\x1b\xc3\xcb\x09\xa0\x59\x34\x1e\x02\x1f\x0a\x03\xdf\x70\x03\x49\
\x6e\x45\x4a\x90\x0c\xc4\xc7\x93\x64\xaa\x90\x85\xc8\x41\xdf\xd1\
\xa1\xa0\x9a\x39\x9c\xdd\x81\x52\x48\x34\x87\x6e\x4d\x2c\x04\x3d\
\x3a\x02\x7c\xef\xef\x47\x82\x6b\x91\xc5\x88\xde\x9d\x65\xea\xf8\
\xc7\xf0\x54\x40\xea\x60\xd0\x16\x44\x39\x45\xe4\x0f\xa1\x5d\x3e\
\x11\x02\x33\xee\x25\xb9\x67\x90\x22\x77\xeb\x1a\x68\xa0\x98\x83\
\xfc\x83\x3e\x86\xd4\x07\xba\x52\xa6\x29\xfa\x0d\x53\x40\xf5\xc8\
\x50\x92\xdb\x8e\xcc\x47\x82\xe4\x2e\x34\x0a\x39\xe0\x1f\x37\x80\
\x7d\xf4\xe4\x24\xf3\x7b\x72\xf1\x8f\x1d\x90\x34\x88\xe4\xd6\x23\
\x93\xe5\x28\xd3\x0f\x79\x0e\xb9\x46\x23\xb2\x9c\x65\x9a\x12\x9c\
\x73\x3f\x89\xed\x42\x56\x21\x6a\xb9\x08\x1d\x8e\xd4\x50\xbf\x49\
\x53\x1e\x77\x12\xda\x33\x6b\x78\x25\x51\xec\x6f\x69\x30\x8b\x70\
\xb5\x50\x9a\x22\xb5\x05\x65\x8f\x74\x4b\x99\xa6\xa8\x1f\x1f\x25\
\xce\x75\xa7\xb9\x4a\xe8\xd3\xc8\x65\x9a\x67\x7a\x82\x50\x11\x4d\
\x7e\x14\x89\xbd\xca\xbb\x33\xa7\xb6\x65\xd4\x0f\xe9\x8a\x7f\xea\
\x51\x42\x7b\x06\x31\xec\xc6\x02\x12\x06\x92\xdc\xf5\xce\x12\x5a\
\x48\x3f\x50\xaa\x55\x90\x5c\x09\xd9\x91\x2c\x8a\x2d\x71\xf8\x1d\
\xca\x84\xe2\x72\xd0\x93\x85\xf6\x88\x2d\x4f\x15\xc5\xbe\xe8\x28\
\xa1\x4f\xf8\x4f\x19\xe0\xf1\x77\xe8\xf7\xc4\xbe\x9a\x22\x8a\x5d\
\x24\xb5\xd0\x0c\xd6\x87\xae\x8e\xf5\x2a\xa1\xc6\x7d\xac\x5f\xd4\
\x5d\x24\x76\x86\x54\x42\xc3\x69\x49\x47\xd1\x1f\x6f\x14\xda\x13\
\x3b\x58\xca\x66\x05\xff\xe1\xab\x46\xbb\xdb\x9f\x83\x66\x87\x7b\
\xb5\xd0\x9e\x79\x2c\xae\x16\x29\xda\x86\xf4\xb5\x47\x68\x01\xf5\
\x27\x8a\xd0\x5b\x04\x24\xdf\x63\xd7\xc0\x45\xcb\xb5\xab\x86\xd2\
\xde\x07\x26\x75\x25\x4e\x3d\xca\x71\x99\x57\x21\x3f\xe8\x7d\xa9\
\x2a\x92\x20\x44\xe2\x81\x8b\xef\x32\x4c\xb2\x25\x4a\x5f\x47\xcb\
\xb6\x5e\x7f\xc0\xce\x34\x18\xbe\x6b\x3a\x4c\xd8\xf3\x28\x8c\x7b\
\x7b\x96\xec\xa0\xf7\x15\xf1\xc7\x99\xd0\x6f\x67\x06\xbe\xdf\x34\
\xe9\x82\x30\x73\x59\x10\x86\xf6\xce\x7c\xad\x91\x3a\x87\xc2\x77\
\xe6\x2e\x1e\x54\x99\x04\xbb\xcf\x96\x41\x7b\xc7\x41\x38\xf7\xdd\
\x7e\xb8\x70\xe5\x00\x9c\x47\x2e\xb8\x10\xf1\xe7\x9f\xff\xee\x7d\
\x68\xff\xf6\x00\x1c\xfb\xe6\x6d\x08\x7b\x3d\x13\xf4\x55\xa9\xd2\
\x76\x03\x29\xac\x1b\x58\x6c\x4d\x90\xb9\xcd\x92\x78\x28\x7d\xc4\
\x6a\xcf\xbd\x0e\x00\xa7\x91\x16\xe8\xea\x6a\xc0\xaf\x8d\x2e\xa7\
\xfb\x7d\x34\x23\x27\xa1\xa3\xb3\x0e\x86\xbc\xf1\x08\xe8\xaa\xa5\
\x95\x4a\x1b\x91\xe8\xe9\x1c\x12\x6a\x89\xd4\xfc\x80\xf4\xc1\x16\
\x5d\x98\xfa\xab\xf7\xbe\xac\xc2\x37\xdf\x0a\xeb\x3e\x59\x07\xc3\
\x76\x4d\x83\xa8\x3d\x8f\xb9\x9c\xf0\x37\x67\xc0\xc3\x35\x73\xe1\
\xd2\xb5\x0f\xe1\xbf\x48\xd8\x1b\x99\x92\x4b\x65\x37\x55\x26\xdb\
\x41\x58\x67\x4e\x28\x6d\x2d\x7c\x6a\x69\x5c\x94\xa4\xfe\xa5\xbd\
\x9a\x49\x5d\xd8\xb0\x0c\x84\x1d\x93\x41\x5b\x95\xe2\x72\x7c\x5e\
\x8d\x47\xb1\x59\xac\x4b\xea\xb8\x5e\xeb\x30\xa9\xb4\xba\xe4\xdb\
\x32\xba\xde\xa4\x2e\xa4\x60\xb3\xa5\x17\x25\xa9\xfb\x98\xd4\x23\
\xb0\xb4\x79\x15\xf4\x2d\x8b\x97\xc7\xb4\xa7\x3c\x01\x62\xf6\xfe\
\x02\x2e\x5d\x3d\x08\x97\x3b\x1d\x27\x95\xdd\xad\x0f\x85\x91\xd8\
\xd5\xbd\x6d\x89\xd4\x69\x57\x44\xdb\x24\xb5\xa0\xb9\x48\x56\x52\
\x27\xee\xc9\x86\x6f\x9c\x20\x95\xc2\x9f\xe8\xed\x18\xa2\xb9\x9d\
\xd4\x44\xe4\x46\x68\x55\x9a\x22\xd5\x1a\xaa\xd3\xc5\x3d\xae\xcc\
\xdb\x49\x2d\x56\xcd\xb8\xcf\xaa\x0b\x2a\x52\xf9\xd4\x32\x7b\x24\
\x89\xdd\x6c\x2a\x94\xb2\x36\x8e\xea\x9e\x9f\xa4\x48\xb5\x31\x8a\
\x45\x79\x0e\xc8\xdd\xc6\x52\xe3\x29\xb7\xc9\xda\x8b\xc9\x55\xaa\
\x3f\x4a\x8d\xdd\x3b\x1b\xa7\x54\x1f\x30\xa9\x8e\x98\xa7\x9a\xe2\
\x1b\x11\x4a\x62\xd3\x8d\xa5\xe6\xd1\x16\xad\x33\xa5\xde\xf9\x87\
\x0c\xd0\xf0\xe9\x4f\x37\x53\x25\x02\x27\xe5\xdb\x27\xc1\xa0\xd7\
\x1e\x86\xaf\x3b\x6a\xe0\x7f\x9d\x1f\xb1\xf8\xc4\x1d\x65\x71\xe6\
\x5f\x8b\xef\x9f\xe2\x05\xb6\x48\x55\x4d\x1f\x46\x52\x9f\x17\x85\
\xfa\x53\x78\x4f\xf3\xec\x78\xa7\x4a\xa5\xd7\x46\xe2\x44\x3d\xb7\
\x61\x39\x9b\xe3\x2e\xa8\x5f\x2a\x09\xcf\x20\x73\x6a\xf3\x60\x49\
\x73\x21\x9b\xf8\x5f\xb9\x71\x88\x5d\x7f\xee\xa1\x7c\xb3\xaf\x7d\
\xb6\x71\x39\xcc\x3c\xf0\x0c\xe8\xab\xad\x8f\x13\xd0\xac\x89\x66\
\x4f\x62\x1a\x11\xf5\x03\xe7\x0d\x5b\x12\x9d\x2a\x55\xd8\x1a\x03\
\x2b\x5a\xd6\xe0\x92\xf2\x13\xe8\x82\x26\xb8\x89\x4b\x4b\xa9\xb8\
\x7e\xb3\x1e\xaf\x49\x4b\xd5\x26\xb6\x6c\xa5\xef\xdd\xe8\xaa\x37\
\xfb\xba\x2e\x38\x0a\x27\x2f\xed\x05\x75\x45\xb2\xd5\x91\x2d\xda\
\xcf\x42\x8f\x57\x90\x7b\x59\xfe\x93\x4f\x98\xd6\xb6\x5b\xde\x1e\
\xa9\xdb\x62\x61\x51\xe3\x0a\x7c\xed\x31\xe4\x28\x8b\x1d\x48\xcb\
\xc7\x46\xf1\x80\x8f\x2d\x7c\xcd\x09\x68\xbd\xb8\x1b\xbb\x8b\x24\
\xdb\xfa\xd5\xee\x9c\x58\x4a\x36\x16\x66\x51\x06\xb3\xd3\xa5\x62\
\xbf\x47\x1f\xd5\x5b\xbf\x50\xa3\x0c\x38\x0a\xf5\xe7\x77\xd9\x2c\
\x35\x60\x2a\xdb\x20\xa4\x24\x13\x61\x25\x05\x06\x14\xa9\xf6\x4b\
\xa5\x04\x63\x31\x4f\xa0\xd2\xd6\x4c\x3d\x45\xaa\x49\xf0\x3a\x77\
\x1c\xf0\x33\x0c\xc2\x3e\x3a\x94\xa0\x48\xb5\x5f\xaa\xb6\x30\x5a\
\xcc\x77\x15\x9a\x75\xab\x62\x15\xa9\x12\x48\xe5\xc1\x95\xe3\x24\
\xf5\xb4\x7e\xfd\x64\x45\xaa\x04\x52\x8d\x96\xab\x96\x07\xa5\x15\
\xa9\x66\x82\xd6\xa5\x2c\x68\xdd\x46\x52\x3f\xa7\xfd\x16\x45\xaa\
\x04\x52\x6f\xed\x04\x08\x9f\xe9\x4b\x94\x3b\x55\xea\x3b\xf5\xaf\
\x4a\x9f\x2a\x7d\x9f\xaa\x8c\xfe\x52\x8d\xfe\x6b\xd9\xe8\x7f\x82\
\xa4\xd6\x68\x96\x4c\x50\xa4\x4a\x32\x4f\x8d\x21\xa9\x0d\x24\xb5\
\x5a\xfd\x74\x84\x22\x55\x02\xa9\x14\x3e\x45\x9f\x7f\x62\x39\xfc\
\xca\xda\x5f\xa2\xb5\x7f\xf7\x5e\xd5\x4b\x24\x35\x9b\xce\xcb\x2b\
\x52\x25\x88\x52\x25\xb2\x63\x99\x39\x24\x35\xc6\x67\xa8\xce\x6e\
\xa9\x79\x8d\x2b\x41\xf8\xbd\xe5\x19\x2a\xc2\xd6\x68\x98\x77\x28\
\xdf\xa3\xa4\xfa\x8e\x0e\x21\xa9\xc9\x02\x2f\x91\x71\xd1\xb0\xd5\
\x9e\xc8\x7f\x0b\xcc\x3f\x5c\x60\x9d\xd4\x57\xa2\xe1\xc9\xda\x3c\
\x9e\x48\xe6\x01\x52\x2b\xd3\x48\x68\x27\x12\x26\xd6\x30\x79\x57\
\xf3\x5c\xa4\x4d\x52\xbb\x13\xd4\x8e\xc0\x07\x5f\xbf\xc6\x92\xd4\
\x7e\x77\xaa\x04\x36\x5b\xc0\x9a\x23\x2f\xc0\xfe\xf6\x9d\x5c\x6a\
\x93\xdb\x4b\x35\x1a\xf9\x83\x7b\xd2\xd0\x03\x7f\x16\x66\x7d\x1e\
\x51\x45\x22\xb4\x5e\x7c\x0b\xdf\xcc\x67\xc8\x59\xe4\x4b\xa4\xcd\
\x42\xbe\x42\xce\x20\x0d\x1c\xf7\x96\x4a\x89\x28\xe8\x71\xad\xf1\
\x16\x75\x02\xed\xaf\x58\xfd\xd7\xc1\x8f\xf1\x53\x75\x8b\xa1\xe4\
\xf8\x26\xd8\x78\x6c\x83\x55\x2c\x6f\x59\x0d\xef\xb6\x55\xf1\x3b\
\xb5\xd9\xed\xa5\xfa\x8e\x65\x25\x45\x1e\x34\xad\xbe\x73\x52\x67\
\x65\x15\x89\x7e\x2c\x1b\x24\x91\xed\xb5\xf7\x2d\x8b\x63\xa3\xbf\
\xa5\x08\x2f\x8d\x85\xd9\x1f\xe6\x1a\x6d\xca\xb9\xaf\x54\x9e\x00\
\xfc\x39\x32\xd0\x34\xf5\x67\x03\x15\x8d\xb1\x3a\x88\x50\x9d\x06\
\xba\xaa\x54\x96\x01\x62\x0d\xc2\xb6\x18\xc8\x39\xec\x19\xa3\x3f\
\x3f\xd2\xbe\xed\x76\x09\x6a\x69\xc8\xcd\xd0\xea\x34\xa7\xa4\xe6\
\x78\xd2\x3c\xb5\xb7\xd3\x80\x81\xf6\x04\x57\xbc\x55\x2a\xd5\x62\
\xe1\x55\xdd\x7e\xb0\x34\x53\x3e\x15\xe0\x52\xa4\x5a\x2e\x95\x57\
\x0e\x5a\xdb\x5b\x7a\x3a\xcd\xb1\xbe\x30\x94\xc6\x2b\x52\x2d\xac\
\xd8\xc6\x4f\xa8\x98\xad\x71\x55\x64\xcb\x9c\xd5\x16\xa9\x0b\xea\
\x0b\x64\x27\xf5\xb0\x15\x52\x79\xa6\x5f\xa9\x25\x47\x7e\x28\x77\
\xbd\xdd\xd6\xdd\x00\x6b\x72\xa9\x96\x34\x15\xb2\xb3\x4e\x00\xc7\
\xd9\xaa\xcc\xf5\x9c\x86\x13\x94\xa0\x66\x81\x54\x7e\x97\x5e\x30\
\x4d\xf4\xed\xad\x2d\xa0\x42\x58\x8e\x95\x1a\xc3\x4e\xb4\x5c\xee\
\x6c\x46\xea\x58\x1e\xa9\xab\xf9\xf6\x7a\x23\xb4\xfc\xeb\x2d\x96\
\xcf\x6a\x2e\xeb\x2f\x20\x6d\x30\xf0\x32\xa3\x16\xb7\x3e\x54\xd1\
\xd1\x91\x85\xbb\x82\x71\x35\x36\xe2\xcd\x2c\x98\xb6\x7f\x1e\x92\
\x03\x3f\xaf\x99\xe7\x72\xb2\xde\xcf\x81\xb8\x77\x1e\x07\x83\x99\
\x73\xac\xc1\xbf\x79\x80\x84\xfe\x9d\xc7\x4d\xac\x2e\x31\xd7\x15\
\xb2\x3d\xc9\x21\x52\x29\x93\x3a\x18\xef\x88\x3e\xb8\x12\xeb\x63\
\xe5\x6a\xcc\x51\xd0\xfb\xa0\xd4\xf6\x7e\x66\x4e\xa3\xf8\x86\xb3\
\x10\x5f\xa2\xad\xc7\xd3\x8b\x29\xf0\xaa\x9c\xf3\x37\x0a\x22\xa5\
\xb3\x4a\x6b\x5b\xec\x29\xa2\x70\x07\xb2\x5f\x3d\x67\x8c\x22\x94\
\x3e\xf6\xf3\xc7\x8a\xe1\x3d\x95\xbd\xe5\x3e\xc6\x23\x97\xa8\xb2\
\x98\x57\xd7\x50\xe9\xce\xe8\xbb\x86\xc4\x49\x55\x9c\x66\x9a\x5f\
\x64\x7f\xd0\x6f\x9c\xe2\x95\x42\xa9\xc0\x22\xed\xe3\xf1\x82\xe2\
\x92\xb6\x5c\xaa\xa7\x12\x52\x96\xe2\x7d\x75\x53\xba\xeb\x52\xad\
\x76\x54\xc1\xaf\x8d\x4c\x6c\x79\xaa\xb7\x09\xdd\xe6\xe8\xd2\x74\
\x25\x4c\xec\x8e\x64\xcf\x16\x5a\xdd\xb3\xe5\xec\x70\xa1\x62\x5b\
\x4f\x62\x6d\x4d\xc1\x94\x7d\x1f\xba\x35\x51\xbc\x43\xb7\xf0\x19\
\x90\xd3\x1a\x15\x65\xb9\xe6\xea\xaa\xe8\x92\x9f\xdf\x2f\x8a\x11\
\x8f\x9a\xaf\x71\x55\x61\xda\xe9\x14\x54\x50\x3f\x31\xda\x33\x2a\
\xa4\xfd\x3a\x82\x84\xfe\x1b\xf9\xa5\xab\x4b\x28\x3f\x40\x27\x32\
\x28\x5c\xe8\xa8\x25\xad\xc3\xa9\x48\x15\x8b\xcc\xd0\x13\x2c\x26\
\xca\xa5\xd8\x37\x85\x0b\x8b\xe9\x78\x7b\xf0\x82\xb1\xee\xb5\x4a\
\xca\x1d\x07\xf4\xa4\x0c\x1e\x17\x0d\x15\x64\xd8\xe8\x21\x33\xad\
\x54\x82\x49\xee\x95\xd4\x29\x3f\x9f\x17\x95\x39\xcd\x0b\x96\xcb\
\xba\xa9\x79\x01\xd7\x73\x94\xb5\xa1\x7f\x51\x5e\x72\x69\xc6\x12\
\x34\x6b\x84\x18\x60\x5e\x66\xae\xfc\x91\xdc\x1a\x25\xbe\x15\x53\
\xdc\x91\xfa\x2b\x67\x3d\x84\xa6\xb7\x87\xd3\xf0\xd4\x1c\x7a\xae\
\xd5\x26\x64\x88\xe0\xc6\xad\xbf\xd0\xfd\xe0\xae\x46\xbf\xf1\xfd\
\x81\x6a\xb1\xd2\xf3\x4b\x9c\x55\xa1\x57\xfd\xab\x51\xe0\x37\xe1\
\x2e\x71\x10\xa2\x3f\xf2\x20\xc1\x83\x9a\x8a\x97\x19\x7a\x19\x39\
\x43\x35\x47\x54\x59\xf7\x81\x76\xd9\x44\x5c\x9d\x49\x13\x4f\xa0\
\x32\x9c\x54\x21\x82\x32\x6d\x78\x6e\x13\x9d\x14\xd9\x8e\x64\x21\
\x5a\xc1\xc3\xdb\x40\x9e\x11\xf3\x02\xf2\x11\x3d\x84\xc1\x77\x54\
\x08\x5b\xc5\x50\x7f\x47\xdb\x15\x24\x87\xce\x7a\x52\x64\x8c\xb6\
\xcc\x69\x60\xa1\xaf\xd4\x47\xd3\x29\x10\xed\xca\x68\x36\x72\x07\
\x3d\x36\x92\x2d\x27\xf9\x08\xde\x81\x1c\xe2\xf5\xf9\x29\x59\x6c\
\xb0\xe0\xa5\x4d\xc3\x7f\xf9\x24\x64\x2e\xef\xef\x76\x73\x39\x74\
\x78\xf6\x6f\x94\x8b\xc0\x4f\xd2\x7d\xc1\xf7\x86\xe8\x58\xcd\x61\
\x7e\x0c\xbc\x94\xa7\x84\xa7\xf0\x52\x1b\x2e\xbf\x23\xff\x0f\x0a\
\xdd\xbd\xa7\xbc\xa0\xfc\x29\x00\x00\x00\x00\x49\x45\x4e\x44\xae\
\x42\x60\x82\
\x00\x00\x11\xe9\
\x89\
\x50\x4e\x47\x0d\x0a\x1a\x0a\x00\x00\x00\x0d\x49\x48\x44\x52\x00\
\x00\x00\x55\x00\x00\x00\x55\x08\x06\x00\x00\x00\x38\xf5\xa8\x5a\
\x00\x00\x00\x09\x70\x48\x59\x73\x00\x00\x0b\x13\x00\x00\x0b\x13\
\x01\x00\x9a\x9c\x18\x00\x00\x09\x24\x69\x54\x58\x74\x58\x4d\x4c\
\x3a\x63\x6f\x6d\x2e\x61\x64\x6f\x62\x65\x2e\x78\x6d\x70\x00\x00\
\x00\x00\x00\x3c\x3f\x78\x70\x61\x63\x6b\x65\x74\x20\x62\x65\x67\
\x69\x6e\x3d\x22\xef\xbb\xbf\x22\x20\x69\x64\x3d\x22\x57\x35\x4d\
\x30\x4d\x70\x43\x65\x68\x69\x48\x7a\x72\x65\x53\x7a\x4e\x54\x63\
\x7a\x6b\x63\x39\x64\x22\x3f\x3e\x20\x3c\x78\x3a\x78\x6d\x70\x6d\
\x65\x74\x61\x20\x78\x6d\x6c\x6e\x73\x3a\x78\x3d\x22\x61\x64\x6f\
\x62\x65\x3a\x6e\x73\x3a\x6d\x65\x74\x61\x2f\x22\x20\x78\x3a\x78\
\x6d\x70\x74\x6b\x3d\x22\x41\x64\x6f\x62\x65\x20\x58\x4d\x50\x20\
\x43\x6f\x72\x65\x20\x36\x2e\x30\x2d\x63\x30\x30\x32\x20\x37\x39\
\x2e\x31\x36\x34\x34\x36\x30\x2c\x20\x32\x30\x32\x30\x2f\x30\x35\
\x2f\x31\x32\x2d\x31\x36\x3a\x30\x34\x3a\x31\x37\x20\x20\x20\x20\
\x20\x20\x20\x20\x22\x3e\x20\x3c\x72\x64\x66\x3a\x52\x44\x46\x20\
\x78\x6d\x6c\x6e\x73\x3a\x72\x64\x66\x3d\x22\x68\x74\x74\x70\x3a\
\x2f\x2f\x77\x77\x77\x2e\x77\x33\x2e\x6f\x72\x67\x2f\x31\x39\x39\
\x39\x2f\x30\x32\x2f\x32\x32\x2d\x72\x64\x66\x2d\x73\x79\x6e\x74\
\x61\x78\x2d\x6e\x73\x23\x22\x3e\x20\x3c\x72\x64\x66\x3a\x44\x65\
\x73\x63\x72\x69\x70\x74\x69\x6f\x6e\x20\x72\x64\x66\x3a\x61\x62\
\x6f\x75\x74\x3d\x22\x22\x20\x78\x6d\x6c\x6e\x73\x3a\x78\x6d\x70\
\x3d\x22\x68\x74\x74\x70\x3a\x2f\x2f\x6e\x73\x2e\x61\x64\x6f\x62\
\x65\x2e\x63\x6f\x6d\x2f\x78\x61\x70\x2f\x31\x2e\x30\x2f\x22\x20\
\x78\x6d\x6c\x6e\x73\x3a\x64\x63\x3d\x22\x68\x74\x74\x70\x3a\x2f\
\x2f\x70\x75\x72\x6c\x2e\x6f\x72\x67\x2f\x64\x63\x2f\x65\x6c\x65\
\x6d\x65\x6e\x74\x73\x2f\x31\x2e\x31\x2f\x22\x20\x78\x6d\x6c\x6e\
\x73\x3a\x70\x68\x6f\x74\x6f\x73\x68\x6f\x70\x3d\x22\x68\x74\x74\
\x70\x3a\x2f\x2f\x6e\x73\x2e\x61\x64\x6f\x62\x65\x2e\x63\x6f\x6d\
\x2f\x70\x68\x6f\x74\x6f\x73\x68\x6f\x70\x2f\x31\x2e\x30\x2f\x22\
\x20\x78\x6d\x6c\x6e\x73\x3a\x78\x6d\x70\x4d\x4d\x3d\x22\x68\x74\
\x74\x70\x3a\x2f\x2f\x6e\x73\x2e\x61\x64\x6f\x62\x65\x2e\x63\x6f\
\x6d\x2f\x78\x61\x70\x2f\x31\x2e\x30\x2f\x6d\x6d\x2f\x22\x20\x78\
\x6d\x6c\x6e\x73\x3a\x73\x74\x45\x76\x74\x3d\x22\x68\x74\x74\x70\
\x3a\x2f\x2f\x6e\x73\x2e\x61\x64\x6f\x62\x65\x2e\x63\x6f\x6d\x2f\
\x78\x61\x70\x2f\x31\x2e\x30\x2f\x73\x54\x79\x70\x65\x2f\x52\x65\
\x73\x6f\x75\x72\x63\x65\x45\x76\x65\x6e\x74\x23\x22\x20\x78\x6d\
\x70\x3a\x43\x72\x65\x61\x74\x6f\x72\x54\x6f\x6f\x6c\x3d\x22\x41\
\x64\x6f\x62\x65\x20\x50\x68\x6f\x74\x6f\x73\x68\x6f\x70\x20\x32\
\x31\x2e\x32\x20\x28\x57\x69\x6e\x64\x6f\x77\x73\x29\x22\x20\x78\
\x6d\x70\x3a\x43\x72\x65\x61\x74\x65\x44\x61\x74\x65\x3d\x22\x32\
\x30\x32\x31\x2d\x30\x32\x2d\x32\x34\x54\x31\x39\x3a\x33\x33\x3a\
\x34\x31\x2b\x30\x34\x3a\x30\x30\x22\x20\x78\x6d\x70\x3a\x4d\x6f\
\x64\x69\x66\x79\x44\x61\x74\x65\x3d\x22\x32\x30\x32\x31\x2d\x30\
\x33\x2d\x32\x37\x54\x31\x36\x3a\x34\x34\x3a\x34\x39\x2b\x30\x34\
\x3a\x30\x30\x22\x20\x78\x6d\x70\x3a\x4d\x65\x74\x61\x64\x61\x74\
\x61\x44\x61\x74\x65\x3d\x22\x32\x30\x32\x31\x2d\x30\x33\x2d\x32\
\x37\x54\x31\x36\x3a\x34\x34\x3a\x34\x39\x2b\x30\x34\x3a\x30\x30\
\x22\x20\x64\x63\x3a\x66\x6f\x72\x6d\x61\x74\x3d\x22\x69\x6d\x61\
\x67\x65\x2f\x70\x6e\x67\x22\x20\x70\x68\x6f\x74\x6f\x73\x68\x6f\
\x70\x3a\x43\x6f\x6c\x6f\x72\x4d\x6f\x64\x65\x3d\x22\x33\x22\x20\
\x70\x68\x6f\x74\x6f\x73\x68\x6f\x70\x3a\x49\x43\x43\x50\x72\x6f\
\x66\x69\x6c\x65\x3d\x22\x73\x52\x47\x42\x20\x49\x45\x43\x36\x31\
\x39\x36\x36\x2d\x32\x2e\x31\x22\x20\x78\x6d\x70\x4d\x4d\x3a\x49\
\x6e\x73\x74\x61\x6e\x63\x65\x49\x44\x3d\x22\x78\x6d\x70\x2e\x69\
\x69\x64\x3a\x33\x61\x61\x33\x64\x36\x64\x32\x2d\x65\x32\x63\x33\
\x2d\x39\x62\x34\x65\x2d\x38\x64\x38\x38\x2d\x33\x30\x30\x31\x36\
\x36\x61\x61\x62\x36\x63\x37\x22\x20\x78\x6d\x70\x4d\x4d\x3a\x44\
\x6f\x63\x75\x6d\x65\x6e\x74\x49\x44\x3d\x22\x61\x64\x6f\x62\x65\
\x3a\x64\x6f\x63\x69\x64\x3a\x70\x68\x6f\x74\x6f\x73\x68\x6f\x70\
\x3a\x31\x36\x62\x61\x31\x38\x36\x61\x2d\x36\x31\x33\x65\x2d\x62\
\x37\x34\x66\x2d\x39\x37\x37\x37\x2d\x34\x66\x64\x35\x64\x37\x38\
\x30\x38\x30\x39\x34\x22\x20\x78\x6d\x70\x4d\x4d\x3a\x4f\x72\x69\
\x67\x69\x6e\x61\x6c\x44\x6f\x63\x75\x6d\x65\x6e\x74\x49\x44\x3d\
\x22\x78\x6d\x70\x2e\x64\x69\x64\x3a\x36\x66\x31\x63\x61\x34\x37\
\x65\x2d\x63\x61\x63\x66\x2d\x64\x33\x34\x65\x2d\x61\x39\x62\x62\
\x2d\x65\x66\x32\x30\x35\x62\x31\x66\x38\x34\x63\x39\x22\x3e\x20\
\x3c\x70\x68\x6f\x74\x6f\x73\x68\x6f\x70\x3a\x44\x6f\x63\x75\x6d\
\x65\x6e\x74\x41\x6e\x63\x65\x73\x74\x6f\x72\x73\x3e\x20\x3c\x72\
\x64\x66\x3a\x42\x61\x67\x3e\x20\x3c\x72\x64\x66\x3a\x6c\x69\x3e\
\x61\x64\x6f\x62\x65\x3a\x64\x6f\x63\x69\x64\x3a\x70\x68\x6f\x74\
\x6f\x73\x68\x6f\x70\x3a\x32\x35\x66\x39\x65\x30\x64\x38\x2d\x31\
\x33\x66\x63\x2d\x36\x63\x34\x30\x2d\x61\x66\x64\x32\x2d\x65\x38\
\x62\x63\x31\x38\x30\x34\x64\x37\x36\x64\x3c\x2f\x72\x64\x66\x3a\
\x6c\x69\x3e\x20\x3c\x72\x64\x66\x3a\x6c\x69\x3e\x61\x64\x6f\x62\
\x65\x3a\x64\x6f\x63\x69\x64\x3a\x70\x68\x6f\x74\x6f\x73\x68\x6f\
\x70\x3a\x34\x61\x38\x36\x61\x37\x39\x37\x2d\x37\x36\x32\x65\x2d\
\x37\x31\x34\x63\x2d\x39\x32\x63\x63\x2d\x66\x34\x63\x63\x62\x62\
\x61\x30\x39\x33\x30\x35\x3c\x2f\x72\x64\x66\x3a\x6c\x69\x3e\x20\
\x3c\x72\x64\x66\x3a\x6c\x69\x3e\x61\x64\x6f\x62\x65\x3a\x64\x6f\
\x63\x69\x64\x3a\x70\x68\x6f\x74\x6f\x73\x68\x6f\x70\x3a\x36\x61\
\x35\x33\x36\x39\x38\x33\x2d\x31\x32\x32\x31\x2d\x34\x36\x34\x66\
\x2d\x38\x63\x36\x30\x2d\x31\x32\x38\x36\x66\x34\x63\x36\x37\x66\
\x32\x34\x3c\x2f\x72\x64\x66\x3a\x6c\x69\x3e\x20\x3c\x72\x64\x66\
\x3a\x6c\x69\x3e\x61\x64\x6f\x62\x65\x3a\x64\x6f\x63\x69\x64\x3a\
\x70\x68\x6f\x74\x6f\x73\x68\x6f\x70\x3a\x36\x65\x31\x38\x62\x31\
\x31\x61\x2d\x63\x64\x32\x65\x2d\x34\x32\x34\x35\x2d\x62\x39\x63\
\x63\x2d\x33\x62\x33\x66\x39\x34\x32\x37\x66\x63\x32\x62\x3c\x2f\
\x72\x64\x66\x3a\x6c\x69\x3e\x20\x3c\x72\x64\x66\x3a\x6c\x69\x3e\
\x61\x64\x6f\x62\x65\x3a\x64\x6f\x63\x69\x64\x3a\x70\x68\x6f\x74\
\x6f\x73\x68\x6f\x70\x3a\x38\x36\x34\x62\x36\x61\x35\x31\x2d\x32\
\x34\x33\x33\x2d\x62\x62\x34\x63\x2d\x62\x62\x36\x32\x2d\x38\x37\
\x34\x62\x62\x66\x63\x61\x61\x62\x35\x35\x3c\x2f\x72\x64\x66\x3a\
\x6c\x69\x3e\x20\x3c\x72\x64\x66\x3a\x6c\x69\x3e\x61\x64\x6f\x62\
\x65\x3a\x64\x6f\x63\x69\x64\x3a\x70\x68\x6f\x74\x6f\x73\x68\x6f\
\x70\x3a\x39\x63\x63\x37\x61\x36\x31\x37\x2d\x30\x37\x66\x39\x2d\
\x31\x31\x34\x66\x2d\x62\x61\x34\x35\x2d\x35\x63\x38\x66\x34\x34\
\x36\x37\x33\x66\x31\x35\x3c\x2f\x72\x64\x66\x3a\x6c\x69\x3e\x20\
\x3c\x72\x64\x66\x3a\x6c\x69\x3e\x61\x64\x6f\x62\x65\x3a\x64\x6f\
\x63\x69\x64\x3a\x70\x68\x6f\x74\x6f\x73\x68\x6f\x70\x3a\x65\x66\
\x34\x39\x36\x38\x36\x35\x2d\x31\x34\x31\x66\x2d\x30\x36\x34\x32\
\x2d\x38\x31\x66\x66\x2d\x35\x65\x36\x31\x33\x34\x64\x66\x64\x33\
\x61\x65\x3c\x2f\x72\x64\x66\x3a\x6c\x69\x3e\x20\x3c\x2f\x72\x64\
\x66\x3a\x42\x61\x67\x3e\x20\x3c\x2f\x70\x68\x6f\x74\x6f\x73\x68\
\x6f\x70\x3a\x44\x6f\x63\x75\x6d\x65\x6e\x74\x41\x6e\x63\x65\x73\
\x74\x6f\x72\x73\x3e\x20\x3c\x78\x6d\x70\x4d\x4d\x3a\x48\x69\x73\
\x74\x6f\x72\x79\x3e\x20\x3c\x72\x64\x66\x3a\x53\x65\x71\x3e\x20\
\x3c\x72\x64\x66\x3a\x6c\x69\x20\x73\x74\x45\x76\x74\x3a\x61\x63\
\x74\x69\x6f\x6e\x3d\x22\x63\x72\x65\x61\x74\x65\x64\x22\x20\x73\
\x74\x45\x76\x74\x3a\x69\x6e\x73\x74\x61\x6e\x63\x65\x49\x44\x3d\
\x22\x78\x6d\x70\x2e\x69\x69\x64\x3a\x36\x66\x31\x63\x61\x34\x37\
\x65\x2d\x63\x61\x63\x66\x2d\x64\x33\x34\x65\x2d\x61\x39\x62\x62\
\x2d\x65\x66\x32\x30\x35\x62\x31\x66\x38\x34\x63\x39\x22\x20\x73\
\x74\x45\x76\x74\x3a\x77\x68\x65\x6e\x3d\x22\x32\x30\x32\x31\x2d\
\x30\x32\x2d\x32\x34\x54\x31\x39\x3a\x33\x33\x3a\x34\x31\x2b\x30\
\x34\x3a\x30\x30\x22\x20\x73\x74\x45\x76\x74\x3a\x73\x6f\x66\x74\
\x77\x61\x72\x65\x41\x67\x65\x6e\x74\x3d\x22\x41\x64\x6f\x62\x65\
\x20\x50\x68\x6f\x74\x6f\x73\x68\x6f\x70\x20\x32\x31\x2e\x32\x20\
\x28\x57\x69\x6e\x64\x6f\x77\x73\x29\x22\x2f\x3e\x20\x3c\x72\x64\
\x66\x3a\x6c\x69\x20\x73\x74\x45\x76\x74\x3a\x61\x63\x74\x69\x6f\
\x6e\x3d\x22\x73\x61\x76\x65\x64\x22\x20\x73\x74\x45\x76\x74\x3a\
\x69\x6e\x73\x74\x61\x6e\x63\x65\x49\x44\x3d\x22\x78\x6d\x70\x2e\
\x69\x69\x64\x3a\x33\x31\x33\x63\x33\x63\x34\x39\x2d\x30\x66\x30\
\x38\x2d\x30\x39\x34\x31\x2d\x39\x65\x61\x64\x2d\x35\x35\x64\x66\
\x38\x65\x30\x33\x38\x36\x30\x31\x22\x20\x73\x74\x45\x76\x74\x3a\
\x77\x68\x65\x6e\x3d\x22\x32\x30\x32\x31\x2d\x30\x32\x2d\x32\x34\
\x54\x31\x39\x3a\x33\x39\x3a\x32\x38\x2b\x30\x34\x3a\x30\x30\x22\
\x20\x73\x74\x45\x76\x74\x3a\x73\x6f\x66\x74\x77\x61\x72\x65\x41\
\x67\x65\x6e\x74\x3d\x22\x41\x64\x6f\x62\x65\x20\x50\x68\x6f\x74\
\x6f\x73\x68\x6f\x70\x20\x32\x31\x2e\x32\x20\x28\x57\x69\x6e\x64\
\x6f\x77\x73\x29\x22\x20\x73\x74\x45\x76\x74\x3a\x63\x68\x61\x6e\
\x67\x65\x64\x3d\x22\x2f\x22\x2f\x3e\x20\x3c\x72\x64\x66\x3a\x6c\
\x69\x20\x73\x74\x45\x76\x74\x3a\x61\x63\x74\x69\x6f\x6e\x3d\x22\
\x73\x61\x76\x65\x64\x22\x20\x73\x74\x45\x76\x74\x3a\x69\x6e\x73\
\x74\x61\x6e\x63\x65\x49\x44\x3d\x22\x78\x6d\x70\x2e\x69\x69\x64\
\x3a\x33\x61\x61\x33\x64\x36\x64\x32\x2d\x65\x32\x63\x33\x2d\x39\
\x62\x34\x65\x2d\x38\x64\x38\x38\x2d\x33\x30\x30\x31\x36\x36\x61\
\x61\x62\x36\x63\x37\x22\x20\x73\x74\x45\x76\x74\x3a\x77\x68\x65\
\x6e\x3d\x22\x32\x30\x32\x31\x2d\x30\x33\x2d\x32\x37\x54\x31\x36\
\x3a\x34\x34\x3a\x34\x39\x2b\x30\x34\x3a\x30\x30\x22\x20\x73\x74\
\x45\x76\x74\x3a\x73\x6f\x66\x74\x77\x61\x72\x65\x41\x67\x65\x6e\
\x74\x3d\x22\x41\x64\x6f\x62\x65\x20\x50\x68\x6f\x74\x6f\x73\x68\
\x6f\x70\x20\x32\x31\x2e\x32\x20\x28\x57\x69\x6e\x64\x6f\x77\x73\
\x29\x22\x20\x73\x74\x45\x76\x74\x3a\x63\x68\x61\x6e\x67\x65\x64\
\x3d\x22\x2f\x22\x2f\x3e\x20\x3c\x2f\x72\x64\x66\x3a\x53\x65\x71\
\x3e\x20\x3c\x2f\x78\x6d\x70\x4d\x4d\x3a\x48\x69\x73\x74\x6f\x72\
\x79\x3e\x20\x3c\x2f\x72\x64\x66\x3a\x44\x65\x73\x63\x72\x69\x70\
\x74\x69\x6f\x6e\x3e\x20\x3c\x2f\x72\x64\x66\x3a\x52\x44\x46\x3e\
\x20\x3c\x2f\x78\x3a\x78\x6d\x70\x6d\x65\x74\x61\x3e\x20\x3c\x3f\
\x78\x70\x61\x63\x6b\x65\x74\x20\x65\x6e\x64\x3d\x22\x72\x22\x3f\
\x3e\x44\x86\x60\xe1\x00\x00\x08\x6b\x49\x44\x41\x54\x78\xda\xed\
\x9d\x79\x50\x55\x55\x1c\xc7\x5f\x0b\xdb\x7b\x3c\xde\x06\x8a\x9a\
\x28\xe2\xbe\xe1\x02\x22\xe0\x86\x3c\x78\x6c\x99\x88\x3a\x65\xb9\
\x94\xb8\x8d\x3a\x8a\x0b\x8a\x2b\xa2\xa1\xa2\x22\x39\xe2\x92\xa9\
\x80\x14\xd5\x1f\x8d\x4b\x09\x69\x3a\xb9\x64\x2e\x39\x65\x2e\x39\
\x2e\xa5\xa6\x43\x35\x66\x39\x4e\xa5\x4e\x79\xfa\xfd\x2e\xe7\x22\
\x3e\xf1\xf1\xde\xbb\xe7\xbd\x77\xdf\x7d\xf7\xcc\x7c\x87\xd1\xd1\
\x0b\x7c\x38\x9c\xf3\x3b\xbf\xdf\xef\x7c\xaf\x42\xe1\xfa\xe1\x07\
\x7a\x09\x14\x0d\x1a\x01\x5a\x04\xda\x06\xaa\x04\x1d\x07\x9d\x03\
\x5d\x05\xfd\x44\x3f\x9e\x07\x9d\x00\x55\x81\x4a\x40\x8b\x41\x23\
\x41\x7d\x40\xcd\x41\x4a\x85\x87\x8e\x40\x50\x1c\x68\x0e\x68\x27\
\xe8\x96\x57\x6b\x1d\xf1\x89\x69\x4a\x94\xe9\x6d\x88\x7a\x5c\x57\
\xa2\x99\x1d\x49\xb4\xb9\x31\x44\xb7\xa2\x1f\xd1\xaf\x19\x40\xf4\
\x6b\xe3\x6a\x3e\xc2\x9f\x75\xf0\xf7\x9a\xec\x48\xa2\x1e\xdf\x95\
\xfb\xf7\xbe\xb1\xcd\x88\x57\x5b\x1d\x81\xe7\xfc\x02\xfa\x14\x34\
\x0f\x14\x0f\x6a\x2c\x75\x90\xcf\x81\x4c\xa0\x02\x9c\x81\x5e\x1d\
\x0d\x44\x99\x16\x46\x02\xb2\x7a\x12\xc3\xba\x81\x24\x68\x47\x8a\
\x60\x19\xd6\xc7\x13\xcd\xcc\x08\xa2\x1c\x14\x46\xbc\x3b\x19\x10\
\xf2\x69\x50\x21\x28\x15\xe4\x25\x25\x98\x2a\xd0\x74\xd0\x41\xef\
\x2e\x41\x44\xf5\x6a\x7b\x6e\x06\xb2\x80\xd8\x90\x74\x4b\x63\x89\
\xff\xeb\x1d\x88\x77\xb7\x46\x08\xf8\x30\x28\x1b\xa4\x77\x67\x98\
\x3a\xfa\x6b\x78\xde\x2f\x29\x94\x68\x73\xa2\x9c\x02\xf2\x59\xd2\
\x2e\xe8\x4d\x94\xa9\xad\x10\xee\x45\x50\xae\xbb\x2d\x0d\xb8\x51\
\x64\x82\xae\xe0\xaf\x21\xae\x81\xae\x84\x69\x2e\x7d\x41\x7f\xa2\
\x1a\xd2\x06\xe1\xde\x04\x4d\x01\xf9\x8b\x1d\x68\x14\xe8\x80\xef\
\x80\xe6\xdc\xaf\x9e\x98\x60\x3e\x05\x17\x7e\xd8\x7e\x09\x2d\x10\
\xee\x31\x50\x3f\x31\xc2\xf4\x01\xcd\x02\x3d\xc0\x1d\x59\xcc\x30\
\xcd\x15\x30\xb9\x1b\x82\x7d\x04\x5a\x02\x52\x8b\x05\x68\x7b\xd0\
\x3e\x5c\x37\x31\xe4\x71\x27\xa0\xb5\x51\xc3\x06\x23\xbf\xde\xe2\
\x66\x16\xee\x6a\xa0\x18\x22\xdd\xf0\x1f\xd9\xd1\x2d\x61\x9a\x4b\
\xfd\x66\x67\x3e\xd6\xcd\x70\x15\xd0\x89\xa0\x7b\x18\x67\x4a\x01\
\x28\x2f\xcd\xdc\x28\x04\x7b\x9f\x2e\x67\x4e\x1d\xf3\x71\x1d\xd2\
\xe5\xf7\x95\x14\xd0\xda\x4d\x0c\x96\x31\xbf\xf8\x10\x84\xbb\xd2\
\x59\x40\x17\xe3\x27\x64\x75\x0a\x12\xab\x02\xb7\x24\xf2\x60\x0b\
\x1d\x3e\x43\x39\xa0\x70\x1c\x94\x32\xd0\x5a\xb0\xdb\x92\x78\xb0\
\xab\x1d\x05\x74\xac\x6f\xff\xe6\x92\x9f\xa1\x4f\x81\xdd\x6a\xe2\
\xc1\xce\x64\x0d\x34\x95\x5b\x43\xf3\x62\x3d\x0a\x68\xdd\x35\xd6\
\x27\xaa\x09\x82\x1d\xce\x0a\x68\x27\x3c\xd2\x61\xf6\x47\x74\xb3\
\xc8\x99\xb9\x83\x79\x5c\x54\xf0\x27\x3d\x35\x0a\x1e\x7b\xfc\x47\
\x77\xf2\xc8\x19\xfa\x54\x1c\x0b\xa7\x45\xcc\xb6\x81\x5e\x14\x02\
\x34\x07\xd7\x13\x19\xe8\x63\xf9\x25\xb6\x14\xb4\x71\xe1\x71\xed\
\xbe\xa1\x68\xa0\x0c\xd3\x6c\xe3\xa2\x55\x86\x3e\xf6\x64\xe9\x8f\
\xe0\xb1\x4d\x06\x59\x4f\x12\x66\x12\x97\x84\xc1\xda\x99\xb7\x2d\
\x50\x33\x31\x7d\x27\x03\xb4\xb0\x0c\x98\xb8\x65\x20\xdb\x96\x24\
\xf3\x0d\xb1\xe7\x43\x5d\x1e\x66\xad\x8d\x43\xa8\xd5\xa0\x20\x6b\
\xa0\xce\xf5\x4b\x09\x95\xc1\x59\x21\xac\xe4\x02\xaf\x15\x0d\x01\
\xc5\xd2\xc2\x55\x77\xcd\x8b\x3a\x3d\x0f\x0b\xa7\x4b\x5a\x96\xd1\
\x59\x82\x3a\x1d\x93\xcd\x32\x30\x1b\x66\xeb\xa0\x30\x04\x9b\x67\
\xa9\x24\x72\x44\xbb\x30\x5a\x86\x65\x4b\x19\x3c\xbf\x2f\x42\x3d\
\x03\xd2\xd4\x07\xd5\x08\xfa\x37\xa8\x34\xd9\xa6\x87\xb6\xa8\x18\
\x4c\xbe\xfb\x7d\x17\xb9\x72\xb7\x8a\x5c\xba\x5b\xe9\xb6\xba\x0c\
\xc2\xef\x21\x76\xf7\x68\xdb\xc0\x96\xa5\xf0\x35\xae\xf4\xfa\xa0\
\xe6\xab\x86\xb7\xb3\xf9\x27\xd5\xea\xc3\x74\x42\xc8\x29\xc9\x28\
\xed\xf3\x89\x36\x33\xc0\x72\x12\xf0\x5b\x67\x0e\x14\xbb\x36\xbe\
\xd5\x2d\xeb\x63\xf3\x03\x43\x01\xea\xbd\x87\x47\x25\x03\xd5\xb4\
\x77\x9c\x5d\x59\x2c\xec\x73\x00\x35\xab\x0b\x35\x0e\x7b\x9b\xec\
\x59\x53\x64\xa8\x35\xf2\x0e\x0f\x42\xb0\x29\x75\xa1\xce\xc6\x12\
\xad\x0c\xd5\x7e\xa8\xaa\xa1\x6d\x11\xea\x32\x1e\xa8\x2f\xa6\xf7\
\x34\x33\x22\x98\x42\x3d\x7d\x7b\x27\x29\xb9\xb4\x91\x7c\x70\xe5\
\x5d\xbb\x54\x0a\xff\xf7\xc0\xad\x8a\x27\x9e\x79\xf6\xce\x1e\x41\
\xcf\xac\xfb\xec\xc3\xd5\x1f\x33\x85\x8a\x51\x13\x46\x4f\x7c\x1b\
\x11\xae\x03\xbf\x1a\x8a\x8d\x4c\xa1\x4e\x3a\x9a\x23\x38\x5c\x89\
\xde\x35\xea\x89\x67\xe6\x9c\x5c\xc2\x2c\x14\x4a\xaa\x1c\xcf\x14\
\x2a\xd6\xb3\x80\xe3\x3f\xa0\x56\x5c\xff\x93\x57\x98\xd6\xee\x2f\
\xee\x59\x50\x17\x9c\x5a\x2a\xf8\x1b\x4f\xdf\x37\xf9\x89\x67\x16\
\x9c\x29\x60\x06\x75\xd4\x97\x33\x98\x42\xe5\xd6\xd5\x9a\x9e\x58\
\x6c\x36\x56\x8c\xc0\x0e\x66\xd6\x50\x17\x7e\x23\x1c\xea\x90\xfd\
\x53\xcc\xa0\xae\x62\x06\x75\xcc\xa1\x99\xcc\xa1\xfa\x0d\xe4\x0a\
\x84\xd8\x64\xa2\x58\x84\x89\x01\x19\xaa\x70\xa8\xd8\x60\xcc\xf7\
\x09\x94\x08\xe9\xd4\x93\xa1\xd6\x49\x5e\x67\xf5\x24\xf4\x0e\x83\
\xa2\x0a\x2f\x25\xb8\x03\xd4\xec\x13\xb9\xcc\xa0\x26\xec\xcd\x64\
\x0e\x55\xbb\x38\x9a\xef\x77\x55\x9c\xd4\x2d\x89\x75\x0b\xa8\x95\
\x3f\x97\x93\x69\xc7\x16\x30\xd1\xd6\x8b\xc5\xcc\xa1\xd2\xe4\xca\
\xf7\x08\xf5\x82\x7e\x65\x3f\xb7\x80\x2a\xe6\xe0\xdf\xec\xb8\x2a\
\x2c\x29\xed\x48\xa8\x19\x5f\xb8\x17\x54\xac\x3c\x63\x29\x0a\xa1\
\x5e\xc3\x7a\x8b\x18\xa1\xbe\x76\x70\x9a\x7b\x41\x7d\x5c\x09\x50\
\xfc\xa8\x2f\x14\xe7\x4c\x6d\xfb\x51\x06\xb7\x04\x38\x42\x18\x49\
\x38\x72\xa6\xfe\x20\xd6\x35\xd5\x91\x32\x31\x3e\xa6\x9a\xaf\xa9\
\xa2\xdd\xfd\x1d\x29\x47\xc4\xa9\xba\xe5\xdc\xee\x7f\x16\xa1\xee\
\xd3\xcc\xe9\x25\x43\x65\x12\xa7\xc6\x20\xd4\xaf\x11\x6a\x99\x7a\
\x62\xb8\x0c\x95\x01\x54\x4c\x9f\x02\xcf\xdd\x5c\x0f\xbf\x58\xcf\
\xfe\xee\x06\x95\xd6\xaa\xde\x41\xa8\x23\xf1\xbe\xbc\x0c\x95\x41\
\x96\xca\xc8\x5d\xcb\x9c\x8c\x50\x63\xbc\xda\xe8\x64\xa8\x2c\xf2\
\xa9\x5d\x02\x11\x6a\xa2\x82\x5a\x64\xdc\x36\x6c\x64\x9b\xf9\x1f\
\x77\x38\x5b\xd4\x50\x8d\x9f\x31\x4e\xa8\x94\x24\x23\xd0\x87\xa0\
\x30\xde\xc3\x64\xaf\x66\x56\x24\x53\xa8\x95\x37\x76\x90\x79\xa7\
\xf2\xb8\x19\x2b\x36\xe1\xd7\x85\xb5\x2a\xa6\x35\xaa\xc7\x3b\x7f\
\x40\x6d\x1b\xba\xf2\xe5\x30\xb9\x9a\x2a\xa4\x9a\x3a\xbc\x1d\x42\
\x5d\x5e\xb7\x44\x1d\x8f\xf5\x15\x19\xaa\x80\xba\x7f\x77\xce\x52\
\x24\xcd\xdc\x7d\xe7\x9c\xce\x0e\x17\x09\x19\x6a\x6d\x03\xf0\x35\
\x50\x88\x79\xeb\x4f\x01\x9a\xc6\x78\x7a\x2f\x55\x4a\xd5\x04\x7b\
\xaf\xb4\x6f\xaa\xaf\x41\x2d\x19\xf4\x5f\x50\x99\x6d\x5d\x7f\x2d\
\x2b\x06\x93\xea\xbf\x0f\x72\xb3\x55\x0a\xc2\xa8\xc0\x56\xa8\x96\
\x6e\x03\x2a\xed\x49\xae\x34\xda\x91\xca\x2d\x01\x52\x51\x70\x79\
\x9a\xcd\x5e\x2c\xd4\xd5\xed\x99\xd6\x4c\x73\xd1\x80\x4b\x6e\xe6\
\xb5\x61\xd7\xaf\x71\x0e\x5a\x6e\xa9\x3d\x1d\x63\xac\xeb\x86\xa2\
\x38\x19\x98\x95\x8e\x6d\xf4\x86\x4a\x83\x1e\x57\xb9\xf6\xc6\xac\
\x1e\x37\x4b\x6b\x3a\xfd\x8a\xac\xb9\xf2\x83\xbd\xeb\x37\x85\x54\
\x03\x3c\x68\x96\xfe\x66\xde\xe8\x6b\x69\x4c\x45\x23\x2c\x19\x9e\
\x85\x8c\x54\x72\x28\xa1\x36\xa3\x56\x8f\x17\xd0\xd1\xd1\x9a\x76\
\xa0\x40\x08\xc1\x02\x3d\x0c\x68\xc0\xb4\x1e\x08\xf4\x32\xcd\x9b\
\xd8\x6c\x31\xf7\x28\x70\x73\x42\xc3\x19\xef\x52\x13\x84\x56\x29\
\xa4\xe9\xfb\x69\x5c\x88\x25\x69\xa8\x65\xd8\x32\xc9\xa5\xf8\x8c\
\xf6\x5e\x4f\xcf\xc7\xc4\x6b\x43\x9f\xa8\x71\x79\x2a\x51\x6e\x37\
\x72\x60\x43\x2a\x5e\x21\x8d\xca\xa5\x0b\x56\x99\xc2\x39\xad\x15\
\x0b\x31\x51\x78\x1e\xb4\x5f\x9d\xd9\xd5\x6a\xb0\x9a\xd2\x44\x58\
\x0e\x92\xa5\xf9\x6b\x3f\xa5\x3b\x9f\xde\x53\x09\xb5\xfb\x88\x00\
\xdd\x41\x67\xb1\x86\x4f\x57\x70\xc2\x28\x4b\xe2\x24\x35\xa0\xb4\
\xa3\xef\x01\x68\x00\x2b\x73\x9a\x0c\x9f\xc8\x60\xa2\x5f\xd5\xdf\
\x33\xc3\xa7\x0d\x46\xce\xf7\x9a\x1a\x8a\x33\x1d\x59\xe8\xa7\x12\
\xf8\x9e\xc9\xf3\xc2\xa7\x1a\x5f\xaa\x3c\x47\x19\x7e\xad\xe2\xc0\
\x6e\x4b\xf2\x34\xa0\x9b\x1c\x6d\x4d\x57\xc8\x81\xdd\x92\x28\xf9\
\xd0\x89\x96\x9c\x1d\x0e\x94\x1f\x2b\x11\xac\x90\x16\x4c\x51\xaf\
\xa1\x1b\x8d\xfc\x0c\x2d\xa6\x11\x90\xd3\x06\x9a\xb2\x3c\x70\xb5\
\x2b\x3a\xf3\xfb\xfb\xb9\x31\xfc\x55\xf3\xa5\xae\x32\xa6\x1d\x8a\
\x49\x05\xf5\xd8\x2e\xd2\x70\x48\x9b\x10\x8e\x40\xff\x00\x8d\x71\
\xb5\x85\x72\x0f\xbc\x91\x81\xe9\x42\x6b\x8e\xb4\xa2\xd4\xf6\x24\
\xde\x64\x06\xdf\x60\xd1\x5b\x2c\x66\xdf\x98\x2e\xcc\xc7\xeb\xed\
\x01\x53\xbb\xbb\xd7\x29\x29\xab\x27\xc1\x37\x65\xd0\xbc\x68\x90\
\x42\x84\x03\x5f\x32\x73\x1a\x2d\x98\xc4\xee\x18\x84\xfd\xf9\xd4\
\x54\xe6\x02\x35\x2c\x17\xf5\x50\x53\x03\xd7\x6a\xec\xda\xd0\xaf\
\x16\x17\x5c\x8c\x58\xfc\x47\x74\xe0\x13\xcc\xf3\x1b\xb2\x3f\x12\
\xdb\xc0\xc6\xb7\x7c\xcc\x3b\xe2\x7a\xe5\xac\x97\xd0\x58\x7a\x39\
\x0d\x6d\xcd\xc1\xf7\x5a\xad\x01\xb5\x56\xb8\xf1\x08\x56\xd4\xbc\
\xb8\xeb\xb8\x4f\x44\x30\x41\x2f\x56\x7c\x7f\x89\xb3\x1c\x7a\xd5\
\x6f\x75\x26\x3e\xbd\x9a\xf0\x9b\x10\xfe\x90\x5b\x28\x24\x34\x54\
\xd4\x66\x68\x3d\xe8\x22\x7a\x8e\xa8\x86\xb5\x23\xda\xf9\xbd\xe1\
\x74\xc6\x26\x9f\x80\x36\x9c\xe8\x10\x81\x9d\x36\xb4\xb7\x09\x6f\
\x8a\x6c\x06\x0d\x03\x69\x15\x12\x1f\x21\xb4\x23\xe6\x6d\xd0\x21\
\x7c\x09\x83\x77\xe7\x40\xee\x14\x83\xeb\x1d\x96\x2b\x10\x0e\xde\
\xf5\xc4\xcc\x18\x96\xcc\x71\x63\xc1\x8f\xb8\x46\xe3\x2d\x10\xed\
\xa2\x68\x6e\xe7\xf6\x7f\xa3\x23\x77\x9c\xa4\x3b\xf8\x5f\xa0\xa3\
\xd4\x9f\x1f\x9b\xc5\x42\x15\x1e\x3a\x34\xf4\x9b\x4f\x00\x4d\xa2\
\xeb\xdd\x27\x14\x0e\x5e\x9e\xbd\x84\xbd\x08\xf4\x26\xdd\x75\x5a\
\x1b\xc2\x6b\x35\x5f\xd1\x6b\xe0\x45\xb4\x25\xdc\x44\xad\x36\x5c\
\x3e\x23\xff\x07\x92\xe0\x84\x2d\xd9\x1d\xe5\xe4\x00\x00\x00\x00\
\x49\x45\x4e\x44\xae\x42\x60\x82\
\x00\x00\x14\xba\
\x89\
\x50\x4e\x47\x0d\x0a\x1a\x0a\x00\x00\x00\x0d\x49\x48\x44\x52\x00\
\x00\x00\x55\x00\x00\x00\x55\x08\x06\x00\x00\x00\x38\xf5\xa8\x5a\
\x00\x00\x00\x09\x70\x48\x59\x73\x00\x00\x0b\x13\x00\x00\x0b\x13\
\x01\x00\x9a\x9c\x18\x00\x00\x09\x24\x69\x54\x58\x74\x58\x4d\x4c\
\x3a\x63\x6f\x6d\x2e\x61\x64\x6f\x62\x65\x2e\x78\x6d\x70\x00\x00\
\x00\x00\x00\x3c\x3f\x78\x70\x61\x63\x6b\x65\x74\x20\x62\x65\x67\
\x69\x6e\x3d\x22\xef\xbb\xbf\x22\x20\x69\x64\x3d\x22\x57\x35\x4d\
\x30\x4d\x70\x43\x65\x68\x69\x48\x7a\x72\x65\x53\x7a\x4e\x54\x63\
\x7a\x6b\x63\x39\x64\x22\x3f\x3e\x20\x3c\x78\x3a\x78\x6d\x70\x6d\
\x65\x74\x61\x20\x78\x6d\x6c\x6e\x73\x3a\x78\x3d\x22\x61\x64\x6f\
\x62\x65\x3a\x6e\x73\x3a\x6d\x65\x74\x61\x2f\x22\x20\x78\x3a\x78\
\x6d\x70\x74\x6b\x3d\x22\x41\x64\x6f\x62\x65\x20\x58\x4d\x50\x20\
\x43\x6f\x72\x65\x20\x36\x2e\x30\x2d\x63\x30\x30\x32\x20\x37\x39\
\x2e\x31\x36\x34\x34\x36\x30\x2c\x20\x32\x30\x32\x30\x2f\x30\x35\
\x2f\x31\x32\x2d\x31\x36\x3a\x30\x34\x3a\x31\x37\x20\x20\x20\x20\
\x20\x20\x20\x20\x22\x3e\x20\x3c\x72\x64\x66\x3a\x52\x44\x46\x20\
\x78\x6d\x6c\x6e\x73\x3a\x72\x64\x66\x3d\x22\x68\x74\x74\x70\x3a\
\x2f\x2f\x77\x77\x77\x2e\x77\x33\x2e\x6f\x72\x67\x2f\x31\x39\x39\
\x39\x2f\x30\x32\x2f\x32\x32\x2d\x72\x64\x66\x2d\x73\x79\x6e\x74\
\x61\x78\x2d\x6e\x73\x23\x22\x3e\x20\x3c\x72\x64\x66\x3a\x44\x65\
\x73\x63\x72\x69\x70\x74\x69\x6f\x6e\x20\x72\x64\x66\x3a\x61\x62\
\x6f\x75\x74\x3d\x22\x22\x20\x78\x6d\x6c\x6e\x73\x3a\x78\x6d\x70\
\x3d\x22\x68\x74\x74\x70\x3a\x2f\x2f\x6e\x73\x2e\x61\x64\x6f\x62\
\x65\x2e\x63\x6f\x6d\x2f\x78\x61\x70\x2f\x31\x2e\x30\x2f\x22\x20\
\x78\x6d\x6c\x6e\x73\x3a\x64\x63\x3d\x22\x68\x74\x74\x70\x3a\x2f\
\x2f\x70\x75\x72\x6c\x2e\x6f\x72\x67\x2f\x64\x63\x2f\x65\x6c\x65\
\x6d\x65\x6e\x74\x73\x2f\x31\x2e\x31\x2f\x22\x20\x78\x6d\x6c\x6e\
\x73\x3a\x70\x68\x6f\x74\x6f\x73\x68\x6f\x70\x3d\x22\x68\x74\x74\
\x70\x3a\x2f\x2f\x6e\x73\x2e\x61\x64\x6f\x62\x65\x2e\x63\x6f\x6d\
\x2f\x70\x68\x6f\x74\x6f\x73\x68\x6f\x70\x2f\x31\x2e\x30\x2f\x22\
\x20\x78\x6d\x6c\x6e\x73\x3a\x78\x6d\x70\x4d\x4d\x3d\x22\x68\x74\
\x74\x70\x3a\x2f\x2f\x6e\x73\x2e\x61\x64\x6f\x62\x65\x2e\x63\x6f\
\x6d\x2f\x78\x61\x70\x2f\x31\x2e\x30\x2f\x6d\x6d\x2f\x22\x20\x78\
\x6d\x6c\x6e\x73\x3a\x73\x74\x45\x76\x74\x3d\x22\x68\x74\x74\x70\
\x3a\x2f\x2f\x6e\x73\x2e\x61\x64\x6f\x62\x65\x2e\x63\x6f\x6d\x2f\
\x78\x61\x70\x2f\x31\x2e\x30\x2f\x73\x54\x79\x70\x65\x2f\x52\x65\
\x73\x6f\x75\x72\x63\x65\x45\x76\x65\x6e\x74\x23\x22\x20\x78\x6d\
\x70\x3a\x43\x72\x65\x61\x74\x6f\x72\x54\x6f\x6f\x6c\x3d\x22\x41\
\x64\x6f\x62\x65\x20\x50\x68\x6f\x74\x6f\x73\x68\x6f\x70\x20\x32\
\x31\x2e\x32\x20\x28\x57\x69\x6e\x64\x6f\x77\x73\x29\x22\x20\x78\
\x6d\x70\x3a\x43\x72\x65\x61\x74\x65\x44\x61\x74\x65\x3d\x22\x32\
\x30\x32\x31\x2d\x30\x32\x2d\x32\x34\x54\x31\x39\x3a\x33\x33\x3a\
\x34\x31\x2b\x30\x34\x3a\x30\x30\x22\x20\x78\x6d\x70\x3a\x4d\x6f\
\x64\x69\x66\x79\x44\x61\x74\x65\x3d\x22\x32\x30\x32\x31\x2d\x30\
\x33\x2d\x32\x37\x54\x31\x36\x3a\x34\x35\x3a\x30\x35\x2b\x30\x34\
\x3a\x30\x30\x22\x20\x78\x6d\x70\x3a\x4d\x65\x74\x61\x64\x61\x74\
\x61\x44\x61\x74\x65\x3d\x22\x32\x30\x32\x31\x2d\x30\x33\x2d\x32\
\x37\x54\x31\x36\x3a\x34\x35\x3a\x30\x35\x2b\x30\x34\x3a\x30\x30\
\x22\x20\x64\x63\x3a\x66\x6f\x72\x6d\x61\x74\x3d\x22\x69\x6d\x61\
\x67\x65\x2f\x70\x6e\x67\x22\x20\x70\x68\x6f\x74\x6f\x73\x68\x6f\
\x70\x3a\x43\x6f\x6c\x6f\x72\x4d\x6f\x64\x65\x3d\x22\x33\x22\x20\
\x70\x68\x6f\x74\x6f\x73\x68\x6f\x70\x3a\x49\x43\x43\x50\x72\x6f\
\x66\x69\x6c\x65\x3d\x22\x73\x52\x47\x42\x20\x49\x45\x43\x36\x31\
\x39\x36\x36\x2d\x32\x2e\x31\x22\x20\x78\x6d\x70\x4d\x4d\x3a\x49\
\x6e\x73\x74\x61\x6e\x63\x65\x49\x44\x3d\x22\x78\x6d\x70\x2e\x69\
\x69\x64\x3a\x39\x37\x31\x37\x34\x36\x63\x39\x2d\x38\x31\x65\x35\
\x2d\x64\x65\x34\x34\x2d\x39\x61\x32\x36\x2d\x33\x36\x38\x62\x66\
\x62\x30\x37\x30\x35\x38\x63\x22\x20\x78\x6d\x70\x4d\x4d\x3a\x44\
\x6f\x63\x75\x6d\x65\x6e\x74\x49\x44\x3d\x22\x61\x64\x6f\x62\x65\
\x3a\x64\x6f\x63\x69\x64\x3a\x70\x68\x6f\x74\x6f\x73\x68\x6f\x70\
\x3a\x39\x31\x64\x36\x32\x35\x35\x33\x2d\x63\x31\x66\x65\x2d\x65\
\x62\x34\x36\x2d\x61\x35\x35\x37\x2d\x33\x35\x66\x37\x36\x37\x63\
\x33\x63\x30\x65\x39\x22\x20\x78\x6d\x70\x4d\x4d\x3a\x4f\x72\x69\
\x67\x69\x6e\x61\x6c\x44\x6f\x63\x75\x6d\x65\x6e\x74\x49\x44\x3d\
\x22\x78\x6d\x70\x2e\x64\x69\x64\x3a\x36\x66\x31\x63\x61\x34\x37\
\x65\x2d\x63\x61\x63\x66\x2d\x64\x33\x34\x65\x2d\x61\x39\x62\x62\
\x2d\x65\x66\x32\x30\x35\x62\x31\x66\x38\x34\x63\x39\x22\x3e\x20\
\x3c\x70\x68\x6f\x74\x6f\x73\x68\x6f\x70\x3a\x44\x6f\x63\x75\x6d\
\x65\x6e\x74\x41\x6e\x63\x65\x73\x74\x6f\x72\x73\x3e\x20\x3c\x72\
\x64\x66\x3a\x42\x61\x67\x3e\x20\x3c\x72\x64\x66\x3a\x6c\x69\x3e\
\x61\x64\x6f\x62\x65\x3a\x64\x6f\x63\x69\x64\x3a\x70\x68\x6f\x74\
\x6f\x73\x68\x6f\x70\x3a\x32\x35\x66\x39\x65\x30\x64\x38\x2d\x31\
\x33\x66\x63\x2d\x36\x63\x34\x30\x2d\x61\x66\x64\x32\x2d\x65\x38\
\x62\x63\x31\x38\x30\x34\x64\x37\x36\x64\x3c\x2f\x72\x64\x66\x3a\
\x6c\x69\x3e\x20\x3c\x72\x64\x66\x3a\x6c\x69\x3e\x61\x64\x6f\x62\
\x65\x3a\x64\x6f\x63\x69\x64\x3a\x70\x68\x6f\x74\x6f\x73\x68\x6f\
\x70\x3a\x34\x61\x38\x36\x61\x37\x39\x37\x2d\x37\x36\x32\x65\x2d\
\x37\x31\x34\x63\x2d\x39\x32\x63\x63\x2d\x66\x34\x63\x63\x62\x62\
\x61\x30\x39\x33\x30\x35\x3c\x2f\x72\x64\x66\x3a\x6c\x69\x3e\x20\
\x3c\x72\x64\x66\x3a\x6c\x69\x3e\x61\x64\x6f\x62\x65\x3a\x64\x6f\
\x63\x69\x64\x3a\x70\x68\x6f\x74\x6f\x73\x68\x6f\x70\x3a\x36\x61\
\x35\x33\x36\x39\x38\x33\x2d\x31\x32\x32\x31\x2d\x34\x36\x34\x66\
\x2d\x38\x63\x36\x30\x2d\x31\x32\x38\x36\x66\x34\x63\x36\x37\x66\
\x32\x34\x3c\x2f\x72\x64\x66\x3a\x6c\x69\x3e\x20\x3c\x72\x64\x66\
\x3a\x6c\x69\x3e\x61\x64\x6f\x62\x65\x3a\x64\x6f\x63\x69\x64\x3a\
\x70\x68\x6f\x74\x6f\x73\x68\x6f\x70\x3a\x36\x65\x31\x38\x62\x31\
\x31\x61\x2d\x63\x64\x32\x65\x2d\x34\x32\x34\x35\x2d\x62\x39\x63\
\x63\x2d\x33\x62\x33\x66\x39\x34\x32\x37\x66\x63\x32\x62\x3c\x2f\
\x72\x64\x66\x3a\x6c\x69\x3e\x20\x3c\x72\x64\x66\x3a\x6c\x69\x3e\
\x61\x64\x6f\x62\x65\x3a\x64\x6f\x63\x69\x64\x3a\x70\x68\x6f\x74\
\x6f\x73\x68\x6f\x70\x3a\x38\x36\x34\x62\x36\x61\x35\x31\x2d\x32\
\x34\x33\x33\x2d\x62\x62\x34\x63\x2d\x62\x62\x36\x32\x2d\x38\x37\
\x34\x62\x62\x66\x63\x61\x61\x62\x35\x35\x3c\x2f\x72\x64\x66\x3a\
\x6c\x69\x3e\x20\x3c\x72\x64\x66\x3a\x6c\x69\x3e\x61\x64\x6f\x62\
\x65\x3a\x64\x6f\x63\x69\x64\x3a\x70\x68\x6f\x74\x6f\x73\x68\x6f\
\x70\x3a\x39\x63\x63\x37\x61\x36\x31\x37\x2d\x30\x37\x66\x39\x2d\
\x31\x31\x34\x66\x2d\x62\x61\x34\x35\x2d\x35\x63\x38\x66\x34\x34\
\x36\x37\x33\x66\x31\x35\x3c\x2f\x72\x64\x66\x3a\x6c\x69\x3e\x20\
\x3c\x72\x64\x66\x3a\x6c\x69\x3e\x61\x64\x6f\x62\x65\x3a\x64\x6f\
\x63\x69\x64\x3a\x70\x68\x6f\x74\x6f\x73\x68\x6f\x70\x3a\x65\x66\
\x34\x39\x36\x38\x36\x35\x2d\x31\x34\x31\x66\x2d\x30\x36\x34\x32\
\x2d\x38\x31\x66\x66\x2d\x35\x65\x36\x31\x33\x34\x64\x66\x64\x33\
\x61\x65\x3c\x2f\x72\x64\x66\x3a\x6c\x69\x3e\x20\x3c\x2f\x72\x64\
\x66\x3a\x42\x61\x67\x3e\x20\x3c\x2f\x70\x68\x6f\x74\x6f\x73\x68\
\x6f\x70\x3a\x44\x6f\x63\x75\x6d\x65\x6e\x74\x41\x6e\x63\x65\x73\
\x74\x6f\x72\x73\x3e\x20\x3c\x78\x6d\x70\x4d\x4d\x3a\x48\x69\x73\
\x74\x6f\x72\x79\x3e\x20\x3c\x72\x64\x66\x3a\x53\x65\x71\x3e\x20\
\x3c\x72\x64\x66\x3a\x6c\x69\x20\x73\x74\x45\x76\x74\x3a\x61\x63\
\x74\x69\x6f\x6e\x3d\x22\x63\x72\x65\x61\x74\x65\x64\x22\x20\x73\
\x74\x45\x76\x74\x3a\x69\x6e\x73\x74\x61\x6e\x63\x65\x49\x44\x3d\
\x22\x78\x6d\x70\x2e\x69\x69\x64\x3a\x36\x66\x31\x63\x61\x34\x37\
\x65\x2d\x63\x61\x63\x66\x2d\x64\x33\x34\x65\x2d\x61\x39\x62\x62\
\x2d\x65\x66\x32\x30\x35\x62\x31\x66\x38\x34\x63\x39\x22\x20\x73\
\x74\x45\x76\x74\x3a\x77\x68\x65\x6e\x3d\x22\x32\x30\x32\x31\x2d\
\x30\x32\x2d\x32\x34\x54\x31\x39\x3a\x33\x33\x3a\x34\x31\x2b\x30\
\x34\x3a\x30\x30\x22\x20\x73\x74\x45\x76\x74\x3a\x73\x6f\x66\x74\
\x77\x61\x72\x65\x41\x67\x65\x6e\x74\x3d\x22\x41\x64\x6f\x62\x65\
\x20\x50\x68\x6f\x74\x6f\x73\x68\x6f\x70\x20\x32\x31\x2e\x32\x20\
\x28\x57\x69\x6e\x64\x6f\x77\x73\x29\x22\x2f\x3e\x20\x3c\x72\x64\
\x66\x3a\x6c\x69\x20\x73\x74\x45\x76\x74\x3a\x61\x63\x74\x69\x6f\
\x6e\x3d\x22\x73\x61\x76\x65\x64\x22\x20\x73\x74\x45\x76\x74\x3a\
\x69\x6e\x73\x74\x61\x6e\x63\x65\x49\x44\x3d\x22\x78\x6d\x70\x2e\
\x69\x69\x64\x3a\x33\x31\x33\x63\x33\x63\x34\x39\x2d\x30\x66\x30\
\x38\x2d\x30\x39\x34\x31\x2d\x39\x65\x61\x64\x2d\x35\x35\x64\x66\
\x38\x65\x30\x33\x38\x36\x30\x31\x22\x20\x73\x74\x45\x76\x74\x3a\
\x77\x68\x65\x6e\x3d\x22\x32\x30\x32\x31\x2d\x30\x32\x2d\x32\x34\
\x54\x31\x39\x3a\x33\x39\x3a\x32\x38\x2b\x30\x34\x3a\x30\x30\x22\
\x20\x73\x74\x45\x76\x74\x3a\x73\x6f\x66\x74\x77\x61\x72\x65\x41\
\x67\x65\x6e\x74\x3d\x22\x41\x64\x6f\x62\x65\x20\x50\x68\x6f\x74\
\x6f\x73\x68\x6f\x70\x20\x32\x31\x2e\x32\x20\x28\x57\x69\x6e\x64\
\x6f\x77\x73\x29\x22\x20\x73\x74\x45\x76\x74\x3a\x63\x68\x61\x6e\
\x67\x65\x64\x3d\x22\x2f\x22\x2f\x3e\x20\x3c\x72\x64\x66\x3a\x6c\
\x69\x20\x73\x74\x45\x76\x74\x3a\x61\x63\x74\x69\x6f\x6e\x3d\x22\
\x73\x61\x76\x65\x64\x22\x20\x73\x74\x45\x76\x74\x3a\x69\x6e\x73\
\x74\x61\x6e\x63\x65\x49\x44\x3d\x22\x78\x6d\x70\x2e\x69\x69\x64\
\x3a\x39\x37\x31\x37\x34\x36\x63\x39\x2d\x38\x31\x65\x35\x2d\x64\
\x65\x34\x34\x2d\x39\x61\x32\x36\x2d\x33\x36\x38\x62\x66\x62\x30\
\x37\x30\x35\x38\x63\x22\x20\x73\x74\x45\x76\x74\x3a\x77\x68\x65\
\x6e\x3d\x22\x32\x30\x32\x31\x2d\x30\x33\x2d\x32\x37\x54\x31\x36\
\x3a\x34\x35\x3a\x30\x35\x2b\x30\x34\x3a\x30\x30\x22\x20\x73\x74\
\x45\x76\x74\x3a\x73\x6f\x66\x74\x77\x61\x72\x65\x41\x67\x65\x6e\
\x74\x3d\x22\x41\x64\x6f\x62\x65\x20\x50\x68\x6f\x74\x6f\x73\x68\
\x6f\x70\x20\x32\x31\x2e\x32\x20\x28\x57\x69\x6e\x64\x6f\x77\x73\
\x29\x22\x20\x73\x74\x45\x76\x74\x3a\x63\x68\x61\x6e\x67\x65\x64\
\x3d\x22\x2f\x22\x2f\x3e\x20\x3c\x2f\x72\x64\x66\x3a\x53\x65\x71\
\x3e\x20\x3c\x2f\x78\x6d\x70\x4d\x4d\x3a\x48\x69\x73\x74\x6f\x72\
\x79\x3e\x20\x3c\x2f\x72\x64\x66\x3a\x44\x65\x73\x63\x72\x69\x70\
\x74\x69\x6f\x6e\x3e\x20\x3c\x2f\x72\x64\x66\x3a\x52\x44\x46\x3e\
\x20\x3c\x2f\x78\x3a\x78\x6d\x70\x6d\x65\x74\x61\x3e\x20\x3c\x3f\
\x78\x70\x61\x63\x6b\x65\x74\x20\x65\x6e\x64\x3d\x22\x72\x22\x3f\
\x3e\x72\xe6\x4a\x28\x00\x00\x0b\x3c\x49\x44\x41\x54\x78\xda\xed\
\x9d\x07\x74\x14\xd5\x1a\xc7\xf7\x95\x24\xa4\x91\x6c\x0a\x82\x08\
\xbe\x18\x8a\x34\x01\xe9\x4d\x5a\x20\x84\xa6\x54\x15\x41\x11\x41\
\x40\xe4\x41\x68\xd2\x84\xd0\x52\x00\x43\x44\xea\x03\x22\x04\x41\
\xfa\x09\x4d\x62\x10\x94\x1a\xe4\x88\x28\x20\x52\x44\xaa\x34\x79\
\x08\x47\x29\xa1\xdd\xf7\xfd\x6f\x66\xf6\x24\x93\xb0\xbb\xec\xde\
\xb9\x33\x49\xde\x9c\xf3\x3f\x39\xd9\x9d\xd9\x99\xf9\xed\xdd\x7b\
\xbf\xfb\x7d\xdf\xfd\xc6\x62\x31\x7e\xf3\x26\x3d\x43\xaa\x47\xea\
\x46\x1a\x47\x4a\x26\x6d\x21\xed\x23\x1d\x21\x9d\x22\x9d\x56\xfe\
\xfe\x44\xfa\x96\x94\x46\x5a\x4c\x1a\x4f\xea\x41\x6a\x48\x2a\x45\
\xf2\xb1\x14\xd2\x2d\x84\xd4\x94\xf4\x01\x29\x95\xf4\x9b\x47\x19\
\x2b\xf3\xaa\xff\x34\xf3\xe9\x50\x96\xf9\xf7\x79\x81\x05\x0c\xaf\
\xc5\x02\x63\xea\x33\x6b\xfc\x4b\x2c\xe8\xa3\x26\x2c\x68\x46\xd3\
\xac\xbf\xf4\xbf\x95\x5e\x0f\x18\x51\x8b\xf9\xbf\xfb\x02\xdf\xbf\
\x48\x83\x92\xcc\xa3\x9c\x95\xd1\xe7\x5c\x26\x6d\x22\x8d\x26\x35\
\x27\x3d\x55\xd0\x41\xfe\x8d\x14\x49\x9a\x8a\x16\xe8\x51\x31\x98\
\xf9\xb4\x0d\x67\x45\xa3\x6b\xb0\xe0\x99\xcd\x58\xe8\xd2\xd6\x6e\
\x2b\x78\x56\x73\x16\x30\xb4\x26\xf3\x69\x1f\xce\x3c\x2b\x05\x03\
\xf2\x01\x52\x22\xa9\x0d\xc9\xa3\x20\xc1\xf4\x25\x0d\x26\x6d\xf7\
\xac\x12\xca\x7c\x5f\x7b\x9e\xb7\x40\x11\x10\x1d\xc9\x3a\xa9\x01\
\xf3\x7b\xa3\x02\xf3\xac\x56\x0c\x80\x77\x92\x46\x90\x82\xf2\x33\
\x4c\xab\xf2\x33\xfc\xc9\xbb\x55\x18\x0b\x1c\x55\x47\x0a\xc8\xc7\
\x29\x70\x6c\x5d\xe6\xd3\xe6\x39\xc0\x3d\x46\x8a\xc9\x6f\x5d\x03\
\x06\x8a\xde\xa4\x5f\xf0\x33\x44\x1f\x68\x24\x4c\xad\x82\xa6\x36\
\x66\xbe\x1d\xcb\x02\xee\x05\xd2\xfb\x24\x3f\xb3\x03\xad\x43\xda\
\x56\xa4\x49\x29\xfe\xd3\x33\x13\xcc\x5c\x70\xe9\xcb\xf6\x6e\xf1\
\x2c\xe0\xee\x25\xbd\x64\x46\x98\x5e\xa4\x61\xa4\x4c\x8c\xc8\x66\
\x86\xa9\x55\xd1\x01\xd5\x00\xf6\x11\x69\x02\xc9\xdf\x2c\x40\x9f\
\x27\xa5\xa3\xdf\x84\xc9\x93\x9f\x80\xda\xac\x86\x39\x11\x6a\x7f\
\x8b\xc1\xac\xaa\xd1\x40\x61\x22\x9d\xf3\xeb\x51\x31\x5f\xc2\xd4\
\xca\xff\xed\xca\xaa\xad\xdb\xc9\x28\xa0\xfd\x48\x7f\xc2\xce\x2c\
\x08\x40\x55\x05\x8c\xac\x03\xb0\x77\x95\xee\x4c\xea\x36\x06\xfd\
\x90\x35\xb6\x51\x81\x02\x6a\x1b\xc4\xa8\x1b\xf3\x6e\x5e\x1a\x70\
\x13\x64\x01\x1d\x8f\x13\x8a\x9a\x05\x99\x55\x21\x0b\x5a\xaa\x60\
\x13\x75\x6f\xa1\x1c\x28\x4d\x07\x0b\x32\x50\x1b\xd8\xe4\x56\x2a\
\xd8\xe9\x7a\x01\x7d\xa7\x48\xe3\x52\x05\xbe\x85\xe6\x02\xbb\x28\
\x52\x05\x3b\x54\x34\xd0\x36\xbc\x0f\x9d\xd8\xa0\x50\x01\xcd\xde\
\xc7\x7a\xd5\x29\x01\xb0\x5d\x45\x01\xad\x84\x29\x1d\xbc\x3f\x85\
\x11\xa8\xcd\x77\x30\x9a\x5b\x05\x37\x94\x59\xa3\xdb\xdb\x46\xbf\
\xb7\x2a\x19\x7a\x43\xbd\x76\x0c\x63\xeb\xcf\x24\xb3\x8e\x5b\x07\
\x18\x6b\xc7\xd2\x6c\x11\xde\x36\xd2\x3f\xdd\x01\x3a\x0a\xfd\x89\
\x91\x37\x52\x6a\x79\x7b\xc6\xd8\x3e\xae\xeb\x99\x5f\x1b\xde\x62\
\xbd\x5b\xfe\xcb\xad\x81\x0b\xd3\xb5\xbb\xc1\x49\xc6\x0e\x4c\xe5\
\x57\x75\x36\x15\x54\x0c\x5c\x4a\x94\xa1\xa1\x2b\x5e\xfa\x5d\x98\
\xb6\x19\x7d\x13\x65\x57\x76\x64\x99\x0f\xf6\x70\xa8\x17\x6f\x6d\
\x35\x87\x13\xa6\x3f\x77\xc2\x20\x76\xe6\xf9\x24\x50\x7b\xc3\x7d\
\x67\x86\x1b\x30\x23\x54\xde\x0d\x44\xf2\x6e\x60\xc4\x93\x38\x99\
\xcf\x99\xc5\x1f\x6a\x56\xa8\x08\x44\x12\xa7\x4b\xa4\x50\x67\xa0\
\x8e\xf4\x6e\x1d\x26\xec\xe4\xd5\xd7\xbd\xce\x5e\x4e\xef\xef\xf2\
\xf1\xe5\x56\x75\x62\xf7\x1f\xed\xe5\x50\xaf\xdc\xfe\xca\xad\x6b\
\x79\x25\xfd\x3d\xfe\x79\xa2\xee\x0d\x91\x5c\xe2\x15\xef\x08\x28\
\x42\x0b\xa7\x44\xf9\x45\xeb\xa4\x76\x67\x0f\x1e\x65\x70\x20\x0b\
\x8f\x7d\xe2\xd2\x67\x84\xaf\xe8\x60\x1b\xa8\xee\x3d\xdc\xeb\xf2\
\xb5\xac\x3b\xbd\xc8\x36\xd8\x55\x5c\xdd\x45\x8c\x1f\x96\x66\x97\
\x4a\x58\xc6\x6a\x0f\xea\x60\x38\x9b\x45\x7d\x93\xb0\x2b\x55\x20\
\xd0\x22\x17\xc1\x2e\x3d\x39\x97\x65\x3e\xdc\xc3\x12\x0f\x4f\x73\
\xe9\xf8\x0d\x67\x93\x73\x5c\x47\xc3\x0d\x6f\x89\x6b\xad\xed\xc3\
\x01\x76\xa2\xbd\x90\xc8\xae\xc0\x0f\xeb\x09\xed\x7b\xd0\x42\x45\
\x80\x45\x8b\x15\x01\x34\xf6\x60\x9c\xd8\x30\x78\x6c\x23\x40\xfd\
\x91\x14\x90\x17\xd4\x08\xd2\x83\xd0\x25\x51\xc2\x3b\x75\x51\x60\
\xdd\x05\x1a\xff\x43\xbc\xf8\xf3\xa4\xb4\x56\x63\x5c\x1d\xf2\x82\
\x1a\xeb\xdb\xb5\xbc\x6e\x37\xb8\x48\x03\x76\xce\xd1\x24\xbb\xfb\
\x47\xa5\xbd\xcb\x62\x0e\x4c\x66\xcb\x7e\x99\xc7\x76\x5c\x5c\xce\
\x0e\xfc\xbe\x96\x7d\x7d\x71\x19\x5b\x72\x62\x0e\xfb\xf0\xbb\x89\
\xac\xc5\x17\xbd\x1f\x7b\x6c\xf1\xcf\xda\xb0\x35\xa7\x17\xe6\x38\
\x5f\x82\x1e\x40\x15\x21\x9c\x44\xfc\x66\x6a\x81\x22\x6b\xe3\xa0\
\x75\x72\x43\x5d\x5b\x8e\x16\x2c\x6e\x3e\xfb\xfb\x25\x97\xb7\x63\
\x13\xbe\x9f\xcc\x4e\xde\xdc\x9c\x63\xbf\xc7\xe9\xc8\xf5\xf5\x6c\
\xc4\xb7\xe3\xf2\xb4\x18\x74\x6f\xa1\x1a\x2f\x16\xf2\x1c\x48\x25\
\xb3\x43\x6d\x8a\xdc\x26\x19\x3f\xc9\xd9\x47\x67\xb0\xdf\x6e\xa5\
\xb3\xb8\x1f\x72\xf6\x6d\xbd\x77\x0e\xe3\xaf\x3b\x03\x53\x2b\x7c\
\x09\xaf\x6e\xfb\xb7\xed\xb3\x9e\xa2\x2f\x6b\xc1\xb1\x99\xfc\xf3\
\x26\x7e\x3f\x45\xca\x7d\x79\x56\x0d\x05\xd8\xd6\xd9\xa1\x0e\x47\
\x88\x56\x96\xe1\x5c\x4c\xf3\x3f\x00\x38\x03\x0f\x76\xea\xe0\x8c\
\x31\xbc\x8f\xbe\x74\x7b\x6b\xae\xf7\xa7\xfe\x98\x60\xf7\x3c\x7a\
\xca\xb7\x73\x39\x40\x9d\xac\x02\x2d\x02\xf7\x5e\xc0\x10\x63\xfc\
\xa5\xa9\x67\x92\x9d\x6e\x91\xe7\xff\xfa\xd2\x76\x5c\x89\xcf\xda\
\xb2\x21\x19\x63\xd9\x65\x02\x6d\xc4\x20\x98\xcb\xdf\x4a\x56\x13\
\xac\x27\x35\x8d\x08\xfd\xc0\x95\xe0\xd9\x11\xd2\x2f\x44\xdb\xc7\
\x3a\x52\x5e\xd3\xd4\xd2\x9f\xbf\x9c\xeb\x8b\x11\x6d\x36\x39\x1b\
\xcf\x22\x8e\x77\x48\xcf\xf1\xfc\x27\x8f\xf0\x40\xe9\x17\xf1\xc6\
\xf6\xc1\x4f\xdc\x77\xda\x9b\xfb\x6b\xcd\x36\x7b\xd6\x81\x6e\xfd\
\x6a\x56\x4e\x2c\x92\x8d\x2d\xdd\x90\xc1\x2c\xf3\xe4\x18\xf5\xff\
\xba\xbf\x53\x28\x54\x68\xeb\x85\xa5\x79\x76\x15\xd2\x3c\x57\xcd\
\x78\x80\x10\x49\x26\x96\x71\x70\x0c\xc8\x3c\xf9\x38\xb2\x33\x5d\
\x19\xe5\x1d\x41\xc5\x97\x75\xeb\xfe\x2e\xdb\xfe\x7d\x76\x0e\x97\
\x7a\x5f\x48\x30\x56\xf3\x04\x16\xcb\xce\xd4\xd3\x0e\x2e\xa2\xa0\
\x42\xa3\xf6\xc7\xd8\xf6\x3f\xf4\xdf\x54\xb9\xce\xeb\xe8\x1a\x4c\
\x59\xc3\x60\x49\xc3\xa2\x04\x59\x27\x8e\xdc\xd2\xc7\x25\xa0\xce\
\x42\x85\x8d\x7a\xe7\xc1\x6e\xdb\x31\x70\x3d\x4a\xb3\x00\xc6\xd7\
\x53\xf3\x5d\x2d\xfb\xad\x13\xe4\x39\xa4\xa7\x1c\x8c\xd5\x15\xaa\
\xd6\x4c\x1b\xb4\x77\xb4\xb4\x7b\x53\x9c\x2b\x87\x00\xf5\x68\x50\
\x82\xfb\x29\xe4\x25\x97\xb5\xe3\x5e\x7a\xad\xb4\xde\xa5\x95\xa7\
\xfe\xa3\x3b\xd4\xec\x7d\xf6\x27\x47\x12\x73\xbc\x57\x26\x8f\x6b\
\x84\x8a\x89\x9d\xae\xba\xef\x94\xee\xbb\x6b\x04\xbb\x76\x67\x3b\
\x0f\x7b\x68\x75\x9b\x06\x0e\xf8\x43\xd5\x79\xfe\xee\xcb\x2b\x74\
\x87\x9a\xdd\x5c\x43\xab\x55\x43\xdd\x9b\xcf\x2d\x66\x77\xa9\x6b\
\xc8\xeb\x3a\xf1\xd9\x38\xce\x2d\xa7\x75\x12\x77\x5a\x9f\x03\xd4\
\x33\x88\xb7\xb8\xf3\x61\xc7\x6f\x6c\x72\x08\x44\x6d\xb1\x07\xae\
\xad\xd5\x1d\x2a\xc2\x37\xea\x31\x69\xe7\x53\xf8\x6b\x0d\x36\xbc\
\xe9\xf0\xf3\xe1\x0d\x13\x14\x09\xb0\xfc\x1a\x94\xe8\x5e\x4b\x85\
\x33\xe3\xd8\x8d\x8d\xfc\xa6\xb5\x82\xbd\x08\x8f\xbd\xfa\xf3\xda\
\x79\xe9\x73\xdd\xa1\xf6\xf8\x26\xda\x76\xcc\xda\xd3\x0b\xf9\x6b\
\x4f\x2f\x6b\xcb\x3e\x3d\x3e\x8b\x3b\x59\xf2\xba\xce\xc3\xd7\x53\
\x59\xbb\x2f\xfb\x09\x6b\xa9\x3f\x8b\xe8\x53\x9d\x15\xfc\xa3\x7a\
\x43\x85\xfb\x50\x3d\x26\xe9\xf0\x74\xa9\x89\x6c\x6a\x9f\x2a\x75\
\xf4\xcf\x7e\xc3\x7a\x41\xdd\x72\x7e\x89\xed\x98\xf7\xf6\x8c\x94\
\x37\xfa\xc7\xf1\xd1\xff\x30\xa0\xa6\x07\x7c\x50\x5b\xda\x89\x9b\
\x6c\x7a\x5b\x57\xa8\xcf\xd0\x80\xa4\x86\xb4\xa1\x4a\x6b\xba\x4a\
\xb4\x53\xeb\x03\x6a\x06\xa0\xa6\xf8\xf7\xab\x2a\x75\xe6\x71\xf6\
\xcf\x34\xdd\xa0\xc2\xf9\xad\xee\xbf\xff\xea\x6a\xb9\x8b\x30\x86\
\xd4\x04\xd4\x0d\x3c\x87\x5f\xf6\xdc\x3f\x3a\x63\x8c\x2e\x50\x61\
\x61\x64\x6f\xa5\xaf\x6f\x1f\x24\x77\xee\x9f\x15\xab\xfa\x18\x50\
\x7b\x60\xbd\xbc\x6c\x8f\xce\xd5\x3b\xdb\x84\x43\xfd\xee\xf7\x35\
\xb6\x7d\x8f\xfe\xb1\x41\xbe\x97\x2a\x82\x2f\xcb\x1c\x00\xa8\xf5\
\x3d\xca\x5a\xa5\x5f\x40\x9b\xb4\xbe\x42\xa1\x6a\x1d\xd5\x75\xd7\
\xf7\x90\xef\x4f\xad\x12\x02\xa8\x2d\x2d\x4a\x89\x8c\x6b\xc1\x73\
\xe5\x7b\xfe\x11\x36\x76\x17\x6a\xb5\xb5\xaf\xe5\x9a\xa5\x0d\xdd\
\x37\x56\x7e\x48\x65\x71\x14\x80\xde\x23\x85\xab\x35\x4c\xbe\x08\
\x18\x56\x4b\xfe\x85\xe4\xe1\xb1\xb7\x27\x0c\x70\xea\x71\x15\x56\
\x77\xe1\x83\x92\x9a\x11\x28\x23\xbe\xef\xe4\xc8\x5f\xd4\x96\x86\
\xee\xd3\x2e\x5c\xda\x05\x68\x33\xef\x10\x53\x72\x06\x2a\xfc\x0b\
\xd8\x17\x99\x27\xc8\xad\xd2\xbe\x3f\x5c\x93\x03\x20\x32\xc3\xcf\
\x61\x34\xb5\x6b\x79\x40\x8d\xcb\x1e\xa2\x6e\x8e\xf8\x8a\x8c\x93\
\xaf\xfe\x75\x01\x6f\x5d\x08\x4b\x17\xd3\xcc\xd7\x31\x55\x74\xc5\
\x2a\xc8\xb8\xb2\x8a\x35\xdb\xdc\x2b\x47\xa4\x15\x0b\x2f\x70\x9e\
\xb9\x0e\x32\x61\x84\xf5\xa7\xd5\x79\x49\x91\xb6\xda\xea\x3b\x47\
\xac\x3a\x57\x91\x58\xaf\x19\x4c\xb4\x19\x2a\xd0\x00\x9a\x01\x01\
\x92\x33\x30\xbf\xb9\xb8\x9c\xf5\xdc\x31\xd4\x61\x86\xca\x42\x9d\
\xc3\xd6\x4a\x02\xf0\x19\x52\x69\x6d\xea\xcf\x54\x14\x8d\x91\x05\
\xd4\x51\xe6\x48\xed\xd4\xee\x7c\x8a\x39\x83\xe6\xee\x68\xdd\x98\
\x7a\xc2\x17\x3b\xed\xd0\x54\xee\x6a\xb4\xe7\xd1\xc7\x2f\x60\xde\
\xcf\x1f\x4b\xcb\x07\x50\x96\xb4\xcf\xcb\x2b\x41\x2d\x8a\xf4\x30\
\x34\x25\x4a\x77\xa0\xf1\x92\x06\x93\x45\x92\xb2\x0d\xed\xad\x06\
\xf4\x11\xed\x5c\x41\xbc\x48\x6b\x3f\xba\x3a\x3a\xd7\x73\xd1\xee\
\x4c\x3e\x3e\x2b\xc7\xf9\xe7\x53\x0b\x16\x5d\x8b\x45\xa9\xea\xf6\
\xd8\xd2\x4c\x23\x51\x80\x4b\xd4\x09\xbb\x7c\x35\xd0\x6d\xa0\xf8\
\x29\x6f\x39\x97\xe5\x75\x5a\x7c\x7c\xb6\x10\xb0\x8d\x36\xf6\x14\
\x37\xea\x67\x55\x0e\x8a\xb3\x97\x9e\x0e\x1b\xeb\x6c\x70\x52\x53\
\x21\x27\x84\x61\xae\x4e\x47\xb5\x59\x7e\xce\x0a\x31\x25\x11\x39\
\xff\xf3\x95\x3e\xf6\xc4\xcd\x4d\xac\xdc\x4a\x31\xa6\x16\x96\xe8\
\x2b\x2b\x54\x1c\xd6\xb8\x8a\x11\x69\xb3\x86\xad\x78\x85\x87\x32\
\x5c\xb6\x69\x09\x00\x60\x02\xc8\x65\x37\x57\xa7\x20\xd7\x1f\xe6\
\x96\xe0\x4c\xbf\x24\x67\x96\xfc\x20\x77\xfd\x82\xcc\x68\x40\x7e\
\x5c\x47\xa5\xb4\xd2\xab\xda\x44\x5f\x7b\xdb\x40\x14\xc2\xfa\x3f\
\x54\x3b\x1e\xa9\xa8\x30\xa6\x94\x19\x75\x7a\xfb\x07\x2a\x3a\x9a\
\xa1\x70\x97\x29\xd7\xa6\x0e\x7a\x11\x40\x4f\x2a\x7e\x93\x27\x2e\
\x31\xf7\x28\x64\x7e\x0b\xd3\xac\xa2\xbe\x79\x6f\x87\xf1\x50\x53\
\x90\x32\xc9\x5d\x7c\x11\xae\x2e\x4f\x8f\x85\xe3\xf5\x49\xd3\xcd\
\x45\x0a\x31\x27\x75\xd5\xe0\x85\x5b\xe9\x86\x43\xf5\x69\xcd\x2b\
\xad\xcd\x76\xa7\x88\xc2\xdf\x49\x5b\xfd\x7b\x1b\xdb\x0d\xc0\xde\
\x85\xad\x89\xe4\x36\x43\x7f\xf6\xef\x57\x57\xdd\x7b\xbe\xee\x96\
\xfb\xa8\x49\xba\x8e\xca\x62\x85\xba\x86\x4a\x56\x46\x5f\x26\xa9\
\x89\xa8\xe2\x34\x9d\xbc\x6a\x15\x67\x41\xd3\x1a\x17\x4a\xa0\x28\
\xb0\x88\x38\x9e\x52\x50\x5c\xe8\x16\x8d\x7a\x2a\x21\x0b\x23\x0b\
\x1d\x54\xa5\x2e\xd5\x44\xbd\x0a\x7e\x4d\xe3\x60\x93\x5b\x15\x36\
\xa0\xf3\xf4\x2e\x4d\x97\xc8\xc1\x2e\x68\x59\xb0\x81\xa6\xd8\x42\
\xce\xba\x03\x55\xb7\x04\x80\x75\x37\x05\xd3\xb4\x7d\xe8\xdc\x08\
\xb5\x85\xce\x56\x2c\x20\x69\x1b\x8a\xb2\x64\x1a\x5d\x15\x5d\x78\
\x92\x59\x4c\x7d\x75\xa9\xf9\x24\xa3\x0a\xd3\x76\x86\x53\xc1\xff\
\x9d\x2a\x05\xa3\xd2\x6f\xdf\xaa\x00\xfa\x07\xa9\xa7\xd1\x25\x94\
\x5f\xc4\x8a\x0c\xb8\x0b\x8d\x9e\xd2\xba\xac\x4f\x5b\xa9\x45\x66\
\xf0\x04\x8b\xba\x66\x29\xf6\x0d\x77\x61\x2c\x96\xb7\x17\x1d\x58\
\x3d\x7f\x55\x4f\x8f\xae\xc1\xf0\xa4\x0c\xc5\x2f\x1a\x6a\x31\xe1\
\x86\x87\xcc\x1c\x40\x09\x26\xb3\x57\x52\x47\x7e\xbe\x52\x54\xe6\
\xa8\x52\xb0\xdc\xd4\x9b\xbf\x52\xc0\xf5\x12\xb2\x36\x82\xa6\x9b\
\x0b\x2e\x2c\x16\xbf\x6e\x15\x54\x07\xf3\x18\x47\xe5\x8f\xcc\xb6\
\x21\xf1\x2d\x16\x7e\x47\xf4\x57\xb2\x1e\x42\xf3\xd8\x51\x7d\x52\
\x03\x35\x35\x07\xcf\xb5\xfa\x88\x54\xc6\x92\x8f\xb7\xe2\x96\xac\
\x07\x77\xed\xf3\xaa\x59\x9c\xa1\x16\x2b\x9e\x5f\x22\x6b\x61\x83\
\x7f\xaf\xca\xcc\xab\x76\x09\x75\x10\xc2\x97\xfc\xac\xa5\x00\x6d\
\xbe\x4a\x99\xa1\x59\xa4\x63\xa8\x39\xe2\xdb\xa5\x3c\x0b\x1c\x53\
\x97\x66\x67\x62\xfc\x09\x28\xc3\x89\x0a\x11\xc8\xb4\x51\x72\x9b\
\xb0\x52\x64\x3e\xa9\x0b\x29\xd0\x52\xc0\xb7\xd2\x4a\x46\xcc\x14\
\xd2\x0e\x3c\x84\xc1\xb3\x72\x08\x9f\xc5\xa0\xbf\x43\xb8\x02\x70\
\xb0\xd6\x13\x9e\x31\x84\xcc\x31\xb0\xe0\x2f\xfa\x68\xac\x02\x09\
\x1c\x57\x8f\x8f\xdc\x7e\xdd\x2b\xf2\xe9\xa4\x32\x82\xdf\x22\xed\
\x56\xea\xf3\x23\x59\x2c\xcc\x52\x48\xb7\x00\xe5\xe6\x5b\x90\xfa\
\x2b\xfd\xdd\x3a\x05\x0e\x16\xcf\x9e\x40\x2e\x82\xb2\x92\xee\xac\
\x12\x1b\xc2\xb2\x9a\x3d\xca\x32\xf0\x24\x25\x25\x3c\x52\x29\xb5\
\x61\x78\x8b\xfc\x1f\x70\xd6\xf0\xcb\x65\x90\x67\x0e\x00\x00\x00\
\x00\x49\x45\x4e\x44\xae\x42\x60\x82\
"

qt_resource_name = b"\
\x00\x05\
\x00\x6f\xa6\x53\
\x00\x69\
\x00\x63\x00\x6f\x00\x6e\x00\x73\
\x00\x0a\
\x0f\xd6\x41\xde\
\x00\x6e\
\x00\x61\x00\x76\x00\x69\x00\x67\x00\x61\x00\x74\x00\x69\x00\x6f\x00\x6e\
\x00\x0e\
\x06\x0c\x0a\x07\
\x00\x61\
\x00\x72\x00\x72\x00\x6f\x00\x77\x00\x2d\x00\x64\x00\x6f\x00\x77\x00\x6e\x00\x2e\x00\x70\x00\x6e\x00\x67\
\x00\x0c\
\x09\xd0\x7a\x07\
\x00\x61\
\x00\x72\x00\x72\x00\x6f\x00\x77\x00\x2d\x00\x75\x00\x70\x00\x2e\x00\x70\x00\x6e\x00\x67\
\x00\x0f\
\x0f\x22\x64\xc7\
\x00\x61\
\x00\x72\x00\x72\x00\x6f\x00\x77\x00\x2d\x00\x72\x00\x69\x00\x67\x00\x68\x00\x74\x00\x2e\x00\x70\x00\x6e\x00\x67\
\x00\x0e\
\x08\xfa\x35\x27\
\x00\x61\
\x00\x72\x00\x72\x00\x6f\x00\x77\x00\x2d\x00\x6c\x00\x65\x00\x66\x00\x74\x00\x2e\x00\x70\x00\x6e\x00\x67\
\x00\x07\
\x09\xcb\xb6\x93\
\x00\x62\
\x00\x75\x00\x74\x00\x74\x00\x6f\x00\x6e\x00\x73\
\x00\x09\
\x06\x18\x88\x07\
\x00\x69\
\x00\x63\x00\x6f\x00\x6e\x00\x35\x00\x2e\x00\x70\x00\x6e\x00\x67\
\x00\x09\
\x06\x1c\x88\x07\
\x00\x69\
\x00\x63\x00\x6f\x00\x6e\x00\x39\x00\x2e\x00\x70\x00\x6e\x00\x67\
\x00\x0a\
\x01\x51\xa3\x87\
\x00\x69\
\x00\x63\x00\x6f\x00\x6e\x00\x31\x00\x31\x00\x2e\x00\x70\x00\x6e\x00\x67\
\x00\x09\
\x06\x13\x88\x07\
\x00\x69\
\x00\x63\x00\x6f\x00\x6e\x00\x30\x00\x2e\x00\x70\x00\x6e\x00\x67\
\x00\x09\
\x06\x17\x88\x07\
\x00\x69\
\x00\x63\x00\x6f\x00\x6e\x00\x34\x00\x2e\x00\x70\x00\x6e\x00\x67\
\x00\x09\
\x06\x1b\x88\x07\
\x00\x69\
\x00\x63\x00\x6f\x00\x6e\x00\x38\x00\x2e\x00\x70\x00\x6e\x00\x67\
\x00\x0a\
\x01\x4e\xa3\x87\
\x00\x69\
\x00\x63\x00\x6f\x00\x6e\x00\x31\x00\x30\x00\x2e\x00\x70\x00\x6e\x00\x67\
"

qt_resource_struct_v1 = b"\
\x00\x00\x00\x00\x00\x02\x00\x00\x00\x02\x00\x00\x00\x01\
\x00\x00\x00\x00\x00\x02\x00\x00\x00\x01\x00\x00\x00\x07\
\x00\x00\x00\x10\x00\x02\x00\x00\x00\x04\x00\x00\x00\x03\
\x00\x00\x00\x2a\x00\x00\x00\x00\x00\x01\x00\x00\x00\x00\
\x00\x00\x00\x8e\x00\x00\x00\x00\x00\x01\x00\x00\x20\x5c\
\x00\x00\x00\x4c\x00\x00\x00\x00\x00\x01\x00\x00\x0a\xe2\
\x00\x00\x00\x6a\x00\x00\x00\x00\x00\x01\x00\x00\x15\xc2\
\x00\x00\x00\xb0\x00\x02\x00\x00\x00\x07\x00\x00\x00\x08\
\x00\x00\x01\x56\x00\x00\x00\x00\x00\x01\x00\x00\xb7\xe5\
\x00\x00\x00\xf4\x00\x00\x00\x00\x00\x01\x00\x00\x64\xc8\
\x00\x00\x01\x0e\x00\x00\x00\x00\x00\x01\x00\x00\x79\x00\
\x00\x00\x01\x26\x00\x00\x00\x00\x00\x01\x00\x00\x93\xa0\
\x00\x00\x00\xc4\x00\x00\x00\x00\x00\x01\x00\x00\x2b\x0b\
\x00\x00\x01\x3e\x00\x00\x00\x00\x00\x01\x00\x00\xa5\xf8\
\x00\x00\x00\xdc\x00\x00\x00\x00\x00\x01\x00\x00\x48\x94\
"

qt_resource_struct_v2 = b"\
\x00\x00\x00\x00\x00\x02\x00\x00\x00\x02\x00\x00\x00\x01\
\x00\x00\x00\x00\x00\x00\x00\x00\
\x00\x00\x00\x00\x00\x02\x00\x00\x00\x01\x00\x00\x00\x07\
\x00\x00\x00\x00\x00\x00\x00\x00\
\x00\x00\x00\x10\x00\x02\x00\x00\x00\x04\x00\x00\x00\x03\
\x00\x00\x00\x00\x00\x00\x00\x00\
\x00\x00\x00\x2a\x00\x00\x00\x00\x00\x01\x00\x00\x00\x00\
\x00\x00\x01\x78\x78\xba\x0f\xea\
\x00\x00\x00\x8e\x00\x00\x00\x00\x00\x01\x00\x00\x20\x5c\
\x00\x00\x01\x78\x78\xba\x0f\xea\
\x00\x00\x00\x4c\x00\x00\x00\x00\x00\x01\x00\x00\x0a\xe2\
\x00\x00\x01\x78\x78\xba\x0f\xea\
\x00\x00\x00\x6a\x00\x00\x00\x00\x00\x01\x00\x00\x15\xc2\
\x00\x00\x01\x78\x78\xba\x0f\xea\
\x00\x00\x00\xb0\x00\x02\x00\x00\x00\x07\x00\x00\x00\x08\
\x00\x00\x00\x00\x00\x00\x00\x00\
\x00\x00\x01\x56\x00\x00\x00\x00\x00\x01\x00\x00\xb7\xe5\
\x00\x00\x01\x78\x78\xba\x0f\xea\
\x00\x00\x00\xf4\x00\x00\x00\x00\x00\x01\x00\x00\x64\xc8\
\x00\x00\x01\x78\x78\xba\x0f\xea\
\x00\x00\x01\x0e\x00\x00\x00\x00\x00\x01\x00\x00\x79\x00\
\x00\x00\x01\x78\x78\xba\x0f\xea\
\x00\x00\x01\x26\x00\x00\x00\x00\x00\x01\x00\x00\x93\xa0\
\x00\x00\x01\x78\x78\xba\x0f\xea\
\x00\x00\x00\xc4\x00\x00\x00\x00\x00\x01\x00\x00\x2b\x0b\
\x00\x00\x01\x78\x78\xba\x0f\xea\
\x00\x00\x01\x3e\x00\x00\x00\x00\x00\x01\x00\x00\xa5\xf8\
\x00\x00\x01\x78\x78\xba\x0f\xee\
\x00\x00\x00\xdc\x00\x00\x00\x00\x00\x01\x00\x00\x48\x94\
\x00\x00\x01\x78\x78\xba\x0f\xee\
"

qt_version = QtCore.qVersion().split('.')
if qt_version < ['5', '8', '0']:
    rcc_version = 1
    qt_resource_struct = qt_resource_struct_v1
else:
    rcc_version = 2
    qt_resource_struct = qt_resource_struct_v2


def qInitResources():
    QtCore.qRegisterResourceData(rcc_version, qt_resource_struct, qt_resource_name, qt_resource_data)


def qCleanupResources():
    QtCore.qUnregisterResourceData(rcc_version, qt_resource_struct, qt_resource_name, qt_resource_data)


qInitResources()
